order_item_id,order_id,product_id,quantity,discount
1,50001,2094,1,20
2,50002,2001,1,10
3,50003,2082,3,5
4,50003,2050,1,0
5,50004,2052,1,10
6,50004,2032,2,20
7,50005,2040,1,25
8,50005,2044,1,0
9,50006,2032,1,5
10,50006,2002,2,5
11,50007,2041,2,5
12,50007,2041,1,10
13,50008,2073,1,10
14,50008,2048,1,20
15,50008,2055,1,0
16,50008,2047,1,5
17,50009,2043,1,10
18,50010,2072,1,15
19,50010,2068,1,15
20,50010,2100,2,20
21,50011,2050,1,10
22,50011,2003,1,0
23,50012,2059,3,15
24,50013,2040,2,25
25,50013,2010,3,5
26,50013,2086,1,0
27,50014,2064,1,0
28,50014,2063,1,10
29,50014,2064,3,10
30,50015,2099,2,0
31,50015,2069,2,0
32,50016,2072,1,10
33,50017,2076,1,10
34,50018,2073,1,0
35,50018,2071,1,10
36,50019,2008,1,0
37,50020,2041,1,0
38,50021,2028,2,5
39,50022,2090,1,5
40,50023,2059,2,0
41,50023,2052,1,0
42,50024,2053,1,0
43,50024,2069,1,15
44,50025,2077,1,15
45,50026,2021,1,0
46,50026,2100,1,10
47,50027,2077,1,0
48,50028,2021,1,20
49,50029,2061,1,5
50,50029,2043,2,0
51,50030,2038,1,10
52,50030,2087,1,0
53,50031,2029,1,0
54,50032,2084,1,5
55,50032,2064,1,10
56,50033,2082,2,0
57,50034,2075,1,5
58,50034,2063,1,20
59,50035,2020,1,5
60,50036,2100,1,0
61,50036,2065,2,10
62,50037,2036,1,0
63,50037,2026,1,15
64,50038,2012,2,0
65,50039,2032,1,0
66,50039,2014,1,15
67,50040,2089,1,20
68,50040,2044,2,15
69,50041,2063,1,0
70,50042,2081,1,10
71,50042,2097,1,25
72,50043,2046,1,10
73,50043,2006,1,20
74,50044,2062,1,10
75,50045,2095,1,20
76,50045,2036,1,0
77,50045,2011,1,20
78,50046,2072,2,20
79,50047,2063,1,15
80,50047,2016,2,20
81,50048,2001,1,15
82,50048,2053,1,10
83,50048,2015,1,10
84,50049,2019,1,15
85,50049,2031,1,15
86,50049,2047,1,10
87,50049,2082,2,10
88,50050,2044,1,20
89,50050,2084,1,0
90,50051,2061,1,15
91,50051,2040,2,10
92,50052,2051,1,20
93,50053,2015,1,0
94,50054,2098,2,10
95,50054,2031,1,0
96,50054,2091,1,10
97,50055,2065,1,15
98,50056,2030,1,10
99,50056,2049,2,10
100,50056,2013,1,5
101,50057,2062,2,10
102,50058,2007,1,20
103,50059,2064,2,15
104,50060,2020,2,0
105,50060,2013,3,10
106,50061,2023,2,15
107,50062,2009,1,10
108,50063,2089,1,10
109,50063,2094,1,20
110,50063,2093,1,20
111,50063,2072,1,0
112,50064,2024,1,10
113,50064,2076,1,10
114,50065,2076,1,20
115,50065,2024,1,5
116,50066,2084,1,0
117,50067,2100,2,10
118,50068,2038,1,10
119,50068,2059,1,5
120,50069,2088,1,20
121,50070,2027,1,5
122,50071,2099,1,0
123,50071,2031,1,0
124,50071,2097,2,0
125,50072,2024,2,0
126,50073,2075,1,5
127,50073,2053,1,0
128,50073,2038,1,10
129,50074,2044,1,5
130,50075,2023,3,10
131,50076,2068,1,25
132,50077,2100,1,25
133,50077,2059,3,5
134,50077,2028,1,5
135,50078,2067,3,15
136,50078,2044,1,5
137,50079,2093,1,15
138,50079,2027,1,10
139,50080,2052,2,0
140,50081,2050,2,5
141,50081,2089,1,20
142,50081,2012,2,10
143,50082,2062,1,15
144,50082,2081,1,15
145,50083,2037,1,10
146,50083,2051,1,5
147,50084,2030,1,10
148,50084,2042,1,0
149,50085,2096,1,10
150,50085,2037,1,0
151,50086,2021,1,20
152,50086,2058,1,15
153,50087,2047,2,0
154,50088,2078,1,15
155,50088,2004,2,15
156,50088,2091,1,15
157,50089,2071,1,5
158,50090,2085,1,10
159,50090,2041,1,10
160,50090,2045,1,5
161,50090,2034,1,10
162,50091,2084,1,0
163,50092,2008,1,20
164,50093,2053,2,25
165,50094,2026,1,5
166,50094,2064,1,5
167,50095,2097,1,0
168,50096,2068,1,20
169,50096,2005,3,0
170,50096,2040,1,15
171,50097,2004,1,20
172,50097,2049,1,5
173,50098,2018,3,15
174,50099,2070,1,10
175,50099,2054,2,5
176,50100,2031,2,20
177,50100,2086,1,10
178,50101,2075,2,0
179,50101,2063,1,10
180,50101,2036,1,10
181,50102,2028,1,10
182,50103,2059,1,5
183,50103,2080,1,10
184,50103,2084,2,5
185,50104,2078,1,10
186,50105,2003,2,0
187,50105,2099,1,10
188,50106,2025,1,15
189,50106,2002,1,0
190,50107,2057,2,0
191,50108,2046,1,15
192,50109,2011,1,5
193,50109,2022,1,5
194,50110,2021,2,10
195,50111,2044,1,10
196,50112,2075,1,0
197,50113,2069,1,15
198,50113,2003,2,0
199,50114,2018,2,15
200,50115,2062,2,15
201,50115,2081,1,0
202,50116,2004,1,15
203,50116,2034,1,10
204,50116,2012,1,25
205,50116,2049,3,15
206,50117,2040,1,5
207,50117,2018,1,10
208,50118,2097,1,10
209,50118,2077,1,15
210,50119,2055,1,10
211,50119,2077,1,15
212,50120,2032,1,5
213,50121,2094,3,25
214,50122,2042,2,5
215,50123,2039,3,0
216,50124,2057,1,0
217,50125,2058,3,20
218,50125,2062,1,15
219,50126,2084,1,10
220,50127,2027,1,20
221,50128,2071,1,0
222,50128,2020,2,0
223,50128,2025,1,0
224,50129,2050,1,10
225,50130,2053,1,10
226,50130,2065,1,0
227,50131,2014,2,0
228,50132,2082,1,5
229,50132,2056,1,0
230,50133,2060,2,10
231,50134,2075,2,10
232,50135,2070,1,0
233,50135,2043,1,0
234,50135,2049,3,10
235,50136,2024,1,15
236,50137,2057,1,10
237,50138,2021,1,10
238,50139,2064,1,25
239,50139,2042,3,15
240,50140,2024,3,5
241,50141,2048,1,20
242,50141,2094,1,10
243,50142,2057,2,10
244,50142,2035,1,15
245,50143,2046,1,5
246,50143,2061,3,20
247,50144,2016,1,0
248,50144,2057,1,5
249,50144,2004,2,0
250,50145,2086,1,15
251,50146,2061,1,5
252,50146,2012,1,5
253,50146,2047,1,20
254,50147,2089,1,0
255,50148,2097,2,0
256,50149,2014,2,10
257,50149,2028,1,10
258,50150,2015,1,0
259,50150,2037,1,5
260,50151,2087,1,0
261,50152,2071,1,5
262,50152,2026,1,15
263,50152,2033,2,5
264,50152,2062,2,10
265,50153,2060,1,5
266,50153,2047,2,25
267,50153,2043,1,15
268,50154,2094,1,5
269,50155,2051,1,15
270,50155,2079,2,5
271,50156,2096,1,0
272,50156,2034,1,10
273,50157,2078,1,10
274,50157,2082,1,5
275,50157,2022,1,5
276,50158,2023,1,15
277,50158,2017,2,20
278,50159,2062,1,20
279,50160,2077,1,10
280,50160,2076,1,10
281,50161,2039,2,10
282,50162,2071,1,5
283,50162,2003,2,15
284,50163,2066,1,0
285,50163,2048,1,20
286,50164,2083,2,5
287,50164,2097,1,0
288,50165,2056,1,5
289,50166,2063,1,15
290,50166,2093,2,5
291,50167,2035,1,10
292,50167,2015,1,5
293,50168,2051,1,10
294,50169,2036,1,10
295,50170,2064,1,25
296,50171,2079,1,5
297,50171,2051,1,5
298,50171,2031,2,0
299,50172,2057,1,10
300,50173,2045,1,20
301,50173,2019,1,0
302,50174,2078,1,25
303,50174,2034,1,0
304,50175,2054,2,15
305,50175,2091,1,15
306,50175,2019,2,20
307,50176,2043,1,10
308,50176,2018,1,15
309,50177,2044,1,0
310,50178,2031,1,5
311,50179,2092,3,15
312,50180,2031,2,0
313,50180,2062,1,15
314,50180,2014,1,5
315,50181,2046,2,5
316,50181,2084,1,10
317,50182,2068,2,0
318,50182,2029,1,10
319,50183,2098,1,20
320,50183,2081,1,0
321,50184,2041,1,5
322,50184,2098,1,0
323,50184,2019,1,10
324,50185,2034,2,15
325,50185,2094,1,20
326,50185,2098,1,5
327,50185,2083,1,0
328,50186,2020,1,0
329,50186,2022,1,5
330,50187,2065,1,10
331,50188,2006,2,20
332,50189,2100,2,0
333,50189,2095,2,15
334,50190,2081,1,10
335,50190,2097,1,20
336,50191,2023,1,20
337,50191,2089,2,20
338,50192,2026,1,5
339,50193,2013,2,5
340,50193,2027,3,0
341,50194,2078,1,0
342,50195,2095,1,10
343,50196,2062,1,25
344,50196,2025,1,10
345,50196,2061,1,5
346,50197,2051,1,0
347,50197,2052,2,10
348,50198,2035,1,0
349,50199,2014,1,0
350,50200,2037,1,0
351,50200,2090,2,20
352,50201,2041,1,5
353,50202,2003,2,20
354,50203,2035,1,10
355,50203,2047,2,15
356,50204,2060,2,15
357,50204,2065,2,20
358,50205,2043,2,0
359,50206,2015,1,0
360,50206,2045,1,0
361,50207,2001,2,10
362,50207,2051,1,0
363,50208,2045,1,10
364,50209,2036,1,5
365,50210,2067,1,25
366,50211,2076,1,15
367,50212,2027,1,15
368,50212,2051,1,15
369,50212,2051,1,0
370,50213,2051,2,0
371,50214,2041,1,10
372,50214,2021,2,20
373,50214,2018,3,0
374,50214,2004,1,5
375,50215,2006,1,15
376,50216,2081,1,5
377,50216,2007,2,20
378,50217,2086,1,20
379,50217,2090,1,0
380,50218,2025,1,10
381,50218,2045,1,0
382,50219,2037,1,10
383,50219,2040,1,20
384,50219,2036,2,0
385,50220,2035,1,20
386,50220,2069,1,25
387,50221,2042,1,10
388,50221,2019,1,5
389,50222,2038,1,5
390,50222,2098,1,10
391,50222,2099,3,0
392,50223,2007,1,0
393,50223,2058,1,0
394,50223,2098,2,10
395,50224,2020,1,0
396,50224,2007,1,5
397,50224,2022,1,10
398,50224,2032,2,0
399,50225,2094,1,5
400,50226,2026,1,0
401,50227,2034,1,0
402,50228,2026,2,0
403,50228,2040,2,0
404,50229,2100,1,10
405,50230,2009,1,0
406,50231,2046,1,5
407,50231,2062,1,15
408,50232,2012,1,10
409,50233,2005,1,5
410,50233,2099,1,20
411,50234,2027,2,15
412,50235,2025,1,10
413,50235,2035,1,10
414,50235,2008,1,0
415,50236,2015,1,5
416,50237,2003,1,10
417,50237,2054,1,25
418,50238,2047,1,25
419,50238,2028,1,0
420,50239,2092,3,25
421,50240,2031,1,15
422,50241,2002,1,15
423,50241,2010,1,20
424,50241,2073,1,5
425,50242,2054,2,5
426,50242,2027,1,20
427,50243,2025,1,0
428,50244,2022,1,15
429,50244,2043,1,15
430,50245,2071,1,20
431,50246,2064,2,0
432,50246,2075,1,10
433,50247,2005,1,0
434,50248,2056,1,20
435,50248,2077,2,10
436,50249,2021,1,10
437,50250,2059,1,20
438,50251,2001,1,10
439,50252,2091,1,10
440,50253,2074,1,10
441,50253,2063,1,10
442,50254,2060,1,15
443,50254,2067,3,15
444,50255,2043,1,0
445,50256,2097,2,5
446,50257,2022,1,10
447,50257,2082,1,0
448,50258,2077,2,15
449,50258,2084,1,10
450,50259,2008,1,0
451,50259,2045,2,10
452,50259,2065,1,5
453,50260,2062,2,15
454,50261,2069,1,0
455,50262,2064,1,0
456,50263,2023,1,0
457,50263,2083,1,10
458,50264,2049,1,15
459,50264,2098,2,10
460,50265,2053,2,0
461,50266,2054,1,10
462,50267,2060,1,10
463,50267,2088,1,15
464,50268,2091,1,5
465,50269,2059,1,15
466,50269,2055,1,10
467,50270,2006,1,10
468,50271,2007,2,5
469,50272,2074,2,0
470,50273,2035,1,0
471,50273,2044,1,20
472,50273,2063,1,10
473,50273,2023,1,10
474,50274,2034,1,10
475,50275,2005,1,0
476,50276,2077,2,5
477,50276,2051,1,10
478,50276,2019,1,0
479,50277,2060,1,20
480,50278,2015,1,0
481,50279,2079,1,10
482,50280,2024,1,5
483,50280,2028,1,20
484,50281,2088,1,15
485,50282,2075,1,5
486,50282,2069,1,10
487,50282,2061,2,25
488,50283,2053,2,10
489,50283,2020,1,0
490,50284,2031,2,15
491,50284,2097,1,5
492,50285,2092,1,5
493,50286,2073,1,20
494,50286,2089,1,25
495,50287,2081,1,0
496,50287,2040,3,5
497,50287,2072,1,5
498,50288,2076,1,20
499,50288,2014,1,20
500,50288,2092,2,20
501,50289,2050,1,0
502,50290,2032,2,0
503,50290,2048,1,10
504,50291,2033,2,0
505,50291,2034,1,0
506,50292,2055,1,5
507,50292,2100,1,15
508,50292,2041,1,10
509,50293,2022,1,15
510,50294,2077,1,0
511,50294,2030,1,15
512,50295,2054,1,10
513,50295,2026,1,5
514,50296,2022,1,10
515,50296,2026,2,15
516,50296,2036,3,0
517,50297,2096,1,15
518,50297,2068,1,10
519,50298,2070,3,10
520,50298,2006,3,20
521,50298,2002,2,15
522,50299,2035,1,10
523,50300,2089,1,5
524,50301,2002,2,10
525,50302,2077,1,20
526,50302,2083,1,25
527,50302,2028,3,15
528,50303,2012,2,15
529,50304,2016,1,15
530,50304,2008,1,15
531,50305,2085,2,0
532,50305,2079,1,5
533,50305,2068,1,10
534,50305,2009,1,10
535,50306,2096,1,10
536,50306,2069,2,25
537,50306,2083,3,20
538,50307,2038,1,15
539,50307,2020,1,20
540,50308,2083,1,15
541,50308,2006,1,10
542,50309,2019,2,5
543,50310,2016,1,20
544,50310,2009,3,5
545,50311,2056,2,15
546,50311,2023,1,0
547,50312,2097,1,10
548,50312,2094,3,5
549,50313,2017,1,15
550,50314,2083,2,20
551,50315,2004,1,0
552,50315,2029,1,0
553,50316,2066,1,20
554,50316,2021,1,0
555,50317,2008,1,15
556,50317,2016,1,15
557,50317,2066,1,15
558,50318,2023,1,0
559,50318,2025,1,15
560,50319,2021,2,25
561,50319,2089,2,5
562,50319,2089,1,15
563,50320,2081,3,5
564,50320,2002,1,25
565,50321,2026,1,0
566,50321,2089,1,5
567,50322,2056,2,0
568,50322,2005,1,25
569,50323,2025,2,10
570,50324,2083,1,0
571,50325,2088,1,0
572,50325,2043,1,20
573,50325,2016,1,0
574,50326,2008,1,10
575,50327,2023,2,10
576,50327,2080,1,15
577,50328,2083,1,15
578,50329,2026,1,20
579,50329,2098,1,0
580,50330,2088,2,10
581,50331,2099,1,0
582,50331,2076,1,5
583,50332,2058,1,10
584,50332,2099,1,10
585,50333,2069,1,20
586,50334,2084,1,20
587,50334,2041,1,5
588,50335,2025,1,15
589,50335,2058,1,15
590,50335,2041,1,25
591,50336,2036,1,0
592,50336,2070,1,10
593,50337,2062,1,5
594,50337,2032,1,5
595,50337,2025,1,10
596,50337,2055,1,5
597,50338,2033,2,0
598,50338,2024,1,15
599,50339,2023,1,0
600,50339,2067,1,5
601,50340,2042,1,10
602,50340,2035,2,10
603,50341,2012,1,10
604,50341,2006,1,25
605,50341,2070,1,5
606,50342,2097,1,0
607,50342,2033,1,0
608,50343,2085,1,10
609,50344,2061,1,5
610,50344,2031,1,20
611,50344,2057,1,10
612,50345,2013,1,10
613,50345,2034,1,20
614,50345,2074,1,15
615,50346,2086,2,15
616,50347,2023,1,10
617,50348,2092,1,0
618,50348,2061,1,10
619,50349,2023,1,0
620,50349,2078,1,10
621,50350,2089,1,20
622,50351,2028,1,10
623,50351,2011,1,0
624,50352,2029,1,0
625,50352,2076,1,20
626,50353,2007,1,0
627,50354,2029,1,10
628,50354,2032,2,15
629,50355,2002,1,5
630,50356,2060,1,15
631,50356,2081,2,0
632,50357,2016,1,15
633,50358,2089,1,0
634,50358,2096,1,5
635,50358,2088,1,5
636,50359,2073,1,20
637,50360,2045,1,10
638,50360,2021,1,20
639,50360,2092,1,10
640,50360,2054,1,15
641,50361,2046,1,10
642,50361,2040,1,10
643,50362,2022,1,10
644,50363,2039,1,5
645,50363,2080,2,20
646,50363,2056,2,20
647,50363,2040,1,0
648,50364,2011,1,20
649,50364,2042,1,0
650,50365,2022,1,15
651,50365,2040,1,15
652,50366,2015,1,0
653,50366,2095,2,0
654,50366,2018,1,15
655,50367,2013,1,10
656,50367,2066,1,10
657,50367,2035,1,15
658,50368,2100,1,5
659,50368,2041,1,0
660,50369,2066,2,25
661,50369,2084,1,15
662,50369,2099,2,10
663,50369,2081,1,5
664,50370,2058,1,25
665,50371,2082,2,0
666,50372,2029,1,0
667,50373,2088,2,5
668,50374,2088,3,15
669,50374,2039,1,0
670,50375,2007,1,5
671,50376,2069,1,10
672,50376,2011,1,10
673,50377,2002,2,0
674,50378,2095,1,10
675,50379,2057,1,5
676,50379,2066,1,5
677,50380,2089,1,0
678,50381,2093,2,25
679,50381,2096,1,15
680,50382,2014,1,0
681,50382,2033,1,5
682,50383,2077,1,0
683,50383,2003,1,10
684,50384,2024,1,15
685,50384,2052,1,0
686,50384,2035,2,20
687,50385,2018,1,5
688,50385,2090,1,0
689,50385,2045,1,0
690,50385,2042,1,0
691,50386,2066,1,20
692,50387,2068,1,10
693,50387,2050,1,15
694,50388,2089,2,0
695,50389,2030,1,5
696,50390,2088,2,5
697,50390,2087,2,10
698,50391,2001,2,0
699,50391,2076,1,0
700,50392,2016,1,25
701,50392,2049,2,10
702,50392,2092,2,0
703,50393,2020,2,15
704,50393,2057,3,5
705,50394,2078,1,15
706,50394,2049,1,20
707,50395,2008,2,0
708,50395,2007,1,25
709,50396,2052,2,0
710,50397,2003,2,5
711,50398,2002,1,10
712,50398,2096,1,15
713,50399,2054,1,0
714,50399,2048,2,0
715,50400,2011,1,5
716,50401,2079,1,5
717,50402,2052,1,5
718,50403,2023,2,0
719,50403,2076,1,25
720,50404,2024,1,15
721,50405,2051,1,25
722,50406,2057,1,0
723,50407,2028,2,0
724,50408,2088,1,10
725,50408,2071,1,10
726,50409,2029,1,10
727,50409,2016,1,0
728,50409,2033,1,20
729,50410,2047,2,10
730,50411,2056,1,5
731,50411,2041,1,10
732,50412,2005,1,0
733,50412,2068,2,0
734,50413,2038,1,25
735,50413,2034,1,10
736,50414,2056,1,0
737,50415,2084,3,5
738,50416,2001,1,0
739,50416,2097,1,20
740,50416,2064,1,15
741,50417,2055,1,10
742,50417,2006,3,25
743,50417,2072,1,5
744,50417,2072,1,20
745,50418,2057,2,10
746,50419,2081,1,20
747,50419,2084,1,20
748,50420,2084,1,10
749,50421,2033,1,0
750,50422,2068,3,0
751,50423,2006,2,5
752,50423,2057,1,0
753,50424,2015,2,5
754,50425,2031,1,10
755,50426,2068,1,0
756,50427,2043,1,20
757,50428,2087,2,0
758,50429,2009,1,0
759,50429,2098,1,0
760,50430,2071,1,25
761,50430,2044,1,5
762,50431,2003,1,0
763,50432,2005,1,0
764,50433,2042,2,5
765,50433,2058,3,25
766,50434,2051,1,10
767,50435,2030,2,5
768,50436,2066,2,5
769,50436,2062,2,0
770,50436,2035,1,10
771,50437,2033,2,5
772,50437,2045,1,15
773,50438,2075,1,0
774,50439,2059,2,0
775,50440,2013,1,10
776,50441,2093,2,15
777,50442,2021,1,10
778,50442,2068,1,15
779,50442,2002,1,20
780,50443,2026,2,20
781,50443,2057,1,5
782,50444,2085,2,20
783,50445,2057,1,15
784,50446,2006,1,10
785,50447,2096,1,10
786,50448,2028,3,0
787,50448,2037,2,10
788,50449,2011,1,15
789,50450,2070,1,25
790,50450,2045,1,10
791,50450,2022,2,25
792,50451,2064,1,0
793,50451,2020,1,25
794,50452,2054,1,10
795,50452,2067,3,10
796,50452,2082,1,10
797,50453,2070,2,25
798,50453,2057,1,0
799,50453,2004,1,5
800,50454,2024,1,20
801,50454,2058,2,0
802,50454,2054,1,10
803,50455,2054,1,10
804,50455,2074,1,15
805,50455,2091,1,20
806,50455,2051,1,5
807,50456,2014,3,15
808,50457,2045,1,10
809,50458,2026,2,10
810,50459,2053,1,0
811,50459,2059,2,5
812,50460,2055,2,10
813,50460,2059,1,0
814,50461,2032,1,15
815,50462,2018,2,0
816,50462,2086,2,20
817,50462,2041,1,20
818,50463,2021,3,10
819,50463,2100,2,20
820,50464,2004,1,25
821,50464,2035,1,15
822,50465,2075,1,10
823,50466,2042,1,10
824,50467,2085,2,15
825,50467,2036,2,15
826,50468,2065,1,10
827,50469,2043,1,10
828,50469,2047,1,0
829,50470,2050,1,15
830,50471,2098,1,20
831,50472,2076,1,0
832,50473,2038,1,0
833,50473,2042,1,25
834,50474,2041,2,0
835,50475,2074,1,15
836,50475,2060,1,10
837,50475,2054,3,10
838,50475,2044,2,0
839,50476,2040,1,0
840,50477,2056,1,10
841,50477,2084,1,5
842,50477,2097,1,15
843,50478,2007,1,25
844,50479,2024,1,15
845,50480,2069,1,5
846,50480,2015,1,10
847,50480,2062,3,0
848,50480,2043,2,15
849,50481,2020,1,10
850,50481,2051,1,20
851,50482,2051,1,10
852,50482,2072,1,0
853,50483,2083,1,5
854,50483,2096,2,10
855,50484,2044,2,20
856,50485,2069,2,5
857,50485,2079,1,10
858,50486,2099,2,0
859,50487,2066,1,20
860,50487,2025,1,10
861,50488,2035,1,15
862,50488,2021,1,5
863,50488,2020,1,20
864,50489,2031,2,15
865,50489,2050,1,0
866,50489,2079,3,10
867,50490,2030,1,5
868,50490,2019,1,20
869,50491,2013,1,15
870,50491,2020,1,10
871,50492,2044,2,5
872,50492,2042,1,20
873,50493,2040,1,20
874,50494,2032,1,10
875,50494,2046,2,15
876,50494,2065,1,5
877,50495,2005,1,5
878,50495,2090,2,20
879,50496,2031,1,15
880,50497,2014,1,0
881,50497,2018,1,10
882,50498,2055,1,5
883,50499,2053,1,0
884,50499,2009,1,25
885,50499,2050,1,0
886,50500,2023,1,5
887,50500,2092,1,20
888,50500,2031,1,0
889,50501,2100,1,5
890,50502,2058,2,10
891,50503,2097,2,5
892,50503,2056,2,5
893,50504,2013,1,10
894,50505,2065,1,25
895,50505,2048,1,20
896,50505,2082,2,0
897,50505,2040,1,10
898,50506,2019,3,10
899,50507,2012,1,5
900,50508,2075,1,5
901,50509,2024,2,10
902,50509,2067,1,5
903,50510,2014,2,20
904,50510,2008,1,0
905,50511,2072,1,0
906,50511,2035,1,20
907,50511,2057,1,20
908,50512,2003,2,5
909,50512,2019,1,15
910,50512,2010,1,20
911,50512,2028,1,5
912,50513,2029,2,10
913,50513,2038,2,15
914,50514,2025,1,5
915,50515,2046,2,20
916,50516,2091,2,25
917,50516,2009,1,10
918,50516,2090,3,0
919,50517,2042,1,20
920,50518,2058,2,10
921,50518,2068,1,0
922,50518,2074,3,15
923,50519,2095,1,15
924,50519,2100,1,0
925,50519,2010,2,5
926,50520,2042,1,20
927,50520,2054,1,25
928,50521,2053,1,5
929,50521,2100,1,0
930,50522,2066,1,5
931,50522,2041,1,10
932,50522,2093,1,5
933,50522,2074,1,10
934,50523,2080,2,0
935,50523,2063,1,15
936,50524,2007,1,20
937,50524,2098,1,15
938,50525,2072,2,5
939,50526,2015,1,10
940,50526,2026,1,5
941,50527,2035,2,5
942,50528,2026,1,15
943,50528,2063,2,20
944,50528,2055,1,20
945,50529,2022,2,0
946,50529,2070,1,10
947,50530,2029,1,5
948,50530,2016,1,10
949,50531,2096,1,5
950,50532,2032,2,15
951,50532,2024,1,20
952,50532,2072,1,5
953,50533,2077,1,20
954,50534,2016,2,15
955,50534,2006,2,10
956,50535,2085,1,10
957,50536,2051,1,5
958,50536,2046,2,0
959,50536,2043,2,0
960,50537,2059,1,15
961,50537,2068,1,0
962,50538,2009,2,10
963,50539,2027,1,20
964,50540,2096,3,10
965,50541,2017,2,0
966,50542,2091,2,15
967,50543,2041,2,0
968,50544,2020,2,15
969,50545,2060,1,0
970,50546,2067,2,0
971,50546,2035,1,20
972,50547,2080,1,5
973,50548,2007,1,0
974,50549,2013,1,0
975,50549,2063,1,5
976,50549,2058,1,20
977,50550,2070,1,0
978,50551,2086,1,0
979,50551,2094,1,20
980,50552,2051,1,5
981,50552,2051,1,0
982,50552,2093,1,0
983,50553,2097,2,20
984,50553,2005,1,10
985,50554,2051,1,10
986,50554,2092,1,10
987,50555,2006,1,10
988,50555,2098,1,15
989,50556,2075,2,20
990,50556,2016,1,10
991,50556,2065,3,20
992,50557,2044,1,0
993,50557,2034,2,10
994,50557,2063,1,10
995,50558,2074,2,0
996,50559,2090,2,0
997,50559,2042,1,0
998,50560,2016,1,5
999,50560,2087,1,15
1000,50560,2034,1,0
1001,50561,2076,1,10
1002,50561,2080,3,0
1003,50561,2006,1,10
1004,50562,2042,1,5
1005,50563,2009,1,0
1006,50564,2061,1,10
1007,50564,2080,2,0
1008,50565,2057,1,5
1009,50566,2033,1,10
1010,50566,2098,1,20
1011,50567,2009,3,10
1012,50568,2015,1,10
1013,50569,2037,1,10
1014,50570,2095,1,10
1015,50570,2090,2,10
1016,50570,2057,1,10
1017,50571,2096,2,10
1018,50571,2091,3,15
1019,50571,2059,1,5
1020,50572,2012,1,0
1021,50572,2090,3,10
1022,50572,2065,1,15
1023,50573,2015,2,15
1024,50573,2085,2,5
1025,50573,2040,1,10
1026,50574,2079,1,25
1027,50574,2027,1,0
1028,50574,2001,1,10
1029,50574,2046,1,5
1030,50575,2046,2,15
1031,50575,2087,1,5
1032,50576,2012,2,15
1033,50577,2092,1,0
1034,50577,2016,1,0
1035,50577,2094,1,0
1036,50578,2071,1,5
1037,50578,2036,1,20
1038,50579,2096,2,0
1039,50580,2036,1,0
1040,50580,2064,1,20
1041,50580,2002,1,5
1042,50580,2011,1,10
1043,50581,2036,1,0
1044,50582,2025,1,20
1045,50582,2023,1,10
1046,50582,2038,1,0
1047,50583,2061,1,10
1048,50583,2013,1,5
1049,50584,2076,1,5
1050,50585,2085,2,5
1051,50585,2084,1,10
1052,50585,2020,1,10
1053,50586,2089,2,0
1054,50586,2013,1,15
1055,50587,2011,2,0
1056,50587,2073,2,15
1057,50588,2077,1,0
1058,50588,2013,2,10
1059,50589,2042,1,10
1060,50590,2042,2,10
1061,50591,2073,1,15
1062,50592,2052,1,10
1063,50593,2061,1,20
1064,50594,2009,1,25
1065,50594,2098,1,25
1066,50595,2056,1,5
1067,50596,2067,1,0
1068,50596,2049,1,15
1069,50597,2025,1,5
1070,50598,2067,1,15
1071,50599,2029,1,0
1072,50599,2022,1,15
1073,50599,2056,1,0
1074,50600,2036,1,20
1075,50600,2090,2,10
1076,50600,2066,1,0
1077,50600,2038,1,10
1078,50601,2004,2,10
1079,50601,2035,1,20
1080,50601,2012,1,10
1081,50602,2022,1,10
1082,50603,2029,2,5
1083,50603,2066,1,15
1084,50604,2011,1,0
1085,50605,2017,1,25
1086,50605,2004,1,10
1087,50606,2092,1,20
1088,50606,2099,3,15
1089,50606,2030,3,0
1090,50607,2046,1,5
1091,50608,2031,2,5
1092,50608,2054,2,0
1093,50608,2056,3,0
1094,50609,2026,2,15
1095,50609,2065,2,10
1096,50610,2001,1,10
1097,50611,2065,1,10
1098,50612,2076,1,0
1099,50612,2006,1,10
1100,50612,2073,2,5
1101,50613,2074,3,20
1102,50614,2098,2,15
1103,50615,2081,2,0
1104,50616,2003,1,15
1105,50616,2009,1,10
1106,50616,2014,1,0
1107,50616,2059,1,0
1108,50617,2072,2,0
1109,50618,2066,1,15
1110,50618,2034,1,15
1111,50618,2021,1,10
1112,50618,2007,1,0
1113,50619,2038,2,5
1114,50619,2031,2,5
1115,50620,2031,1,5
1116,50621,2009,2,10
1117,50622,2030,1,0
1118,50622,2084,1,0
1119,50623,2025,1,10
1120,50624,2088,2,5
1121,50625,2009,2,15
1122,50626,2064,1,15
1123,50626,2011,2,10
1124,50626,2039,2,25
1125,50627,2096,3,10
1126,50627,2077,1,15
1127,50628,2052,1,10
1128,50628,2064,1,15
1129,50629,2067,2,5
1130,50630,2080,1,10
1131,50631,2060,1,5
1132,50631,2052,3,10
1133,50632,2008,1,5
1134,50633,2096,1,25
1135,50633,2057,3,10
1136,50633,2030,1,5
1137,50633,2014,1,10
1138,50634,2061,1,15
1139,50634,2079,1,15
1140,50634,2081,1,10
1141,50635,2089,1,0
1142,50636,2090,1,20
1143,50636,2063,1,20
1144,50636,2095,2,20
1145,50637,2008,1,10
1146,50637,2040,2,0
1147,50638,2049,3,25
1148,50638,2070,2,0
1149,50639,2030,1,0
1150,50640,2030,1,10
1151,50640,2091,1,10
1152,50640,2065,1,15
1153,50641,2064,1,10
1154,50642,2019,3,0
1155,50642,2051,1,10
1156,50642,2043,1,20
1157,50643,2063,2,20
1158,50644,2093,3,0
1159,50645,2028,2,5
1160,50645,2082,1,0
1161,50645,2064,1,15
1162,50645,2050,1,10
1163,50646,2096,1,10
1164,50646,2015,1,5
1165,50647,2068,2,15
1166,50648,2040,1,15
1167,50648,2069,3,10
1168,50648,2014,1,0
1169,50649,2074,1,10
1170,50650,2007,2,20
1171,50650,2035,1,10
1172,50650,2091,1,15
1173,50651,2064,1,5
1174,50651,2050,1,5
1175,50651,2034,1,0
1176,50652,2009,2,5
1177,50653,2012,1,0
1178,50653,2072,3,10
1179,50654,2028,2,5
1180,50654,2008,2,20
1181,50654,2044,2,5
1182,50654,2040,1,0
1183,50655,2096,1,0
1184,50655,2024,2,5
1185,50655,2027,1,15
1186,50656,2017,1,10
1187,50656,2019,1,10
1188,50657,2054,1,20
1189,50657,2023,1,5
1190,50658,2072,3,10
1191,50658,2082,1,0
1192,50659,2049,1,0
1193,50660,2024,1,5
1194,50660,2083,1,15
1195,50661,2097,1,20
1196,50662,2092,1,5
1197,50663,2093,2,5
1198,50664,2081,1,20
1199,50664,2074,1,15
1200,50664,2096,1,15
1201,50665,2034,1,5
1202,50666,2093,1,5
1203,50667,2003,1,15
1204,50668,2084,1,0
1205,50669,2034,1,10
1206,50669,2030,1,0
1207,50669,2068,1,10
1208,50669,2018,1,10
1209,50670,2100,1,0
1210,50671,2073,2,5
1211,50672,2002,1,0
1212,50672,2085,2,15
1213,50672,2011,1,20
1214,50672,2083,1,5
1215,50673,2082,1,0
1216,50674,2065,3,20
1217,50674,2061,1,20
1218,50675,2083,2,15
1219,50675,2086,2,5
1220,50675,2071,1,0
1221,50676,2018,1,25
1222,50676,2067,1,10
1223,50677,2021,2,5
1224,50678,2005,1,15
1225,50678,2016,3,10
1226,50679,2047,1,0
1227,50679,2097,2,25
1228,50680,2004,1,10
1229,50680,2008,1,0
1230,50681,2010,1,0
1231,50682,2020,2,10
1232,50682,2055,1,10
1233,50682,2083,1,0
1234,50683,2005,1,10
1235,50683,2081,1,10
1236,50684,2092,1,10
1237,50684,2008,2,25
1238,50685,2046,1,5
1239,50685,2082,2,20
1240,50685,2070,2,5
1241,50686,2019,3,0
1242,50686,2015,1,0
1243,50686,2045,1,20
1244,50687,2085,1,0
1245,50687,2095,1,0
1246,50688,2048,1,5
1247,50689,2053,2,10
1248,50690,2056,1,5
1249,50690,2050,1,0
1250,50691,2065,1,10
1251,50692,2028,2,20
1252,50692,2054,1,20
1253,50693,2062,2,25
1254,50693,2057,1,5
1255,50694,2098,1,0
1256,50694,2075,3,0
1257,50695,2074,1,20
1258,50696,2081,1,15
1259,50696,2053,2,10
1260,50696,2031,1,10
1261,50697,2054,1,10
1262,50697,2093,3,10
1263,50698,2088,1,5
1264,50698,2036,3,10
1265,50699,2049,2,0
1266,50699,2028,1,0
1267,50700,2002,1,0
1268,50701,2032,1,25
1269,50701,2011,1,25
1270,50702,2036,1,15
1271,50703,2006,2,20
1272,50703,2032,3,0
1273,50704,2072,3,0
1274,50705,2085,3,0
1275,50706,2089,1,0
1276,50707,2057,1,15
1277,50708,2055,1,0
1278,50708,2097,1,20
1279,50708,2056,3,10
1280,50709,2009,2,0
1281,50709,2094,2,15
1282,50709,2062,1,15
1283,50710,2067,1,10
1284,50711,2010,1,0
1285,50712,2047,1,5
1286,50712,2046,1,10
1287,50713,2082,2,15
1288,50714,2039,1,5
1289,50715,2035,1,20
1290,50716,2069,2,5
1291,50716,2002,1,25
1292,50717,2075,1,0
1293,50717,2001,2,20
1294,50717,2024,3,0
1295,50717,2050,1,15
1296,50718,2020,1,20
1297,50719,2004,1,5
1298,50719,2042,1,0
1299,50719,2071,1,25
1300,50719,2025,1,25
1301,50720,2028,1,15
1302,50720,2068,1,5
1303,50720,2095,1,0
1304,50721,2052,1,5
1305,50721,2056,2,15
1306,50721,2083,1,0
1307,50721,2007,1,0
1308,50722,2099,1,20
1309,50722,2048,1,15
1310,50723,2038,1,15
1311,50723,2062,2,20
1312,50723,2092,1,10
1313,50724,2094,1,5
1314,50724,2078,1,20
1315,50725,2049,2,25
1316,50725,2015,1,0
1317,50725,2020,1,5
1318,50726,2084,1,5
1319,50727,2013,2,0
1320,50727,2049,2,0
1321,50728,2041,1,0
1322,50728,2071,1,15
1323,50729,2035,2,0
1324,50730,2071,1,20
1325,50731,2051,1,10
1326,50732,2089,2,5
1327,50733,2019,1,15
1328,50734,2077,1,10
1329,50735,2073,1,15
1330,50736,2083,1,20
1331,50736,2050,1,15
1332,50737,2033,1,15
1333,50738,2052,1,15
1334,50739,2098,1,5
1335,50740,2020,1,10
1336,50741,2067,1,10
1337,50742,2023,1,25
1338,50742,2078,1,10
1339,50742,2043,1,0
1340,50742,2086,1,10
1341,50743,2017,1,5
1342,50744,2013,3,10
1343,50745,2096,1,10
1344,50745,2034,2,20
1345,50746,2009,1,5
1346,50746,2084,2,25
1347,50746,2042,1,15
1348,50747,2093,2,0
1349,50748,2044,3,5
1350,50749,2076,1,20
1351,50749,2058,2,15
1352,50750,2049,1,0
1353,50750,2049,2,10
1354,50751,2026,1,5
1355,50752,2074,1,10
1356,50752,2053,2,0
1357,50752,2001,1,5
1358,50752,2040,1,5
1359,50753,2041,1,10
1360,50753,2089,1,0
1361,50753,2043,2,15
1362,50753,2057,2,15
1363,50754,2009,2,10
1364,50754,2040,1,20
1365,50755,2029,1,15
1366,50756,2050,3,0
1367,50756,2090,1,0
1368,50757,2094,1,10
1369,50757,2029,2,15
1370,50757,2062,2,25
1371,50757,2096,2,0
1372,50758,2023,1,0
1373,50758,2044,1,20
1374,50758,2051,1,20
1375,50759,2001,1,10
1376,50760,2047,1,10
1377,50761,2013,1,20
1378,50762,2032,1,10
1379,50762,2012,1,15
1380,50762,2074,1,20
1381,50763,2084,1,5
1382,50763,2027,1,5
1383,50764,2005,1,20
1384,50765,2050,2,5
1385,50766,2012,1,0
1386,50767,2045,2,10
1387,50767,2055,1,10
1388,50767,2047,1,0
1389,50768,2053,1,15
1390,50769,2057,1,0
1391,50770,2017,1,0
1392,50770,2069,1,0
1393,50771,2067,1,10
1394,50771,2015,2,20
1395,50772,2044,1,10
1396,50772,2029,1,20
1397,50773,2040,2,0
1398,50773,2078,1,5
1399,50773,2060,1,10
1400,50774,2091,1,15
1401,50775,2057,1,10
1402,50776,2005,1,15
1403,50777,2072,2,5
1404,50777,2008,1,20
1405,50778,2035,1,15
1406,50778,2094,2,20
1407,50778,2099,1,5
1408,50779,2015,3,0
1409,50780,2099,2,10
1410,50780,2098,1,10
1411,50781,2088,1,15
1412,50781,2083,1,0
1413,50782,2008,1,10
1414,50782,2013,1,0
1415,50782,2062,1,10
1416,50782,2011,1,0
1417,50783,2026,1,20
1418,50784,2098,2,0
1419,50785,2092,1,10
1420,50785,2026,1,0
1421,50786,2054,1,0
1422,50786,2054,1,10
1423,50786,2027,1,0
1424,50787,2024,1,10
1425,50787,2044,1,0
1426,50788,2061,1,15
1427,50788,2081,1,20
1428,50788,2085,1,15
1429,50789,2003,1,0
1430,50790,2066,2,10
1431,50790,2062,1,0
1432,50791,2005,1,5
1433,50792,2084,2,20
1434,50793,2060,1,0
1435,50794,2072,1,5
1436,50795,2067,1,15
1437,50796,2034,1,5
1438,50796,2021,1,0
1439,50797,2038,1,20
1440,50797,2077,3,0
1441,50797,2064,1,15
1442,50798,2063,1,0
1443,50799,2014,3,25
1444,50800,2001,1,15
1445,50801,2067,3,5
1446,50802,2096,3,25
1447,50803,2036,3,0
1448,50803,2045,1,20
1449,50804,2096,1,15
1450,50804,2024,2,0
1451,50804,2053,1,10
1452,50805,2009,1,0
1453,50805,2027,1,10
1454,50806,2038,1,10
1455,50806,2069,2,5
1456,50807,2031,3,15
1457,50807,2047,1,20
1458,50808,2030,1,10
1459,50809,2015,1,10
1460,50810,2080,1,0
1461,50811,2068,1,25
1462,50812,2065,1,20
1463,50812,2059,1,20
1464,50812,2014,2,15
1465,50813,2052,1,5
1466,50813,2071,1,0
1467,50814,2050,2,10
1468,50815,2073,1,0
1469,50816,2033,1,10
1470,50817,2052,1,5
1471,50817,2039,1,15
1472,50817,2100,1,10
1473,50818,2018,2,0
1474,50819,2029,1,15
1475,50819,2069,1,5
1476,50820,2006,1,0
1477,50821,2052,1,5
1478,50822,2003,1,0
1479,50823,2053,2,5
1480,50823,2033,1,5
1481,50823,2019,2,0
1482,50824,2050,2,5
1483,50825,2034,2,10
1484,50825,2008,2,15
1485,50826,2054,1,0
1486,50827,2057,1,5
1487,50827,2067,1,0
1488,50828,2091,1,0
1489,50828,2071,1,5
1490,50829,2080,1,10
1491,50829,2065,1,15
1492,50830,2068,3,15
1493,50831,2080,1,20
1494,50832,2067,1,20
1495,50832,2051,1,0
1496,50832,2074,1,0
1497,50833,2097,1,10
1498,50833,2050,1,10
1499,50834,2023,1,10
1500,50835,2041,1,10
1501,50836,2002,1,25
1502,50837,2031,1,10
1503,50838,2089,1,20
1504,50839,2010,1,25
1505,50840,2089,1,10
1506,50841,2057,2,0
1507,50841,2032,1,5
1508,50842,2048,1,5
1509,50842,2088,3,20
1510,50842,2012,1,25
1511,50843,2057,1,0
1512,50843,2027,2,0
1513,50844,2055,2,20
1514,50844,2079,1,10
1515,50845,2093,1,15
1516,50845,2026,2,5
1517,50846,2067,1,0
1518,50847,2043,1,5
1519,50847,2051,2,0
1520,50848,2017,2,5
1521,50849,2086,1,0
1522,50850,2017,1,10
1523,50850,2004,1,15
1524,50851,2076,2,0
1525,50852,2041,2,20
1526,50852,2007,2,0
1527,50853,2069,1,10
1528,50853,2029,3,0
1529,50854,2098,1,20
1530,50855,2099,1,0
1531,50856,2056,2,5
1532,50856,2048,1,25
1533,50857,2045,1,0
1534,50857,2061,1,15
1535,50858,2091,2,15
1536,50858,2065,1,5
1537,50858,2010,1,0
1538,50859,2020,1,20
1539,50860,2063,2,20
1540,50860,2037,2,0
1541,50860,2048,1,20
1542,50861,2041,2,20
1543,50862,2060,1,10
1544,50863,2024,1,15
1545,50863,2008,1,0
1546,50864,2024,1,10
1547,50865,2067,1,25
1548,50866,2061,1,15
1549,50867,2081,1,5
1550,50867,2011,2,10
1551,50867,2015,1,0
1552,50868,2013,2,0
1553,50868,2057,2,0
1554,50868,2058,1,0
1555,50869,2016,2,10
1556,50869,2045,1,5
1557,50869,2006,1,15
1558,50869,2062,1,20
1559,50870,2057,1,10
1560,50871,2003,1,0
1561,50872,2009,2,25
1562,50872,2071,2,0
1563,50872,2090,1,10
1564,50873,2085,1,0
1565,50874,2057,2,20
1566,50875,2053,3,5
1567,50876,2081,1,25
1568,50876,2085,2,25
1569,50877,2091,1,20
1570,50877,2040,1,15
1571,50878,2048,2,15
1572,50879,2008,1,25
1573,50880,2018,1,0
1574,50880,2038,1,15
1575,50881,2081,1,0
1576,50881,2045,1,5
1577,50882,2059,1,5
1578,50883,2087,1,25
1579,50884,2048,1,5
1580,50884,2034,1,10
1581,50884,2074,1,10
1582,50884,2032,2,10
1583,50885,2039,1,0
1584,50885,2089,1,10
1585,50886,2044,2,10
1586,50886,2026,2,20
1587,50887,2084,2,25
1588,50887,2065,3,0
1589,50888,2077,1,0
1590,50888,2033,2,15
1591,50888,2079,1,10
1592,50888,2096,1,15
1593,50889,2017,1,20
1594,50890,2019,2,0
1595,50891,2057,1,20
1596,50892,2073,2,5
1597,50892,2001,1,25
1598,50892,2056,2,10
1599,50893,2013,1,20
1600,50894,2098,1,0
1601,50895,2073,1,10
1602,50896,2100,1,0
1603,50896,2022,2,15
1604,50897,2080,1,20
1605,50897,2039,1,20
1606,50898,2011,1,15
1607,50899,2049,1,0
1608,50900,2047,1,25
1609,50900,2051,1,5
1610,50901,2086,1,10
1611,50902,2028,2,5
1612,50902,2064,1,15
1613,50903,2020,1,5
1614,50904,2088,1,5
1615,50904,2046,1,0
1616,50904,2080,1,10
1617,50905,2027,1,5
1618,50906,2032,2,20
1619,50906,2099,1,15
1620,50907,2020,2,25
1621,50908,2057,2,5
1622,50909,2033,1,10
1623,50909,2040,1,10
1624,50910,2070,2,20
1625,50910,2079,1,5
1626,50911,2049,2,5
1627,50911,2064,1,5
1628,50912,2005,1,10
1629,50912,2024,2,20
1630,50913,2075,2,0
1631,50913,2067,1,10
1632,50914,2005,1,5
1633,50914,2090,1,0
1634,50914,2041,1,25
1635,50915,2031,2,15
1636,50916,2047,1,25
1637,50916,2040,1,5
1638,50916,2051,1,15
1639,50917,2017,2,10
1640,50918,2014,1,10
1641,50919,2099,1,0
1642,50919,2075,2,0
1643,50920,2037,2,0
1644,50921,2085,1,15
1645,50922,2080,1,15
1646,50923,2070,3,10
1647,50923,2073,1,0
1648,50924,2096,1,15
1649,50924,2084,1,0
1650,50925,2026,2,20
1651,50926,2073,2,5
1652,50927,2017,1,15
1653,50928,2051,1,0
1654,50929,2007,1,5
1655,50930,2017,1,10
1656,50931,2073,2,10
1657,50931,2038,1,0
1658,50931,2017,1,10
1659,50932,2098,1,0
1660,50932,2094,1,20
1661,50933,2023,1,5
1662,50934,2060,1,10
1663,50935,2030,1,10
1664,50936,2081,1,15
1665,50937,2069,1,0
1666,50938,2044,1,15
1667,50938,2094,1,20
1668,50938,2074,1,10
1669,50939,2016,1,0
1670,50939,2045,2,0
1671,50940,2083,1,20
1672,50941,2054,1,0
1673,50942,2010,1,0
1674,50942,2078,1,20
1675,50943,2049,1,20
1676,50943,2024,1,10
1677,50943,2082,1,0
1678,50944,2089,1,10
1679,50945,2059,1,15
1680,50945,2072,1,5
1681,50945,2025,1,0
1682,50946,2075,1,20
1683,50947,2091,1,15
1684,50947,2024,1,10
1685,50948,2095,3,20
1686,50949,2010,2,10
1687,50949,2045,1,20
1688,50950,2008,3,0
1689,50951,2045,1,10
1690,50951,2065,1,10
1691,50952,2088,3,5
1692,50952,2016,2,5
1693,50953,2089,1,15
1694,50953,2100,1,10
1695,50954,2007,3,5
1696,50954,2097,1,10
1697,50955,2091,1,15
1698,50956,2003,1,10
1699,50956,2007,3,10
1700,50957,2073,1,5
1701,50958,2042,1,0
1702,50958,2027,1,20
1703,50959,2041,1,15
1704,50960,2035,1,10
1705,50961,2098,1,10
1706,50962,2025,2,0
1707,50962,2009,2,10
1708,50962,2084,1,10
1709,50962,2084,2,10
1710,50963,2090,1,0
1711,50963,2098,1,0
1712,50964,2005,1,20
1713,50965,2077,1,10
1714,50965,2028,1,20
1715,50966,2043,1,10
1716,50967,2045,1,15
1717,50968,2099,1,0
1718,50969,2053,1,0
1719,50969,2023,1,10
1720,50970,2009,3,10
1721,50970,2059,1,0
1722,50970,2084,3,10
1723,50971,2072,1,0
1724,50971,2094,1,0
1725,50971,2005,1,25
1726,50972,2041,2,10
1727,50973,2062,2,5
1728,50974,2086,2,0
1729,50974,2032,1,20
1730,50974,2068,1,20
1731,50975,2021,1,5
1732,50976,2060,3,10
1733,50976,2078,1,10
1734,50977,2082,1,0
1735,50977,2046,1,10
1736,50977,2048,2,0
1737,50977,2089,2,0
1738,50978,2055,1,10
1739,50979,2036,1,5
1740,50980,2028,1,10
1741,50980,2072,1,5
1742,50980,2072,3,10
1743,50981,2054,1,20
1744,50981,2016,3,10
1745,50982,2017,1,10
1746,50982,2025,2,10
1747,50982,2002,1,20
1748,50983,2048,2,15
1749,50983,2042,1,0
1750,50984,2039,2,0
1751,50985,2094,2,10
1752,50985,2024,1,15
1753,50985,2081,2,0
1754,50986,2020,1,10
1755,50986,2062,1,10
1756,50987,2087,1,5
1757,50987,2084,1,15
1758,50987,2060,2,5
1759,50988,2021,2,10
1760,50989,2038,1,15
1761,50989,2043,1,25
1762,50990,2085,1,10
1763,50991,2038,1,5
1764,50992,2083,2,15
1765,50992,2096,1,15
1766,50992,2012,1,5
1767,50992,2094,1,5
1768,50993,2057,1,0
1769,50993,2061,1,10
1770,50993,2031,1,10
1771,50993,2034,1,0
1772,50994,2055,2,10
1773,50994,2020,1,25
1774,50995,2072,2,0
1775,50995,2067,1,10
1776,50995,2001,1,20
1777,50995,2022,1,25
1778,50996,2052,1,5
1779,50997,2075,2,0
1780,50997,2030,2,5
1781,50997,2089,1,5
1782,50998,2054,1,10
1783,50998,2054,1,10
1784,50999,2011,1,15
1785,50999,2063,1,10
1786,51000,2082,1,20
1787,51000,2022,1,15
1788,51001,2055,1,10
1789,51001,2001,1,0
1790,51002,2022,1,15
1791,51002,2008,1,15
1792,51002,2077,2,5
1793,51003,2100,1,0
1794,51004,2004,1,10
1795,51004,2071,1,0
1796,51004,2060,1,15
1797,51005,2071,1,0
1798,51006,2051,1,10
1799,51007,2100,1,5
1800,51007,2004,2,10
1801,51008,2015,2,15
1802,51008,2025,1,5
1803,51009,2079,1,0
1804,51009,2008,2,0
1805,51009,2013,1,0
1806,51010,2074,3,10
1807,51011,2042,1,0
1808,51012,2071,3,5
1809,51012,2037,1,15
1810,51013,2009,1,20
1811,51013,2060,1,0
1812,51013,2011,1,20
1813,51014,2048,1,25
1814,51014,2089,1,10
1815,51014,2019,1,15
1816,51014,2021,3,10
1817,51015,2095,3,0
1818,51015,2031,2,25
1819,51015,2038,3,20
1820,51016,2069,2,5
1821,51016,2013,2,0
1822,51017,2007,1,0
1823,51017,2085,1,10
1824,51017,2095,2,20
1825,51018,2099,1,0
1826,51019,2003,1,10
1827,51019,2053,1,20
1828,51019,2085,1,5
1829,51020,2085,1,10
1830,51020,2037,2,10
1831,51021,2050,1,0
1832,51022,2016,1,10
1833,51022,2014,1,0
1834,51023,2038,1,15
1835,51023,2024,1,5
1836,51024,2098,1,15
1837,51025,2009,1,10
1838,51026,2053,3,20
1839,51026,2056,1,15
1840,51027,2006,3,15
1841,51027,2045,2,5
1842,51027,2095,2,10
1843,51027,2011,2,15
1844,51028,2015,1,15
1845,51028,2017,1,15
1846,51029,2006,1,0
1847,51030,2089,1,0
1848,51030,2005,1,0
1849,51031,2029,1,0
1850,51032,2083,2,15
1851,51033,2100,1,10
1852,51034,2016,1,10
1853,51034,2037,1,0
1854,51035,2018,1,15
1855,51036,2020,1,0
1856,51037,2095,2,0
1857,51038,2034,1,15
1858,51038,2062,2,15
1859,51039,2016,1,0
1860,51040,2029,1,0
1861,51041,2037,1,5
1862,51041,2059,1,10
1863,51042,2091,1,0
1864,51042,2025,1,10
1865,51043,2065,1,5
1866,51043,2050,1,10
1867,51043,2080,1,15
1868,51044,2034,2,20
1869,51045,2043,1,0
1870,51045,2063,1,0
1871,51046,2045,1,0
1872,51046,2076,1,0
1873,51046,2002,2,5
1874,51047,2035,1,0
1875,51047,2018,1,20
1876,51048,2015,1,20
1877,51048,2006,1,15
1878,51049,2036,1,5
1879,51050,2022,1,15
1880,51051,2076,3,10
1881,51052,2051,1,10
1882,51053,2079,1,0
1883,51053,2089,1,20
1884,51053,2079,1,5
1885,51053,2043,1,5
1886,51054,2098,3,5
1887,51055,2039,2,0
1888,51055,2083,1,25
1889,51056,2018,2,10
1890,51056,2097,2,20
1891,51056,2031,1,25
1892,51056,2063,2,10
1893,51057,2036,1,15
1894,51057,2023,2,20
1895,51058,2033,1,0
1896,51059,2061,1,5
1897,51059,2012,2,5
1898,51059,2020,1,10
1899,51059,2092,3,15
1900,51060,2009,1,5
1901,51061,2073,1,20
1902,51062,2031,2,10
1903,51063,2032,1,5
1904,51064,2037,1,15
1905,51064,2039,1,20
1906,51064,2071,2,5
1907,51065,2081,1,5
1908,51066,2037,1,15
1909,51066,2018,1,5
1910,51066,2001,1,0
1911,51067,2073,2,20
1912,51068,2092,1,0
1913,51068,2004,1,0
1914,51068,2059,1,20
1915,51069,2022,1,10
1916,51070,2022,1,10
1917,51070,2083,1,5
1918,51070,2026,2,0
1919,51071,2031,3,0
1920,51072,2013,1,20
1921,51072,2091,2,0
1922,51072,2091,1,0
1923,51073,2092,1,15
1924,51073,2024,1,20
1925,51073,2019,1,15
1926,51074,2095,1,0
1927,51074,2062,2,5
1928,51075,2027,1,25
1929,51076,2005,1,15
1930,51076,2080,1,15
1931,51077,2081,3,10
1932,51077,2002,1,15
1933,51078,2048,3,25
1934,51078,2049,3,5
1935,51079,2047,1,5
1936,51079,2037,1,0
1937,51080,2033,1,15
1938,51080,2034,1,0
1939,51080,2093,1,5
1940,51080,2100,2,10
1941,51081,2012,3,15
1942,51081,2073,1,5
1943,51081,2058,1,20
1944,51081,2026,1,0
1945,51082,2019,1,10
1946,51082,2076,1,10
1947,51083,2037,2,10
1948,51084,2013,1,10
1949,51085,2097,1,10
1950,51085,2093,1,15
1951,51086,2042,1,15
1952,51086,2043,3,25
1953,51086,2043,2,20
1954,51086,2020,1,10
1955,51087,2011,1,15
1956,51088,2028,2,5
1957,51089,2039,1,10
1958,51090,2016,1,0
1959,51091,2004,3,5
1960,51091,2094,1,20
1961,51091,2088,1,10
1962,51091,2031,1,0
1963,51092,2062,1,10
1964,51092,2015,2,5
1965,51093,2093,1,15
1966,51094,2082,1,0
1967,51095,2018,1,10
1968,51096,2022,2,15
1969,51096,2034,1,10
1970,51097,2010,1,5
1971,51097,2035,1,15
1972,51098,2067,1,15
1973,51099,2073,1,5
1974,51100,2001,1,5
1975,51100,2036,1,10
1976,51100,2084,1,5
1977,51101,2088,1,5
1978,51101,2057,1,10
1979,51101,2074,2,10
1980,51102,2025,1,15
1981,51102,2087,1,25
1982,51103,2048,1,15
1983,51103,2070,1,0
1984,51104,2027,1,5
1985,51104,2018,1,0
1986,51104,2054,1,10
1987,51104,2053,1,10
1988,51105,2058,1,25
1989,51105,2081,1,10
1990,51106,2078,1,0
1991,51106,2031,3,10
1992,51106,2047,1,5
1993,51106,2009,1,0
1994,51107,2079,1,5
1995,51108,2014,2,0
1996,51109,2007,1,0
1997,51110,2053,3,10
1998,51110,2093,1,15
1999,51110,2038,1,20
2000,51111,2019,1,5
2001,51111,2019,1,10
2002,51112,2084,1,20
2003,51113,2067,2,25
2004,51113,2050,2,20
2005,51113,2093,1,10
2006,51113,2011,1,20
2007,51114,2062,1,15
2008,51114,2036,2,0
2009,51114,2024,1,0
2010,51114,2092,1,20
2011,51115,2096,1,20
2012,51116,2084,2,10
2013,51116,2015,1,10
2014,51117,2073,1,5
2015,51117,2036,3,15
2016,51118,2038,2,10
2017,51119,2020,1,5
2018,51119,2059,2,10
2019,51120,2086,1,10
2020,51121,2024,1,20
2021,51121,2054,1,20
2022,51121,2065,1,0
2023,51122,2064,1,5
2024,51122,2027,1,5
2025,51122,2003,1,0
2026,51123,2083,2,10
2027,51123,2060,1,10
2028,51123,2071,1,0
2029,51124,2054,1,25
2030,51124,2039,2,15
2031,51125,2026,1,0
2032,51126,2066,3,15
2033,51127,2084,2,5
2034,51127,2033,2,10
2035,51128,2003,2,10
2036,51129,2016,1,0
2037,51129,2058,2,10
2038,51130,2024,1,25
2039,51131,2082,1,15
2040,51132,2028,1,10
2041,51132,2050,2,20
2042,51133,2023,1,15
2043,51133,2046,2,20
2044,51134,2068,3,0
2045,51134,2080,1,0
2046,51135,2074,1,15
2047,51135,2051,1,25
2048,51136,2046,1,10
2049,51137,2033,1,25
2050,51137,2099,1,10
2051,51138,2074,1,0
2052,51138,2090,1,20
2053,51139,2074,1,20
2054,51139,2009,1,10
2055,51140,2027,1,15
2056,51141,2047,2,5
2057,51141,2032,1,10
2058,51142,2091,1,5
2059,51143,2050,1,10
2060,51143,2023,1,10
2061,51144,2060,2,0
2062,51145,2038,1,0
2063,51145,2013,1,0
2064,51145,2095,2,10
2065,51146,2095,2,5
2066,51146,2078,1,10
2067,51146,2032,1,10
2068,51147,2084,1,0
2069,51147,2029,1,15
2070,51148,2088,2,15
2071,51148,2089,1,15
2072,51148,2018,1,0
2073,51149,2032,1,10
2074,51149,2070,2,10
2075,51150,2024,1,15
2076,51151,2081,2,0
2077,51151,2068,1,15
2078,51152,2023,2,25
2079,51152,2078,2,20
2080,51152,2005,2,20
2081,51152,2039,2,0
2082,51153,2018,3,10
2083,51154,2001,2,0
2084,51155,2075,1,10
2085,51155,2016,1,15
2086,51156,2070,1,15
2087,51157,2008,1,25
2088,51157,2090,1,25
2089,51158,2098,1,0
2090,51158,2032,3,20
2091,51159,2049,1,20
2092,51159,2063,1,15
2093,51160,2059,1,5
2094,51161,2003,1,0
2095,51162,2098,1,10
2096,51162,2094,1,0
2097,51162,2049,1,5
2098,51163,2056,2,0
2099,51164,2017,1,10
2100,51164,2075,1,10
2101,51165,2052,1,0
2102,51166,2029,1,20
2103,51167,2031,1,0
2104,51168,2009,2,5
2105,51169,2079,1,10
2106,51169,2007,1,10
2107,51170,2057,1,5
2108,51170,2082,1,15
2109,51171,2006,1,5
2110,51171,2016,1,5
2111,51171,2077,2,10
2112,51172,2083,1,0
2113,51172,2009,1,25
2114,51172,2027,1,10
2115,51173,2061,1,0
2116,51174,2055,1,15
2117,51175,2052,1,15
2118,51175,2027,2,10
2119,51175,2054,2,25
2120,51176,2006,1,10
2121,51177,2088,1,0
2122,51178,2055,1,15
2123,51179,2038,2,20
2124,51179,2037,1,5
2125,51180,2037,2,0
2126,51181,2044,1,10
2127,51182,2020,1,15
2128,51182,2061,1,5
2129,51183,2019,1,25
2130,51183,2032,1,0
2131,51184,2088,1,15
2132,51185,2057,1,20
2133,51185,2091,3,0
2134,51186,2066,1,10
2135,51187,2079,2,0
2136,51188,2009,3,10
2137,51189,2051,1,10
2138,51190,2036,1,15
2139,51191,2002,1,10
2140,51191,2009,2,5
2141,51191,2019,2,0
2142,51192,2001,3,0
2143,51193,2044,1,10
2144,51193,2006,2,20
2145,51193,2083,1,15
2146,51193,2060,1,5
2147,51194,2097,1,25
2148,51195,2009,1,0
2149,51196,2008,1,25
2150,51196,2087,1,0
2151,51197,2040,3,0
2152,51197,2076,1,20
2153,51197,2019,2,10
2154,51198,2001,1,20
2155,51199,2050,1,15
2156,51200,2058,1,0
2157,51200,2012,2,0
2158,51201,2002,2,10
2159,51202,2022,1,10
2160,51202,2011,1,5
2161,51203,2100,1,0
2162,51203,2099,1,0
2163,51203,2002,1,10
2164,51204,2046,2,0
2165,51205,2039,1,10
2166,51205,2003,1,0
2167,51205,2067,1,20
2168,51206,2086,2,10
2169,51207,2062,1,0
2170,51207,2092,1,15
2171,51207,2064,2,10
2172,51208,2055,1,10
2173,51208,2095,1,5
2174,51208,2071,1,5
2175,51208,2077,2,20
2176,51209,2079,1,0
2177,51209,2004,1,10
2178,51210,2074,1,0
2179,51210,2075,1,10
2180,51210,2050,1,10
2181,51210,2057,1,0
2182,51211,2084,1,0
2183,51211,2015,1,10
2184,51211,2053,3,5
2185,51212,2078,1,20
2186,51213,2026,1,15
2187,51214,2027,1,20
2188,51215,2001,1,20
2189,51216,2032,2,0
2190,51216,2036,3,20
2191,51217,2096,1,25
2192,51217,2009,1,10
2193,51218,2065,1,10
2194,51218,2007,2,5
2195,51219,2080,1,0
2196,51220,2047,1,5
2197,51221,2043,1,0
2198,51222,2095,1,10
2199,51222,2075,1,10
2200,51222,2011,1,0
2201,51222,2027,1,0
2202,51223,2028,1,0
2203,51224,2061,1,25
2204,51225,2084,1,15
2205,51226,2064,2,0
2206,51226,2041,1,15
2207,51226,2075,1,15
2208,51226,2076,1,15
2209,51227,2009,2,20
2210,51228,2055,2,10
2211,51228,2072,1,0
2212,51229,2061,1,20
2213,51230,2025,2,20
2214,51231,2017,2,5
2215,51231,2030,1,10
2216,51232,2036,1,10
2217,51232,2093,1,10
2218,51233,2063,2,10
2219,51233,2084,1,0
2220,51234,2003,3,10
2221,51235,2079,1,5
2222,51235,2019,1,0
2223,51235,2057,2,10
2224,51235,2039,2,5
2225,51236,2087,2,10
2226,51236,2068,1,0
2227,51237,2047,3,10
2228,51237,2051,3,5
2229,51237,2071,3,0
2230,51237,2072,1,15
2231,51238,2058,2,10
2232,51239,2073,1,10
2233,51240,2079,1,10
2234,51241,2004,1,5
2235,51241,2037,1,0
2236,51242,2091,3,5
2237,51242,2033,1,15
2238,51243,2083,1,10
2239,51243,2055,2,15
2240,51244,2028,1,20
2241,51245,2036,1,0
2242,51246,2049,1,20
2243,51247,2013,1,10
2244,51247,2031,1,10
2245,51247,2069,2,10
2246,51248,2091,1,10
2247,51249,2096,1,0
2248,51250,2039,1,0
2249,51251,2080,2,5
2250,51252,2040,1,0
2251,51252,2081,2,0
2252,51252,2092,1,0
2253,51252,2045,1,25
2254,51253,2061,1,0
2255,51254,2087,1,25
2256,51254,2014,1,10
2257,51254,2025,1,0
2258,51255,2063,1,0
2259,51255,2018,1,0
2260,51256,2080,1,5
2261,51256,2027,1,0
2262,51257,2034,1,15
2263,51258,2082,2,5
2264,51258,2053,2,10
2265,51259,2080,2,10
2266,51259,2063,1,10
2267,51260,2052,2,25
2268,51261,2052,2,10
2269,51261,2081,1,5
2270,51261,2100,1,25
2271,51262,2003,1,25
2272,51263,2051,2,15
2273,51264,2079,1,15
2274,51265,2065,1,5
2275,51265,2049,1,10
2276,51266,2080,1,5
2277,51267,2047,1,10
2278,51268,2014,1,15
2279,51269,2028,1,5
2280,51270,2005,1,10
2281,51271,2071,3,15
2282,51271,2098,1,0
2283,51271,2038,1,10
2284,51272,2074,1,15
2285,51273,2099,1,0
2286,51273,2040,2,5
2287,51273,2089,3,0
2288,51273,2002,1,0
2289,51274,2068,1,10
2290,51274,2017,1,15
2291,51275,2079,1,5
2292,51275,2001,1,10
2293,51276,2084,1,0
2294,51276,2040,1,20
2295,51276,2024,1,5
2296,51277,2056,2,15
2297,51278,2099,1,0
2298,51278,2017,2,15
2299,51279,2032,2,10
2300,51280,2064,1,25
2301,51281,2010,2,5
2302,51282,2096,1,20
2303,51282,2053,1,5
2304,51283,2100,1,0
2305,51283,2042,1,15
2306,51283,2084,1,0
2307,51284,2034,1,15
2308,51285,2045,2,5
2309,51285,2035,2,15
2310,51286,2055,1,10
2311,51287,2023,1,10
2312,51288,2051,1,15
2313,51289,2084,2,10
2314,51289,2016,1,10
2315,51290,2080,2,10
2316,51290,2086,1,10
2317,51291,2004,1,15
2318,51292,2068,1,5
2319,51293,2049,1,0
2320,51293,2064,1,15
2321,51294,2030,2,10
2322,51294,2023,1,20
2323,51294,2029,1,25
2324,51295,2016,1,20
2325,51296,2041,1,10
2326,51296,2088,1,15
2327,51297,2078,2,5
2328,51297,2018,3,0
2329,51298,2056,1,15
2330,51299,2008,1,15
2331,51300,2006,1,0
2332,51300,2063,1,20
2333,51300,2031,1,20
2334,51301,2071,1,5
2335,51302,2016,1,0
2336,51303,2012,3,20
2337,51303,2072,2,0
2338,51303,2021,1,0
2339,51304,2006,3,10
2340,51304,2079,2,15
2341,51304,2071,1,15
2342,51305,2093,2,15
2343,51305,2060,3,15
2344,51306,2048,1,15
2345,51306,2068,2,10
2346,51306,2080,1,0
2347,51307,2063,1,10
2348,51308,2032,2,10
2349,51308,2089,1,0
2350,51309,2071,1,5
2351,51310,2088,1,0
2352,51310,2056,2,0
2353,51310,2045,2,10
2354,51311,2085,1,0
2355,51312,2062,1,0
2356,51313,2078,1,15
2357,51314,2089,1,15
2358,51314,2029,1,10
2359,51315,2020,2,0
2360,51315,2015,1,10
2361,51316,2060,1,15
2362,51316,2081,2,0
2363,51317,2098,1,0
2364,51318,2004,1,10
2365,51319,2001,1,5
2366,51319,2068,1,0
2367,51320,2027,2,0
2368,51321,2048,1,10
2369,51321,2008,2,10
2370,51322,2008,1,10
2371,51322,2053,1,25
2372,51322,2069,1,0
2373,51322,2089,2,15
2374,51323,2049,3,5
2375,51323,2065,1,15
2376,51324,2087,1,15
2377,51325,2044,1,10
2378,51325,2021,1,10
2379,51326,2083,2,10
2380,51326,2001,1,15
2381,51326,2028,1,0
2382,51327,2014,1,5
2383,51327,2065,1,20
2384,51328,2027,2,10
2385,51328,2035,1,0
2386,51328,2066,2,25
2387,51329,2030,1,25
2388,51330,2037,2,10
2389,51330,2050,1,10
2390,51331,2012,1,5
2391,51332,2094,1,10
2392,51332,2099,1,25
2393,51333,2072,3,5
2394,51333,2011,2,5
2395,51333,2048,1,20
2396,51334,2036,1,5
2397,51334,2017,1,25
2398,51334,2088,1,5
2399,51335,2042,1,0
2400,51336,2066,1,25
2401,51336,2070,1,0
2402,51336,2032,2,15
2403,51337,2035,1,0
2404,51338,2098,2,15
2405,51339,2083,2,0
2406,51339,2051,1,15
2407,51340,2054,1,25
2408,51340,2001,1,0
2409,51341,2021,1,5
2410,51342,2001,1,15
2411,51342,2081,1,25
2412,51343,2095,1,5
2413,51343,2017,1,25
2414,51344,2029,2,20
2415,51344,2036,1,15
2416,51345,2082,2,5
2417,51345,2041,1,10
2418,51346,2005,1,15
2419,51346,2059,1,15
2420,51347,2015,2,5
2421,51348,2065,1,10
2422,51349,2086,1,20
2423,51349,2007,1,10
2424,51350,2100,1,10
2425,51350,2067,1,5
2426,51351,2006,1,0
2427,51352,2023,1,0
2428,51353,2017,1,5
2429,51353,2089,1,10
2430,51353,2073,1,15
2431,51354,2038,1,0
2432,51354,2053,1,5
2433,51354,2035,1,15
2434,51355,2041,1,0
2435,51355,2064,1,25
2436,51356,2020,1,10
2437,51356,2076,1,20
2438,51357,2095,1,15
2439,51357,2098,2,25
2440,51357,2018,1,10
2441,51357,2042,1,5
2442,51358,2027,1,15
2443,51358,2064,1,0
2444,51359,2033,2,10
2445,51360,2040,3,5
2446,51360,2014,1,15
2447,51361,2056,1,15
2448,51361,2054,1,20
2449,51361,2056,1,0
2450,51362,2035,1,25
2451,51362,2076,1,15
2452,51363,2061,1,5
2453,51364,2018,1,0
2454,51364,2037,1,5
2455,51364,2067,1,0
2456,51365,2012,2,10
2457,51365,2036,1,0
2458,51366,2088,2,10
2459,51367,2045,1,10
2460,51367,2051,1,10
2461,51367,2069,1,20
2462,51367,2033,1,0
2463,51368,2083,2,10
2464,51368,2002,2,20
2465,51369,2048,1,5
2466,51369,2060,1,10
2467,51369,2024,1,20
2468,51370,2079,2,10
2469,51370,2008,1,20
2470,51370,2066,2,20
2471,51371,2064,1,5
2472,51372,2079,1,15
2473,51372,2021,1,10
2474,51373,2016,2,25
2475,51374,2059,1,10
2476,51374,2098,1,15
2477,51374,2079,1,5
2478,51375,2022,1,10
2479,51375,2041,1,15
2480,51375,2027,2,25
2481,51376,2078,1,5
2482,51376,2052,2,0
2483,51376,2044,1,25
2484,51377,2001,2,10
2485,51377,2064,2,0
2486,51378,2045,1,10
2487,51378,2004,3,20
2488,51379,2020,1,25
2489,51380,2073,1,5
2490,51381,2075,1,15
2491,51382,2050,1,10
2492,51382,2076,1,5
2493,51382,2074,2,15
2494,51383,2062,3,5
2495,51383,2021,1,5
2496,51384,2043,2,0
2497,51384,2082,2,0
2498,51385,2032,2,5
2499,51386,2067,1,25
2500,51386,2083,1,5
2501,51387,2054,1,15
2502,51388,2051,2,5
2503,51388,2019,1,20
2504,51388,2050,2,10
2505,51388,2005,3,25
2506,51389,2012,1,5
2507,51389,2055,2,10
2508,51389,2022,1,0
2509,51390,2035,1,0
2510,51390,2037,1,10
2511,51391,2048,3,15
2512,51391,2070,2,0
2513,51391,2045,2,15
2514,51392,2085,1,10
2515,51393,2049,1,10
2516,51394,2100,2,15
2517,51394,2100,2,10
2518,51395,2043,3,20
2519,51395,2077,2,15
2520,51396,2046,2,20
2521,51397,2088,1,5
2522,51398,2077,2,15
2523,51398,2034,1,25
2524,51399,2033,2,0
2525,51400,2089,1,10
2526,51401,2055,2,20
2527,51401,2070,1,5
2528,51402,2068,1,10
2529,51402,2017,1,15
2530,51402,2024,1,15
2531,51403,2091,2,0
2532,51404,2028,1,5
2533,51405,2087,1,5
2534,51406,2036,1,0
2535,51407,2085,2,0
2536,51407,2058,3,15
2537,51408,2010,2,20
2538,51409,2028,1,25
2539,51410,2096,2,25
2540,51410,2021,1,25
2541,51410,2023,3,0
2542,51411,2015,1,5
2543,51411,2061,1,0
2544,51412,2081,1,10
2545,51413,2094,2,25
2546,51414,2089,1,0
2547,51414,2089,2,10
2548,51414,2091,1,10
2549,51415,2057,2,0
2550,51415,2083,1,20
2551,51416,2064,1,5
2552,51416,2014,2,5
2553,51416,2003,1,25
2554,51417,2010,1,0
2555,51418,2035,1,5
2556,51418,2050,1,15
2557,51419,2064,1,10
2558,51420,2053,1,10
2559,51421,2037,1,10
2560,51421,2074,2,5
2561,51422,2087,1,0
2562,51422,2023,1,20
2563,51423,2027,1,5
2564,51424,2094,1,25
2565,51425,2098,1,0
2566,51425,2031,1,20
2567,51426,2051,1,20
2568,51427,2058,1,0
2569,51428,2064,1,10
2570,51429,2087,1,15
2571,51430,2011,1,10
2572,51430,2053,1,20
2573,51430,2022,2,0
2574,51431,2076,1,20
2575,51432,2060,1,10
2576,51432,2075,1,5
2577,51433,2091,1,10
2578,51433,2080,2,5
2579,51434,2086,1,10
2580,51435,2082,1,0
2581,51435,2063,1,20
2582,51436,2040,1,5
2583,51437,2034,2,10
2584,51437,2037,1,20
2585,51437,2061,2,20
2586,51438,2081,2,15
2587,51438,2037,2,0
2588,51439,2058,1,20
2589,51439,2042,1,0
2590,51440,2061,1,10
2591,51441,2082,2,20
2592,51441,2042,1,0
2593,51441,2040,1,0
2594,51442,2021,1,10
2595,51442,2050,2,10
2596,51443,2046,1,5
2597,51444,2017,1,15
2598,51445,2097,2,20
2599,51446,2086,2,25
2600,51447,2030,2,0
2601,51448,2095,1,10
2602,51448,2028,1,20
2603,51448,2042,1,0
2604,51449,2014,1,10
2605,51449,2062,1,0
2606,51449,2049,1,0
2607,51449,2027,1,0
2608,51450,2029,1,15
2609,51451,2094,2,10
2610,51451,2069,1,0
2611,51451,2016,3,10
2612,51452,2014,2,0
2613,51452,2008,1,0
2614,51453,2025,1,20
2615,51453,2074,3,10
2616,51454,2007,2,15
2617,51454,2025,1,5
2618,51454,2005,1,0
2619,51454,2065,3,20
2620,51455,2082,1,0
2621,51455,2053,1,5
2622,51456,2091,1,15
2623,51456,2069,2,10
2624,51457,2077,1,20
2625,51458,2032,1,25
2626,51459,2087,2,0
2627,51459,2064,1,0
2628,51459,2009,1,10
2629,51460,2009,1,0
2630,51461,2090,1,10
2631,51462,2028,3,5
2632,51463,2047,1,20
2633,51463,2077,1,20
2634,51464,2077,1,5
2635,51465,2003,1,0
2636,51465,2062,1,25
2637,51465,2092,1,0
2638,51466,2035,1,0
2639,51467,2055,1,5
2640,51467,2027,1,5
2641,51467,2073,1,0
2642,51468,2012,1,5
2643,51468,2052,1,0
2644,51469,2042,1,15
2645,51469,2065,2,5
2646,51470,2050,1,15
2647,51471,2099,2,10
2648,51472,2099,2,10
2649,51472,2029,2,25
2650,51472,2004,2,5
2651,51473,2050,1,0
2652,51473,2060,1,10
2653,51474,2076,1,0
2654,51475,2053,1,5
2655,51475,2059,1,20
2656,51475,2003,1,20
2657,51476,2077,1,10
2658,51476,2033,1,10
2659,51476,2039,1,10
2660,51477,2043,1,0
2661,51478,2008,2,5
2662,51478,2050,1,10
2663,51479,2039,1,5
2664,51479,2024,1,0
2665,51480,2025,1,10
2666,51480,2004,1,10
2667,51480,2089,2,5
2668,51481,2030,1,20
2669,51482,2088,2,15
2670,51483,2084,1,10
2671,51484,2046,1,0
2672,51485,2081,1,10
2673,51486,2022,1,15
2674,51486,2019,1,10
2675,51487,2090,1,10
2676,51487,2065,1,0
2677,51488,2069,1,5
2678,51489,2093,2,20
2679,51489,2002,1,0
2680,51490,2018,1,10
2681,51491,2097,1,20
2682,51492,2013,1,0
2683,51492,2045,1,25
2684,51493,2003,1,20
2685,51493,2033,1,15
2686,51493,2018,2,15
2687,51494,2026,1,20
2688,51495,2082,1,0
2689,51495,2028,1,15
2690,51495,2082,1,5
2691,51496,2090,1,20
2692,51496,2055,1,10
2693,51496,2054,1,15
2694,51497,2034,1,0
2695,51497,2067,1,0
2696,51498,2081,2,20
2697,51498,2087,2,5
2698,51498,2020,1,10
2699,51498,2069,2,15
2700,51499,2014,1,0
2701,51500,2050,1,5
2702,51501,2009,2,5
2703,51501,2056,2,20
2704,51501,2086,2,0
2705,51502,2082,2,5
2706,51502,2072,1,25
2707,51503,2058,3,20
2708,51504,2063,1,10
2709,51505,2010,1,10
2710,51506,2073,1,20
2711,51507,2069,1,20
2712,51508,2015,1,20
2713,51508,2064,1,10
2714,51508,2039,1,15
2715,51508,2051,1,15
2716,51509,2082,1,15
2717,51510,2033,1,15
2718,51510,2092,1,0
2719,51510,2042,2,15
2720,51511,2052,1,5
2721,51512,2003,1,0
2722,51513,2013,3,0
2723,51513,2029,2,0
2724,51513,2098,1,10
2725,51514,2026,1,0
2726,51515,2040,1,10
2727,51516,2086,2,25
2728,51516,2032,2,0
2729,51516,2082,2,0
2730,51517,2012,3,0
2731,51518,2014,1,15
2732,51519,2002,1,5
2733,51519,2013,1,0
2734,51519,2061,1,0
2735,51519,2010,1,0
2736,51520,2062,1,15
2737,51521,2060,1,15
2738,51521,2024,2,5
2739,51522,2004,1,10
2740,51523,2017,2,10
2741,51524,2015,2,25
2742,51525,2053,1,15
2743,51525,2094,1,15
2744,51526,2044,1,25
2745,51527,2064,2,5
2746,51527,2031,2,0
2747,51527,2010,1,15
2748,51528,2022,1,0
2749,51528,2048,2,10
2750,51529,2086,1,15
2751,51529,2025,1,10
2752,51530,2099,1,5
2753,51531,2064,1,10
2754,51531,2036,2,0
2755,51532,2063,1,0
2756,51532,2070,2,5
2757,51533,2069,1,0
2758,51534,2087,1,25
2759,51534,2067,1,10
2760,51534,2003,1,20
2761,51535,2038,1,25
2762,51535,2091,1,10
2763,51536,2021,2,5
2764,51536,2050,2,20
2765,51536,2051,1,0
2766,51537,2056,1,10
2767,51537,2087,3,5
2768,51537,2054,1,15
2769,51537,2001,1,20
2770,51538,2025,1,10
2771,51539,2064,1,5
2772,51540,2079,1,10
2773,51540,2065,1,10
2774,51541,2074,2,10
2775,51541,2025,1,20
2776,51542,2010,1,0
2777,51542,2095,2,0
2778,51542,2057,1,0
2779,51543,2074,2,15
2780,51544,2096,1,20
2781,51544,2019,1,5
2782,51545,2088,1,5
2783,51545,2037,1,25
2784,51545,2063,1,0
2785,51546,2039,1,20
2786,51546,2020,1,25
2787,51546,2088,1,15
2788,51546,2035,1,5
2789,51547,2003,1,10
2790,51548,2016,2,5
2791,51548,2097,2,0
2792,51548,2083,2,0
2793,51548,2067,1,0
2794,51549,2078,2,25
2795,51550,2065,1,10
2796,51550,2092,1,5
2797,51551,2010,3,10
2798,51552,2007,1,10
2799,51552,2070,1,0
2800,51553,2097,1,5
2801,51554,2059,3,10
2802,51555,2097,1,20
2803,51556,2041,2,0
2804,51556,2068,1,20
2805,51556,2051,1,10
2806,51557,2089,1,10
2807,51557,2065,2,0
2808,51558,2044,1,10
2809,51558,2025,2,5
2810,51559,2032,1,0
2811,51559,2008,2,20
2812,51560,2016,1,10
2813,51561,2051,1,0
2814,51562,2004,1,5
2815,51563,2048,1,0
2816,51564,2005,1,20
2817,51564,2017,1,0
2818,51564,2070,3,10
2819,51565,2003,1,15
2820,51566,2034,1,0
2821,51566,2020,1,10
2822,51567,2006,1,10
2823,51567,2021,1,20
2824,51567,2012,3,10
2825,51568,2009,1,0
2826,51568,2067,1,5
2827,51568,2013,1,5
2828,51569,2094,1,5
2829,51570,2049,1,20
2830,51570,2041,2,0
2831,51570,2088,1,5
2832,51571,2078,1,10
2833,51571,2043,1,0
2834,51572,2098,3,10
2835,51572,2054,1,0
2836,51573,2071,1,20
2837,51573,2097,1,5
2838,51574,2073,1,10
2839,51575,2060,1,10
2840,51575,2062,1,5
2841,51575,2066,1,5
2842,51576,2098,1,10
2843,51576,2071,2,15
2844,51577,2030,1,10
2845,51577,2003,1,10
2846,51578,2079,1,10
2847,51578,2049,1,5
2848,51578,2042,1,15
2849,51579,2094,1,0
2850,51579,2016,1,10
2851,51580,2004,1,20
2852,51581,2074,1,10
2853,51582,2093,1,10
2854,51582,2083,1,15
2855,51582,2088,1,5
2856,51583,2087,1,10
2857,51583,2069,1,0
2858,51584,2093,1,0
2859,51584,2035,3,0
2860,51584,2075,1,15
2861,51585,2010,1,10
2862,51586,2053,2,20
2863,51586,2030,1,0
2864,51587,2094,1,0
2865,51587,2044,2,10
2866,51587,2021,1,0
2867,51588,2057,1,10
2868,51588,2008,1,0
2869,51589,2013,1,0
2870,51590,2044,1,10
2871,51591,2064,2,10
2872,51591,2059,1,0
2873,51591,2006,1,5
2874,51592,2068,2,5
2875,51592,2006,3,0
2876,51593,2082,1,25
2877,51594,2004,1,15
2878,51594,2003,1,0
2879,51595,2052,2,5
2880,51596,2081,2,0
2881,51597,2077,2,0
2882,51598,2061,1,20
2883,51599,2018,1,0
2884,51599,2096,1,20
2885,51599,2003,1,20
2886,51600,2035,1,15
2887,51601,2076,1,10
2888,51601,2062,1,5
2889,51601,2080,1,20
2890,51602,2077,3,20
2891,51603,2094,1,10
2892,51604,2052,2,0
2893,51605,2083,1,0
2894,51606,2016,1,0
2895,51606,2018,1,0
2896,51607,2005,1,10
2897,51607,2021,2,20
2898,51607,2012,1,10
2899,51608,2083,2,10
2900,51608,2050,2,15
2901,51609,2045,1,10
2902,51609,2064,1,10
2903,51610,2036,1,15
2904,51610,2058,1,5
2905,51610,2001,1,20
2906,51611,2072,1,0
2907,51611,2088,3,10
2908,51612,2004,1,10
2909,51612,2009,2,5
2910,51613,2014,1,5
2911,51613,2061,1,0
2912,51614,2077,2,15
2913,51615,2083,1,5
2914,51616,2079,1,10
2915,51616,2058,2,20
2916,51617,2071,2,10
2917,51617,2028,1,20
2918,51618,2075,2,0
2919,51619,2019,1,5
2920,51619,2097,1,0
2921,51619,2005,1,20
2922,51619,2095,1,15
2923,51620,2047,1,20
2924,51621,2065,1,10
2925,51621,2016,1,0
2926,51622,2032,2,5
2927,51622,2087,2,10
2928,51622,2002,2,0
2929,51622,2020,1,10
2930,51623,2064,2,20
2931,51624,2081,1,5
2932,51624,2044,1,10
2933,51624,2009,1,10
2934,51625,2015,1,0
2935,51625,2090,1,5
2936,51625,2022,1,10
2937,51626,2058,3,15
2938,51626,2094,1,5
2939,51627,2038,1,0
2940,51627,2007,1,0
2941,51627,2082,1,15
2942,51627,2079,3,5
2943,51628,2066,1,10
2944,51628,2091,1,0
2945,51629,2078,1,15
2946,51629,2069,1,5
2947,51630,2034,1,0
2948,51630,2007,1,10
2949,51631,2073,1,15
2950,51632,2085,1,20
2951,51633,2070,2,25
2952,51634,2066,1,10
2953,51635,2072,1,10
2954,51635,2028,1,10
2955,51635,2012,1,10
2956,51636,2063,1,0
2957,51636,2095,1,10
2958,51636,2014,1,25
2959,51637,2008,1,0
2960,51637,2071,1,5
2961,51637,2043,1,0
2962,51637,2091,2,5
2963,51638,2048,1,10
2964,51639,2053,3,5
2965,51639,2007,1,10
2966,51640,2096,1,15
2967,51640,2034,1,0
2968,51641,2044,1,15
2969,51642,2063,3,15
2970,51642,2086,1,10
2971,51643,2080,1,5
2972,51644,2078,1,20
2973,51644,2011,1,5
2974,51644,2009,2,0
2975,51645,2084,2,0
2976,51646,2092,1,20
2977,51646,2063,2,0
2978,51646,2092,1,10
2979,51647,2032,1,15
2980,51647,2036,1,10
2981,51647,2018,2,10
2982,51648,2080,2,5
2983,51648,2067,1,10
2984,51649,2023,1,0
2985,51650,2100,1,5
2986,51651,2004,2,0
2987,51651,2078,1,10
2988,51651,2021,2,0
2989,51651,2079,1,10
2990,51652,2049,1,0
2991,51653,2024,1,5
2992,51654,2006,1,0
2993,51654,2063,1,10
2994,51654,2017,2,15
2995,51654,2045,1,5
2996,51655,2096,1,15
2997,51655,2089,1,5
2998,51656,2050,1,0
2999,51656,2074,1,5
3000,51657,2083,1,5
3001,51658,2061,2,15
3002,51658,2021,1,0
3003,51659,2082,1,25
3004,51659,2009,1,15
3005,51659,2053,1,5
3006,51660,2079,2,25
3007,51661,2058,1,0
3008,51662,2035,2,15
3009,51663,2042,1,5
3010,51663,2046,1,10
3011,51664,2075,1,0
3012,51665,2100,1,20
3013,51665,2078,2,5
3014,51665,2032,1,10
3015,51666,2012,1,20
3016,51667,2048,1,0
3017,51668,2086,1,25
3018,51668,2064,2,10
3019,51668,2033,1,15
3020,51668,2009,3,10
3021,51669,2026,1,15
3022,51669,2072,2,20
3023,51669,2067,2,5
3024,51669,2046,2,15
3025,51670,2034,2,25
3026,51670,2018,1,15
3027,51671,2098,1,25
3028,51671,2044,2,15
3029,51671,2077,2,5
3030,51672,2047,1,15
3031,51673,2057,1,10
3032,51674,2065,1,0
3033,51675,2036,1,0
3034,51676,2094,1,5
3035,51676,2046,1,15
3036,51677,2077,1,15
3037,51677,2092,1,15
3038,51677,2039,1,0
3039,51678,2024,1,0
3040,51679,2097,1,5
3041,51680,2079,1,15
3042,51680,2080,1,20
3043,51680,2095,1,20
3044,51680,2003,2,0
3045,51681,2095,2,15
3046,51681,2012,1,10
3047,51682,2015,2,20
3048,51683,2022,1,15
3049,51684,2012,1,10
3050,51685,2009,2,15
3051,51686,2013,3,5
3052,51687,2049,1,15
3053,51687,2038,1,15
3054,51688,2035,1,20
3055,51689,2018,1,0
3056,51689,2098,1,20
3057,51690,2034,1,0
3058,51691,2048,2,15
3059,51692,2015,1,20
3060,51693,2022,1,0
3061,51693,2024,2,10
3062,51693,2098,2,10
3063,51694,2018,1,15
3064,51694,2052,1,0
3065,51695,2055,1,20
3066,51696,2008,1,25
3067,51696,2036,1,10
3068,51697,2009,1,5
3069,51697,2018,1,10
3070,51698,2068,1,0
3071,51698,2057,1,15
3072,51699,2050,2,0
3073,51699,2022,3,5
3074,51700,2063,1,0
3075,51700,2091,1,15
3076,51700,2085,1,10
3077,51700,2018,1,15
3078,51701,2069,2,0
3079,51702,2025,1,5
3080,51702,2087,1,5
3081,51703,2048,1,10
3082,51703,2075,1,0
3083,51704,2054,2,10
3084,51704,2068,2,5
3085,51705,2094,1,20
3086,51706,2014,1,10
3087,51706,2091,1,0
3088,51707,2049,2,0
3089,51708,2015,1,5
3090,51708,2044,1,0
3091,51709,2006,1,15
3092,51709,2055,1,15
3093,51710,2048,1,0
3094,51711,2040,1,20
3095,51711,2045,2,0
3096,51711,2063,1,15
3097,51711,2083,2,0
3098,51712,2040,1,5
3099,51712,2002,1,15
3100,51712,2056,1,5
3101,51713,2095,2,0
3102,51713,2040,1,15
3103,51714,2013,1,15
3104,51714,2091,1,20
3105,51714,2042,2,10
3106,51714,2038,1,0
3107,51715,2030,1,10
3108,51715,2074,1,15
3109,51715,2015,1,0
3110,51716,2062,1,0
3111,51717,2035,1,10
3112,51717,2039,1,15
3113,51718,2022,3,5
3114,51718,2081,1,15
3115,51719,2046,1,0
3116,51719,2093,1,10
3117,51720,2083,1,15
3118,51720,2077,2,0
3119,51720,2046,2,5
3120,51721,2095,1,10
3121,51721,2059,2,5
3122,51722,2044,1,20
3123,51723,2035,2,25
3124,51724,2092,1,10
3125,51724,2026,2,15
3126,51725,2088,2,20
3127,51726,2023,1,15
3128,51727,2077,1,15
3129,51728,2029,3,0
3130,51728,2084,1,15
3131,51729,2084,1,5
3132,51730,2074,1,0
3133,51731,2100,1,10
3134,51732,2052,1,0
3135,51733,2084,2,0
3136,51734,2056,2,10
3137,51735,2004,1,0
3138,51735,2042,3,20
3139,51736,2004,1,25
3140,51737,2067,1,15
3141,51738,2016,1,5
3142,51738,2033,1,10
3143,51739,2088,1,0
3144,51740,2074,1,10
3145,51741,2034,1,5
3146,51742,2051,1,10
3147,51743,2059,1,0
3148,51743,2036,1,25
3149,51744,2075,1,0
3150,51744,2015,3,5
3151,51744,2043,1,5
3152,51744,2026,2,10
3153,51745,2068,3,20
3154,51746,2065,2,0
3155,51746,2081,1,0
3156,51747,2037,1,0
3157,51747,2024,1,10
3158,51747,2004,1,10
3159,51748,2087,1,15
3160,51748,2033,1,20
3161,51749,2076,1,0
3162,51749,2037,2,20
3163,51750,2034,1,15
3164,51750,2024,3,10
3165,51751,2079,2,5
3166,51751,2029,2,15
3167,51752,2030,1,10
3168,51752,2071,3,5
3169,51752,2052,1,0
3170,51753,2075,2,10
3171,51754,2011,1,10
3172,51754,2096,1,0
3173,51754,2024,1,20
3174,51755,2012,2,0
3175,51755,2011,2,5
3176,51756,2032,1,5
3177,51756,2043,2,15
3178,51757,2008,1,0
3179,51758,2063,3,15
3180,51759,2062,1,5
3181,51760,2078,2,0
3182,51760,2002,2,0
3183,51760,2010,1,5
3184,51761,2021,1,10
3185,51761,2044,1,0
3186,51762,2059,3,10
3187,51762,2021,1,10
3188,51762,2036,2,25
3189,51763,2052,3,15
3190,51764,2055,1,0
3191,51765,2053,1,10
3192,51766,2065,1,0
3193,51767,2076,1,10
3194,51767,2084,2,5
3195,51768,2097,1,20
3196,51768,2040,1,10
3197,51768,2033,1,20
3198,51769,2028,2,10
3199,51769,2036,1,5
3200,51769,2054,1,0
3201,51770,2061,1,0
3202,51770,2007,2,15
3203,51771,2100,1,20
3204,51772,2005,1,5
3205,51772,2041,2,10
3206,51773,2046,1,5
3207,51773,2035,1,10
3208,51774,2022,1,20
3209,51774,2054,1,0
3210,51775,2001,1,5
3211,51775,2075,1,15
3212,51776,2068,1,5
3213,51777,2078,1,0
3214,51778,2082,1,5
3215,51778,2089,1,10
3216,51778,2015,1,25
3217,51778,2084,1,20
3218,51779,2057,1,10
3219,51779,2013,2,15
3220,51780,2099,1,10
3221,51780,2082,2,10
3222,51780,2027,1,0
3223,51781,2090,1,5
3224,51782,2074,2,10
3225,51782,2045,1,25
3226,51783,2017,3,10
3227,51784,2074,1,20
3228,51784,2094,1,5
3229,51784,2020,1,0
3230,51785,2001,1,25
3231,51786,2023,1,5
3232,51786,2030,1,10
3233,51787,2038,2,0
3234,51788,2098,1,20
3235,51789,2097,1,0
3236,51790,2068,1,20
3237,51790,2022,1,0
3238,51791,2022,1,0
3239,51791,2009,1,15
3240,51791,2080,3,5
3241,51792,2023,1,5
3242,51792,2090,1,10
3243,51792,2061,1,5
3244,51792,2049,1,5
3245,51793,2093,1,0
3246,51793,2016,1,10
3247,51794,2047,2,0
3248,51794,2026,1,20
3249,51795,2019,2,15
3250,51795,2095,2,5
3251,51796,2061,1,10
3252,51797,2017,2,10
3253,51797,2011,1,10
3254,51797,2032,1,5
3255,51798,2084,1,10
3256,51798,2015,1,0
3257,51799,2075,1,10
3258,51799,2011,2,0
3259,51800,2034,1,20
3260,51801,2053,1,5
3261,51802,2013,1,10
3262,51803,2040,3,10
3263,51803,2027,1,0
3264,51803,2005,1,0
3265,51804,2001,1,5
3266,51804,2015,3,10
3267,51805,2075,1,10
3268,51805,2004,1,0
3269,51806,2051,1,10
3270,51806,2003,1,5
3271,51807,2022,1,10
3272,51807,2018,2,5
3273,51808,2034,1,20
3274,51809,2075,1,10
3275,51810,2043,3,5
3276,51810,2002,1,15
3277,51811,2015,1,15
3278,51812,2031,1,10
3279,51813,2028,1,0
3280,51814,2057,1,0
3281,51815,2036,1,5
3282,51815,2075,1,15
3283,51815,2026,3,10
3284,51816,2068,1,5
3285,51816,2011,1,0
3286,51816,2099,1,10
3287,51817,2099,2,10
3288,51817,2028,1,15
3289,51817,2024,1,15
3290,51817,2001,2,0
3291,51818,2098,1,15
3292,51818,2004,2,10
3293,51818,2001,1,10
3294,51818,2010,2,5
3295,51819,2030,1,15
3296,51820,2098,3,0
3297,51821,2017,1,0
3298,51821,2058,1,0
3299,51822,2066,2,15
3300,51823,2080,1,15
3301,51823,2070,1,5
3302,51823,2099,1,0
3303,51823,2067,1,0
3304,51824,2085,1,15
3305,51825,2032,1,10
3306,51825,2041,1,15
3307,51826,2074,1,15
3308,51826,2088,2,20
3309,51827,2001,1,5
3310,51827,2044,1,15
3311,51827,2081,1,10
3312,51828,2012,1,15
3313,51828,2036,1,10
3314,51829,2055,1,20
3315,51829,2009,1,5
3316,51830,2092,1,15
3317,51831,2037,1,10
3318,51831,2079,1,25
3319,51832,2043,1,0
3320,51832,2041,1,10
3321,51833,2097,1,0
3322,51833,2086,1,20
3323,51834,2052,3,15
3324,51834,2047,1,10
3325,51835,2079,1,10
3326,51836,2069,2,15
3327,51837,2098,2,10
3328,51837,2034,1,5
3329,51837,2012,1,15
3330,51837,2020,1,10
3331,51838,2053,1,5
3332,51839,2032,1,10
3333,51839,2081,1,0
3334,51840,2088,3,15
3335,51840,2019,1,10
3336,51841,2099,2,10
3337,51841,2064,1,0
3338,51841,2027,1,15
3339,51842,2021,2,15
3340,51843,2017,1,15
3341,51844,2048,1,10
3342,51844,2008,1,10
3343,51844,2014,1,10
3344,51845,2076,2,0
3345,51845,2049,1,0
3346,51846,2053,2,5
3347,51846,2033,1,15
3348,51847,2056,2,5
3349,51848,2035,1,15
3350,51849,2005,1,10
3351,51849,2057,2,5
3352,51849,2009,1,0
3353,51850,2069,1,10
3354,51850,2092,2,5
3355,51851,2067,1,0
3356,51851,2058,1,15
3357,51851,2097,1,25
3358,51852,2022,2,0
3359,51852,2078,1,0
3360,51852,2021,1,10
3361,51852,2001,1,25
3362,51853,2025,1,20
3363,51853,2051,1,20
3364,51854,2007,2,10
3365,51854,2028,2,25
3366,51855,2005,2,5
3367,51855,2025,2,0
3368,51856,2072,1,15
3369,51856,2016,1,10
3370,51856,2027,1,15
3371,51857,2014,1,10
3372,51857,2039,1,15
3373,51858,2077,1,5
3374,51859,2054,1,5
3375,51859,2021,1,15
3376,51859,2033,1,10
3377,51860,2068,3,0
3378,51860,2048,1,5
3379,51861,2046,1,15
3380,51861,2087,1,20
3381,51861,2082,1,15
3382,51862,2025,1,15
3383,51863,2071,3,15
3384,51864,2080,2,0
3385,51864,2090,1,10
3386,51865,2027,2,10
3387,51865,2073,1,20
3388,51866,2019,2,0
3389,51867,2045,1,25
3390,51868,2008,1,15
3391,51868,2061,3,0
3392,51869,2069,1,10
3393,51869,2045,1,0
3394,51869,2042,2,10
3395,51869,2025,1,10
3396,51870,2078,1,15
3397,51871,2092,1,10
3398,51872,2014,1,15
3399,51873,2028,1,5
3400,51874,2061,1,20
3401,51875,2037,1,20
3402,51875,2002,1,10
3403,51876,2003,1,5
3404,51876,2024,1,25
3405,51877,2097,1,15
3406,51878,2061,1,20
3407,51879,2026,1,0
3408,51879,2006,1,15
3409,51879,2076,2,0
3410,51879,2038,1,10
3411,51880,2040,1,15
3412,51881,2057,1,5
3413,51881,2023,1,0
3414,51882,2073,1,10
3415,51883,2032,1,5
3416,51883,2071,1,10
3417,51883,2052,1,0
3418,51884,2015,1,5
3419,51884,2063,3,10
3420,51884,2008,1,25
3421,51885,2072,1,10
3422,51886,2038,1,5
3423,51886,2068,1,25
3424,51887,2025,2,20
3425,51887,2041,1,10
3426,51888,2031,1,10
3427,51889,2026,1,5
3428,51889,2035,2,10
3429,51890,2006,1,20
3430,51891,2040,1,25
3431,51891,2013,1,0
3432,51892,2052,1,5
3433,51892,2010,1,20
3434,51892,2001,1,20
3435,51892,2044,3,15
3436,51893,2030,1,0
3437,51894,2088,1,15
3438,51895,2027,3,10
3439,51896,2040,1,5
3440,51896,2024,1,5
3441,51896,2089,1,5
3442,51896,2079,2,10
3443,51897,2018,1,0
3444,51898,2026,1,10
3445,51899,2019,1,0
3446,51899,2016,1,5
3447,51900,2025,2,25
3448,51900,2086,1,15
3449,51901,2046,1,0
3450,51901,2039,1,15
3451,51902,2020,1,0
3452,51902,2019,2,10
3453,51902,2056,1,5
3454,51902,2076,1,20
3455,51903,2056,1,0
3456,51904,2066,2,20
3457,51904,2027,1,15
3458,51905,2095,1,5
3459,51905,2083,1,20
3460,51906,2088,2,5
3461,51907,2067,2,15
3462,51907,2070,1,15
3463,51907,2008,1,5
3464,51908,2017,1,0
3465,51908,2014,1,20
3466,51909,2049,1,0
3467,51910,2059,1,20
3468,51911,2012,1,5
3469,51912,2076,1,5
3470,51912,2055,1,10
3471,51912,2060,1,10
3472,51913,2092,2,25
3473,51914,2059,1,0
3474,51914,2001,1,10
3475,51914,2077,2,5
3476,51915,2088,2,0
3477,51916,2009,2,5
3478,51916,2054,2,10
3479,51916,2047,1,10
3480,51916,2016,1,5
3481,51917,2028,2,25
3482,51917,2086,1,5
3483,51917,2040,1,20
3484,51918,2054,1,0
3485,51919,2078,1,15
3486,51920,2045,1,5
3487,51920,2090,1,10
3488,51920,2050,1,20
3489,51921,2099,1,15
3490,51922,2015,1,5
3491,51923,2089,1,15
3492,51923,2012,2,5
3493,51923,2082,1,0
3494,51924,2067,1,10
3495,51924,2056,1,20
3496,51924,2089,1,0
3497,51925,2065,1,15
3498,51925,2070,1,20
3499,51926,2076,2,10
3500,51926,2085,1,10
3501,51926,2024,1,0
3502,51927,2085,1,0
3503,51927,2059,3,5
3504,51928,2004,2,10
3505,51928,2092,1,5
3506,51929,2078,3,10
3507,51930,2090,1,10
3508,51930,2078,2,0
3509,51931,2035,2,15
3510,51931,2035,2,10
3511,51932,2028,1,10
3512,51932,2041,1,10
3513,51933,2004,1,5
3514,51933,2075,1,10
3515,51933,2076,2,15
3516,51933,2099,1,15
3517,51934,2056,1,15
3518,51935,2099,1,0
3519,51935,2021,1,15
3520,51936,2048,1,5
3521,51936,2079,1,0
3522,51937,2079,1,0
3523,51938,2078,1,20
3524,51939,2047,1,10
3525,51939,2008,3,20
3526,51939,2087,1,10
3527,51939,2039,1,20
3528,51940,2065,2,10
3529,51941,2014,1,10
3530,51941,2094,1,0
3531,51942,2026,1,10
3532,51942,2100,1,10
3533,51943,2072,1,0
3534,51943,2034,2,0
3535,51943,2037,1,5
3536,51944,2098,1,0
3537,51944,2060,2,10
3538,51945,2070,1,10
3539,51946,2062,1,20
3540,51947,2024,1,10
3541,51947,2014,1,15
3542,51948,2001,1,10
3543,51949,2041,1,15
3544,51949,2069,2,5
3545,51950,2031,2,5
3546,51951,2023,2,0
3547,51952,2039,1,10
3548,51952,2024,1,5
3549,51952,2044,1,10
3550,51952,2056,1,20
3551,51953,2028,1,15
3552,51953,2004,1,5
3553,51953,2011,1,10
3554,51954,2042,1,10
3555,51954,2018,1,20
3556,51955,2080,3,15
3557,51956,2017,1,5
3558,51956,2003,1,20
3559,51956,2062,1,0
3560,51956,2063,1,5
3561,51957,2068,1,0
3562,51957,2016,1,5
3563,51958,2069,1,5
3564,51958,2087,1,0
3565,51958,2061,1,0
3566,51958,2040,1,0
3567,51959,2049,1,20
3568,51960,2082,1,15
3569,51961,2015,1,15
3570,51961,2073,1,15
3571,51962,2027,1,15
3572,51962,2088,1,0
3573,51962,2014,3,20
3574,51963,2052,3,5
3575,51964,2041,2,10
3576,51965,2049,1,20
3577,51965,2039,1,0
3578,51966,2004,1,5
3579,51966,2086,1,20
3580,51966,2054,1,10
3581,51966,2061,3,5
3582,51967,2053,2,25
3583,51967,2053,1,20
3584,51968,2061,1,20
3585,51968,2042,2,0
3586,51968,2014,2,20
3587,51969,2003,1,10
3588,51969,2054,1,15
3589,51970,2019,1,0
3590,51970,2046,1,10
3591,51970,2061,1,0
3592,51971,2060,1,20
3593,51971,2017,1,10
3594,51972,2067,1,10
3595,51973,2095,2,0
3596,51973,2037,1,5
3597,51974,2012,1,10
3598,51974,2051,1,15
3599,51975,2062,2,10
3600,51975,2040,1,0
3601,51976,2060,1,10
3602,51977,2077,1,5
3603,51977,2058,1,10
3604,51978,2080,2,10
3605,51978,2015,1,0
3606,51978,2030,1,0
3607,51979,2056,1,10
3608,51980,2026,1,10
3609,51980,2100,2,0
3610,51980,2068,1,10
3611,51981,2042,2,10
3612,51982,2078,1,0
3613,51983,2099,1,0
3614,51984,2002,3,5
3615,51984,2056,1,15
3616,51985,2043,2,0
3617,51986,2076,1,20
3618,51986,2031,1,10
3619,51987,2033,3,15
3620,51987,2077,1,25
3621,51988,2090,1,5
3622,51988,2015,1,10
3623,51989,2062,1,5
3624,51989,2078,1,0
3625,51989,2017,1,15
3626,51990,2067,3,0
3627,51990,2098,1,20
3628,51990,2085,1,15
3629,51990,2020,1,10
3630,51991,2100,1,10
3631,51992,2036,1,20
3632,51993,2048,1,0
3633,51994,2030,1,15
3634,51994,2070,2,0
3635,51995,2013,3,0
3636,51996,2071,2,5
3637,51996,2006,1,5
3638,51997,2085,2,0
3639,51997,2033,1,15
3640,51998,2052,1,10
3641,51998,2023,1,20
3642,51999,2011,1,15
3643,52000,2003,1,15
3644,52001,2098,1,20
3645,52002,2014,1,15
3646,52002,2006,3,0
3647,52002,2052,1,0
3648,52003,2097,1,5
3649,52003,2009,1,5
3650,52004,2026,1,20
3651,52004,2056,3,10
3652,52005,2050,1,20
3653,52005,2015,1,5
3654,52006,2096,1,20
3655,52006,2036,1,0
3656,52007,2068,1,10
3657,52008,2046,3,20
3658,52009,2059,1,10
3659,52010,2091,1,15
3660,52011,2033,1,5
3661,52012,2082,2,15
3662,52012,2030,1,10
3663,52013,2032,1,15
3664,52014,2004,1,10
3665,52015,2035,2,10
3666,52016,2059,1,10
3667,52017,2064,2,10
3668,52018,2044,2,15
3669,52019,2036,1,0
3670,52020,2023,1,15
3671,52020,2091,1,5
3672,52020,2039,2,0
3673,52020,2031,1,10
3674,52021,2095,3,10
3675,52022,2064,1,15
3676,52023,2085,1,25
3677,52023,2039,2,10
3678,52024,2044,2,25
3679,52025,2073,1,10
3680,52025,2098,2,5
3681,52026,2079,1,10
3682,52027,2047,1,0
3683,52027,2060,1,25
3684,52027,2035,1,10
3685,52028,2046,1,0
3686,52028,2039,1,10
3687,52028,2010,2,0
3688,52029,2088,1,0
3689,52029,2014,1,0
3690,52030,2027,1,20
3691,52031,2026,1,0
3692,52032,2023,1,10
3693,52033,2050,3,10
3694,52033,2097,3,20
3695,52034,2033,1,20
3696,52035,2074,1,20
3697,52035,2074,1,5
3698,52036,2077,1,10
3699,52037,2063,1,15
3700,52037,2075,2,0
3701,52038,2077,1,0
3702,52039,2069,1,20
3703,52040,2056,3,0
3704,52040,2010,1,5
3705,52041,2051,1,0
3706,52041,2076,2,0
3707,52042,2035,1,25
3708,52043,2025,1,0
3709,52044,2060,1,10
3710,52044,2014,1,5
3711,52044,2072,1,10
3712,52045,2099,2,15
3713,52045,2049,1,10
3714,52046,2003,1,10
3715,52046,2028,3,10
3716,52047,2004,3,0
3717,52047,2046,2,5
3718,52048,2031,2,20
3719,52048,2078,3,15
3720,52049,2085,2,0
3721,52049,2044,1,20
3722,52050,2098,1,15
3723,52051,2045,1,15
3724,52051,2012,1,15
3725,52052,2091,1,25
3726,52052,2040,1,0
3727,52053,2089,1,5
3728,52054,2074,1,25
3729,52054,2094,1,10
3730,52055,2065,1,15
3731,52056,2060,1,5
3732,52057,2024,1,0
3733,52057,2028,1,25
3734,52057,2033,1,5
3735,52058,2031,1,10
3736,52058,2060,2,0
3737,52058,2088,1,25
3738,52059,2004,2,5
3739,52060,2062,2,20
3740,52060,2076,3,5
3741,52061,2045,2,20
3742,52062,2028,1,5
3743,52062,2044,1,20
3744,52063,2083,1,10
3745,52064,2092,1,0
3746,52064,2069,1,5
3747,52065,2049,3,15
3748,52066,2065,1,10
3749,52067,2068,1,5
3750,52067,2077,3,0
3751,52067,2015,1,15
3752,52068,2008,1,10
3753,52069,2035,1,15
3754,52070,2026,1,10
3755,52071,2062,1,5
3756,52071,2053,1,5
3757,52072,2092,1,0
3758,52073,2078,1,20
3759,52073,2015,1,5
3760,52074,2085,1,10
3761,52075,2078,1,5
3762,52075,2039,1,5
3763,52076,2006,2,15
3764,52076,2080,1,10
3765,52076,2020,1,15
3766,52077,2023,1,0
3767,52078,2048,1,20
3768,52078,2009,2,25
3769,52079,2040,3,25
3770,52080,2025,1,0
3771,52081,2006,1,10
3772,52081,2091,1,20
3773,52082,2027,2,15
3774,52082,2055,1,0
3775,52082,2082,1,20
3776,52083,2049,2,20
3777,52083,2030,1,15
3778,52083,2075,2,5
3779,52084,2070,1,10
3780,52084,2002,2,15
3781,52084,2082,2,5
3782,52085,2012,1,15
3783,52086,2074,1,5
3784,52086,2010,1,0
3785,52087,2007,1,20
3786,52088,2013,1,5
3787,52088,2075,2,0
3788,52088,2046,2,20
3789,52088,2061,3,15
3790,52089,2029,1,15
3791,52089,2012,1,5
3792,52090,2079,1,10
3793,52091,2084,1,0
3794,52091,2084,1,0
3795,52091,2007,1,5
3796,52092,2093,1,10
3797,52092,2055,1,10
3798,52093,2020,1,0
3799,52093,2020,1,20
3800,52093,2051,1,25
3801,52094,2061,2,0
3802,52094,2005,1,15
3803,52095,2050,1,10
3804,52095,2024,1,10
3805,52095,2092,1,10
3806,52096,2062,1,15
3807,52096,2038,1,0
3808,52097,2043,2,10
3809,52097,2084,1,5
3810,52098,2070,1,0
3811,52098,2039,1,10
3812,52099,2084,2,5
3813,52100,2063,1,15
3814,52101,2006,3,10
3815,52101,2064,2,0
3816,52101,2094,2,20
3817,52101,2087,1,5
3818,52102,2005,1,15
3819,52102,2089,2,5
3820,52102,2099,3,0
3821,52103,2017,2,20
3822,52103,2064,3,20
3823,52103,2076,1,5
3824,52103,2005,1,5
3825,52104,2083,1,15
3826,52105,2040,1,0
3827,52106,2030,1,20
3828,52106,2026,1,0
3829,52106,2051,1,0
3830,52107,2080,1,0
3831,52108,2083,1,5
3832,52109,2023,1,20
3833,52110,2083,1,10
3834,52110,2083,1,0
3835,52110,2007,2,0
3836,52111,2032,1,5
3837,52111,2002,1,10
3838,52112,2099,1,10
3839,52113,2048,1,0
3840,52113,2028,1,15
3841,52114,2090,2,10
3842,52115,2069,1,25
3843,52115,2095,2,10
3844,52116,2081,1,5
3845,52116,2096,1,0
3846,52117,2022,2,20
3847,52117,2021,2,0
3848,52118,2008,1,5
3849,52119,2035,1,10
3850,52120,2056,1,10
3851,52121,2057,1,10
3852,52121,2068,1,15
3853,52121,2074,1,0
3854,52122,2082,1,15
3855,52123,2052,3,20
3856,52123,2028,1,0
3857,52124,2044,2,0
3858,52125,2088,1,25
3859,52125,2082,1,5
3860,52125,2092,1,10
3861,52125,2055,1,5
3862,52126,2078,1,10
3863,52126,2042,1,15
3864,52127,2001,1,15
3865,52128,2075,1,5
3866,52128,2009,1,5
3867,52129,2064,1,10
3868,52129,2100,1,5
3869,52130,2003,1,10
3870,52130,2074,1,10
3871,52131,2087,1,20
3872,52131,2063,2,0
3873,52131,2069,3,0
3874,52131,2091,1,15
3875,52132,2078,1,10
3876,52132,2004,3,0
3877,52133,2078,1,20
3878,52133,2076,1,10
3879,52133,2023,1,10
3880,52134,2066,1,15
3881,52134,2085,1,10
3882,52135,2085,2,5
3883,52136,2088,1,5
3884,52136,2078,1,10
3885,52137,2013,1,10
3886,52137,2049,1,15
3887,52138,2024,2,10
3888,52139,2008,2,0
3889,52139,2027,2,15
3890,52140,2091,1,0
3891,52141,2060,2,20
3892,52142,2077,1,15
3893,52142,2051,1,10
3894,52142,2036,1,10
3895,52143,2049,1,0
3896,52144,2099,1,10
3897,52144,2029,2,0
3898,52144,2032,2,10
3899,52145,2085,1,0
3900,52146,2038,1,10
3901,52146,2091,1,0
3902,52147,2098,1,0
3903,52147,2007,1,10
3904,52147,2067,1,15
3905,52148,2010,1,0
3906,52148,2088,1,10
3907,52149,2012,3,15
3908,52149,2089,2,10
3909,52149,2077,1,10
3910,52150,2054,1,0
3911,52151,2021,1,0
3912,52152,2027,1,0
3913,52152,2044,2,25
3914,52153,2085,1,0
3915,52153,2090,1,0
3916,52154,2051,1,0
3917,52154,2024,2,15
3918,52155,2057,2,5
3919,52155,2084,1,15
3920,52156,2055,3,5
3921,52157,2090,1,15
3922,52158,2001,1,20
3923,52158,2051,2,10
3924,52158,2005,1,25
3925,52159,2062,1,20
3926,52159,2062,1,0
3927,52160,2032,1,10
3928,52160,2080,1,10
3929,52161,2096,1,20
3930,52161,2046,1,10
3931,52162,2044,1,15
3932,52162,2020,1,5
3933,52162,2003,2,15
3934,52163,2041,3,0
3935,52163,2045,1,10
3936,52163,2077,1,0
3937,52164,2087,1,15
3938,52165,2011,1,15
3939,52165,2016,1,0
3940,52165,2057,1,15
3941,52166,2038,1,20
3942,52167,2071,3,0
3943,52168,2033,1,10
3944,52168,2042,1,0
3945,52168,2045,2,0
3946,52169,2061,2,15
3947,52170,2007,1,5
3948,52171,2089,1,10
3949,52171,2034,1,0
3950,52172,2022,1,0
3951,52172,2065,2,10
3952,52172,2014,1,5
3953,52172,2060,1,20
3954,52173,2007,1,0
3955,52174,2027,1,10
3956,52174,2073,2,15
3957,52175,2038,1,10
3958,52175,2091,2,15
3959,52176,2036,2,0
3960,52177,2070,1,15
3961,52177,2003,1,10
3962,52178,2098,1,15
3963,52178,2062,1,0
3964,52179,2071,1,0
3965,52179,2033,1,5
3966,52180,2029,1,5
3967,52180,2044,2,0
3968,52181,2026,1,0
3969,52181,2003,2,0
3970,52181,2067,3,0
3971,52181,2072,1,0
3972,52182,2068,1,15
3973,52182,2056,1,20
3974,52182,2053,2,5
3975,52183,2099,2,0
3976,52184,2053,2,5
3977,52184,2071,1,15
3978,52185,2042,2,20
3979,52185,2004,1,0
3980,52186,2035,1,0
3981,52187,2073,1,5
3982,52187,2064,1,5
3983,52188,2070,1,0
3984,52188,2075,2,15
3985,52189,2022,1,0
3986,52190,2082,2,0
3987,52191,2072,1,15
3988,52191,2031,1,15
3989,52192,2051,1,0
3990,52193,2086,1,15
3991,52193,2017,1,5
3992,52193,2031,1,5
3993,52194,2020,1,0
3994,52195,2031,1,0
3995,52195,2021,1,0
3996,52196,2081,1,10
3997,52196,2100,1,20
3998,52197,2097,1,0
3999,52198,2036,1,5
4000,52198,2094,2,5
4001,52199,2009,1,5
4002,52200,2012,1,15
4003,52201,2033,2,0
4004,52201,2029,1,10
4005,52202,2092,2,10
4006,52203,2076,2,20
4007,52203,2076,2,5
4008,52203,2081,2,0
4009,52204,2073,1,0
4010,52204,2051,1,10
4011,52205,2006,1,10
4012,52206,2002,1,10
4013,52207,2098,1,0
4014,52207,2051,1,0
4015,52207,2096,3,10
4016,52208,2004,1,0
4017,52209,2064,1,20
4018,52209,2029,1,15
4019,52210,2037,1,0
4020,52211,2066,1,10
4021,52211,2050,1,0
4022,52211,2014,3,20
4023,52212,2100,1,10
4024,52213,2072,1,5
4025,52213,2037,1,15
4026,52214,2063,1,0
4027,52214,2016,1,5
4028,52215,2043,1,0
4029,52216,2043,1,5
4030,52216,2038,1,0
4031,52217,2049,2,25
4032,52218,2092,2,10
4033,52219,2001,1,20
4034,52220,2056,1,0
4035,52220,2095,2,20
4036,52221,2089,1,10
4037,52221,2090,1,10
4038,52221,2042,1,15
4039,52222,2057,1,10
4040,52223,2060,3,10
4041,52223,2084,1,20
4042,52223,2096,1,0
4043,52224,2026,1,0
4044,52224,2013,1,25
4045,52224,2027,2,20
4046,52225,2027,1,10
4047,52226,2031,2,15
4048,52227,2092,1,20
4049,52228,2022,2,10
4050,52229,2043,2,0
4051,52229,2036,1,10
4052,52230,2028,2,5
4053,52230,2020,1,0
4054,52231,2100,1,25
4055,52232,2063,1,15
4056,52232,2011,1,15
4057,52233,2066,3,10
4058,52234,2062,2,5
4059,52234,2036,1,10
4060,52234,2079,2,15
4061,52235,2081,1,10
4062,52235,2079,1,0
4063,52236,2064,2,15
4064,52237,2045,1,5
4065,52237,2021,2,5
4066,52238,2005,1,10
4067,52239,2092,1,25
4068,52239,2085,1,5
4069,52239,2021,1,0
4070,52239,2081,1,25
4071,52240,2005,1,25
4072,52241,2024,1,0
4073,52241,2016,2,15
4074,52241,2035,1,20
4075,52242,2032,1,0
4076,52242,2052,1,15
4077,52242,2046,1,0
4078,52242,2012,1,15
4079,52243,2015,1,0
4080,52243,2083,1,15
4081,52244,2055,3,15
4082,52244,2093,1,0
4083,52245,2014,1,15
4084,52245,2031,1,0
4085,52246,2016,1,0
4086,52247,2093,1,20
4087,52247,2016,1,20
4088,52247,2081,1,15
4089,52247,2020,2,20
4090,52248,2073,1,0
4091,52249,2046,2,10
4092,52249,2097,1,20
4093,52249,2007,1,20
4094,52250,2033,1,5
4095,52250,2073,2,5
4096,52251,2092,1,15
4097,52252,2054,1,0
4098,52253,2010,1,15
4099,52254,2063,3,0
4100,52255,2048,1,10
4101,52255,2078,1,0
4102,52256,2056,3,15
4103,52257,2090,2,25
4104,52257,2013,1,10
4105,52257,2063,1,25
4106,52257,2074,1,5
4107,52258,2041,3,5
4108,52259,2048,1,20
4109,52259,2070,2,0
4110,52260,2046,1,5
4111,52261,2040,3,15
4112,52262,2059,1,0
4113,52262,2081,1,20
4114,52263,2014,2,10
4115,52264,2088,3,0
4116,52264,2021,2,5
4117,52265,2010,1,5
4118,52265,2019,1,15
4119,52266,2008,2,0
4120,52267,2096,1,20
4121,52268,2030,1,0
4122,52269,2078,1,5
4123,52270,2019,1,10
4124,52270,2053,1,5
4125,52271,2043,1,10
4126,52272,2066,3,10
4127,52273,2099,1,5
4128,52273,2065,1,10
4129,52274,2071,1,20
4130,52275,2027,1,0
4131,52275,2013,2,10
4132,52275,2009,2,5
4133,52276,2031,1,20
4134,52276,2056,3,0
4135,52276,2007,1,0
4136,52277,2027,2,5
4137,52277,2064,2,10
4138,52278,2088,2,0
4139,52278,2099,1,15
4140,52279,2024,1,5
4141,52280,2011,1,20
4142,52281,2058,1,20
4143,52281,2094,1,15
4144,52281,2043,1,15
4145,52282,2091,1,10
4146,52283,2075,1,15
4147,52284,2090,1,0
4148,52284,2096,1,15
4149,52285,2011,1,10
4150,52285,2042,1,15
4151,52286,2005,2,10
4152,52286,2005,1,10
4153,52287,2048,1,5
4154,52288,2067,2,5
4155,52288,2089,1,5
4156,52288,2013,1,15
4157,52289,2004,2,0
4158,52290,2011,2,20
4159,52290,2093,1,15
4160,52290,2067,1,20
4161,52290,2049,2,20
4162,52291,2011,1,10
4163,52292,2038,1,20
4164,52292,2013,1,10
4165,52292,2004,1,0
4166,52293,2044,1,0
4167,52293,2051,2,0
4168,52293,2046,1,0
4169,52294,2088,3,5
4170,52295,2092,2,25
4171,52295,2013,2,0
4172,52295,2028,2,20
4173,52296,2051,1,15
4174,52297,2041,1,20
4175,52298,2044,1,15
4176,52299,2071,1,25
4177,52299,2018,1,0
4178,52300,2083,2,10
4179,52301,2027,2,5
4180,52301,2035,1,5
4181,52302,2023,1,10
4182,52302,2064,1,10
4183,52302,2070,2,25
4184,52302,2063,3,5
4185,52303,2050,1,20
4186,52303,2031,1,0
4187,52303,2069,2,10
4188,52304,2012,1,5
4189,52305,2032,2,25
4190,52305,2069,1,10
4191,52306,2070,1,0
4192,52307,2027,1,20
4193,52308,2035,2,5
4194,52308,2032,1,20
4195,52308,2089,2,0
4196,52309,2058,2,0
4197,52309,2012,2,5
4198,52309,2017,2,15
4199,52309,2007,2,15
4200,52310,2025,2,10
4201,52311,2023,1,0
4202,52312,2045,2,10
4203,52313,2075,3,10
4204,52314,2088,1,5
4205,52315,2056,1,5
4206,52316,2078,1,10
4207,52317,2066,2,10
4208,52318,2032,3,10
4209,52318,2062,1,0
4210,52318,2031,3,20
4211,52319,2031,1,15
4212,52319,2099,1,15
4213,52320,2092,2,15
4214,52320,2066,3,10
4215,52321,2060,1,25
4216,52322,2069,3,5
4217,52322,2076,2,5
4218,52322,2006,2,15
4219,52323,2036,2,20
4220,52324,2011,1,10
4221,52324,2053,1,20
4222,52324,2030,1,10
4223,52325,2034,1,5
4224,52326,2085,1,20
4225,52326,2021,1,10
4226,52326,2092,1,20
4227,52327,2043,1,15
4228,52328,2020,1,0
4229,52328,2015,1,20
4230,52328,2072,1,0
4231,52329,2091,1,15
4232,52330,2088,1,15
4233,52330,2018,2,15
4234,52330,2088,1,20
4235,52331,2023,1,10
4236,52331,2046,3,5
4237,52332,2001,2,10
4238,52333,2026,1,15
4239,52333,2032,1,5
4240,52334,2096,1,5
4241,52335,2028,1,10
4242,52335,2028,2,20
4243,52336,2028,1,10
4244,52337,2026,3,20
4245,52337,2054,1,10
4246,52338,2021,2,20
4247,52338,2030,1,15
4248,52338,2054,1,5
4249,52339,2076,1,10
4250,52340,2011,1,25
4251,52340,2035,1,25
4252,52341,2058,2,5
4253,52341,2092,1,20
4254,52341,2095,1,20
4255,52342,2088,1,5
4256,52342,2051,1,10
4257,52343,2010,1,15
4258,52344,2097,1,0
4259,52345,2063,2,15
4260,52346,2091,1,0
4261,52347,2093,2,10
4262,52348,2080,1,5
4263,52348,2043,1,15
4264,52348,2061,1,0
4265,52349,2070,1,10
4266,52349,2089,1,5
4267,52350,2023,1,0
4268,52350,2056,1,20
4269,52351,2060,2,0
4270,52352,2021,3,0
4271,52353,2041,1,0
4272,52353,2093,1,10
4273,52354,2002,1,5
4274,52354,2051,1,10
4275,52355,2061,1,15
4276,52355,2091,1,0
4277,52355,2029,2,0
4278,52356,2040,1,5
4279,52356,2009,3,20
4280,52357,2034,2,0
4281,52358,2100,1,15
4282,52358,2077,1,25
4283,52359,2043,1,0
4284,52359,2064,1,5
4285,52360,2097,1,15
4286,52361,2044,1,20
4287,52361,2030,1,0
4288,52362,2088,1,10
4289,52363,2086,1,15
4290,52364,2052,2,5
4291,52365,2002,3,10
4292,52365,2002,2,10
4293,52366,2012,1,20
4294,52366,2070,1,10
4295,52367,2018,1,10
4296,52368,2007,3,10
4297,52368,2069,1,0
4298,52369,2049,1,10
4299,52369,2054,2,0
4300,52370,2020,1,10
4301,52371,2022,3,10
4302,52372,2025,1,20
4303,52373,2065,1,15
4304,52374,2098,3,10
4305,52374,2092,1,10
4306,52374,2012,1,5
4307,52374,2068,1,5
4308,52375,2076,1,0
4309,52375,2005,1,0
4310,52375,2064,1,15
4311,52376,2045,1,25
4312,52377,2020,1,10
4313,52377,2079,1,0
4314,52378,2094,1,0
4315,52379,2060,2,0
4316,52380,2021,1,20
4317,52381,2043,1,10
4318,52382,2052,1,20
4319,52383,2091,1,5
4320,52384,2080,1,10
4321,52385,2068,3,10
4322,52386,2077,1,0
4323,52386,2070,2,15
4324,52387,2032,1,15
4325,52388,2014,2,0
4326,52388,2084,2,0
4327,52389,2056,2,10
4328,52390,2097,1,25
4329,52390,2069,1,25
4330,52390,2048,1,0
4331,52390,2065,1,15
4332,52391,2066,1,15
4333,52392,2099,2,20
4334,52392,2037,1,0
4335,52393,2039,1,25
4336,52394,2036,2,15
4337,52395,2011,1,10
4338,52395,2047,2,0
4339,52396,2045,2,0
4340,52396,2020,1,5
4341,52397,2082,1,20
4342,52397,2069,3,15
4343,52397,2025,1,20
4344,52397,2017,3,5
4345,52398,2062,1,20
4346,52398,2001,1,20
4347,52399,2016,1,0
4348,52400,2044,1,0
4349,52400,2100,1,15
4350,52401,2008,1,10
4351,52402,2053,1,0
4352,52402,2057,1,15
4353,52403,2026,2,5
4354,52403,2053,1,10
4355,52403,2064,1,20
4356,52404,2014,1,0
4357,52405,2096,1,0
4358,52405,2025,1,10
4359,52406,2037,2,15
4360,52407,2003,1,5
4361,52408,2060,2,10
4362,52408,2060,2,10
4363,52408,2012,2,15
4364,52408,2030,1,15
4365,52409,2077,1,5
4366,52410,2072,1,5
4367,52411,2031,1,5
4368,52411,2063,1,0
4369,52412,2075,1,0
4370,52413,2038,1,15
4371,52414,2018,1,20
4372,52415,2003,1,5
4373,52415,2096,1,20
4374,52416,2033,1,10
4375,52417,2081,1,15
4376,52417,2033,1,20
4377,52418,2072,1,5
4378,52419,2034,2,10
4379,52419,2061,1,5
4380,52419,2096,1,20
4381,52420,2076,1,5
4382,52421,2017,1,10
4383,52422,2053,1,0
4384,52422,2028,2,5
4385,52422,2022,2,5
4386,52423,2084,1,15
4387,52423,2099,1,5
4388,52423,2093,2,5
4389,52424,2084,1,0
4390,52425,2047,1,5
4391,52426,2053,2,5
4392,52426,2055,1,10
4393,52426,2074,2,5
4394,52427,2006,1,25
4395,52428,2083,2,10
4396,52429,2081,1,0
4397,52429,2100,1,15
4398,52430,2060,1,0
4399,52430,2046,1,20
4400,52430,2048,1,5
4401,52431,2063,1,0
4402,52431,2031,1,25
4403,52432,2078,1,10
4404,52432,2045,1,20
4405,52433,2029,2,5
4406,52433,2074,1,10
4407,52433,2034,1,5
4408,52433,2009,2,5
4409,52434,2053,1,15
4410,52435,2051,1,0
4411,52435,2030,1,10
4412,52436,2004,1,5
4413,52437,2048,2,10
4414,52437,2078,2,0
4415,52438,2081,1,5
4416,52438,2022,3,10
4417,52439,2044,1,15
4418,52440,2091,1,20
4419,52440,2035,1,0
4420,52441,2048,1,10
4421,52441,2068,1,5
4422,52441,2046,1,10
4423,52442,2085,1,5
4424,52443,2037,1,0
4425,52444,2050,1,10
4426,52445,2052,2,0
4427,52445,2075,2,0
4428,52446,2034,1,20
4429,52446,2028,1,20
4430,52447,2036,1,10
4431,52448,2024,1,0
4432,52449,2020,1,5
4433,52449,2082,2,5
4434,52450,2035,1,15
4435,52451,2028,2,15
4436,52452,2082,2,5
4437,52453,2079,1,5
4438,52453,2025,2,0
4439,52454,2031,1,15
4440,52454,2083,2,5
4441,52454,2028,1,15
4442,52454,2087,1,15
4443,52455,2062,1,0
4444,52455,2067,1,20
4445,52456,2054,2,15
4446,52457,2004,2,10
4447,52457,2083,1,0
4448,52457,2057,2,0
4449,52458,2018,1,0
4450,52459,2084,1,10
4451,52459,2030,1,5
4452,52459,2037,2,20
4453,52459,2064,1,10
4454,52460,2029,1,10
4455,52461,2001,1,20
4456,52461,2033,2,10
4457,52461,2069,1,5
4458,52462,2043,1,25
4459,52462,2072,1,10
4460,52462,2008,1,10
4461,52463,2026,1,5
4462,52463,2024,2,10
4463,52463,2007,1,15
4464,52464,2065,2,10
4465,52465,2022,3,0
4466,52465,2048,1,20
4467,52465,2100,1,10
4468,52466,2025,1,15
4469,52466,2020,1,0
4470,52467,2094,1,10
4471,52468,2036,1,20
4472,52468,2030,2,15
4473,52469,2072,2,0
4474,52469,2013,1,15
4475,52470,2038,2,0
4476,52470,2020,2,5
4477,52470,2090,1,0
4478,52471,2030,1,5
4479,52471,2057,2,0
4480,52472,2053,2,10
4481,52473,2050,1,15
4482,52473,2007,1,5
4483,52474,2027,1,10
4484,52475,2086,1,10
4485,52476,2055,2,25
4486,52476,2088,2,15
4487,52477,2056,1,20
4488,52477,2032,1,15
4489,52478,2035,1,10
4490,52478,2078,1,0
4491,52479,2024,2,20
4492,52479,2060,1,15
4493,52480,2094,2,5
4494,52481,2085,1,5
4495,52481,2039,1,10
4496,52482,2028,1,5
4497,52483,2063,2,25
4498,52483,2062,1,0
4499,52483,2073,1,0
4500,52483,2008,1,0
4501,52484,2054,1,10
4502,52484,2001,1,15
4503,52484,2100,2,10
4504,52485,2088,2,0
4505,52485,2074,1,20
4506,52485,2030,2,5
4507,52486,2075,1,0
4508,52486,2045,1,0
4509,52486,2065,1,10
4510,52487,2024,1,10
4511,52487,2048,1,10
4512,52488,2088,1,0
4513,52488,2019,1,20
4514,52489,2039,1,5
4515,52489,2030,1,5
4516,52489,2018,1,15
4517,52490,2040,1,10
4518,52491,2061,1,25
4519,52491,2006,1,5
4520,52491,2021,1,0
4521,52492,2082,1,25
4522,52493,2027,2,10
4523,52493,2034,1,10
4524,52493,2068,1,0
4525,52494,2075,1,5
4526,52494,2096,1,25
4527,52495,2016,1,25
4528,52495,2076,3,25
4529,52495,2073,1,15
4530,52496,2013,1,10
4531,52496,2088,1,10
4532,52497,2032,2,0
4533,52497,2043,1,15
4534,52498,2080,1,15
4535,52498,2053,1,15
4536,52498,2028,2,5
4537,52499,2033,2,5
4538,52500,2075,2,15
4539,52501,2019,2,25
4540,52502,2048,1,5
4541,52502,2075,1,0
4542,52503,2089,2,20
4543,52503,2083,1,15
4544,52504,2036,1,10
4545,52504,2020,1,20
4546,52505,2094,1,10
4547,52506,2060,1,10
4548,52507,2041,1,15
4549,52507,2091,1,10
4550,52507,2073,1,5
4551,52508,2048,1,5
4552,52508,2020,2,15
4553,52509,2009,2,0
4554,52510,2054,2,20
4555,52511,2012,1,5
4556,52512,2032,2,10
4557,52512,2069,2,0
4558,52512,2002,1,10
4559,52513,2099,1,5
4560,52513,2044,1,15
4561,52514,2088,1,0
4562,52514,2018,2,5
4563,52515,2047,1,20
4564,52515,2096,1,10
4565,52516,2064,1,15
4566,52516,2081,2,15
4567,52516,2069,1,10
4568,52517,2074,1,5
4569,52518,2037,3,5
4570,52519,2046,1,0
4571,52520,2005,1,0
4572,52520,2026,1,10
4573,52520,2007,2,20
4574,52520,2033,2,10
4575,52521,2073,2,5
4576,52521,2021,2,20
4577,52522,2048,1,10
4578,52522,2056,1,5
4579,52523,2017,1,0
4580,52523,2082,1,15
4581,52523,2078,1,10
4582,52524,2019,1,10
4583,52525,2004,1,15
4584,52526,2001,1,10
4585,52526,2030,1,5
4586,52527,2013,3,10
4587,52527,2002,1,0
4588,52527,2047,2,5
4589,52527,2053,1,10
4590,52528,2002,2,0
4591,52529,2060,1,15
4592,52530,2041,1,0
4593,52530,2021,1,5
4594,52530,2012,1,10
4595,52531,2076,2,15
4596,52531,2011,1,0
4597,52532,2021,1,15
4598,52532,2072,1,5
4599,52533,2063,1,5
4600,52534,2100,1,0
4601,52535,2005,1,20
4602,52536,2020,1,5
4603,52537,2067,1,5
4604,52537,2023,1,0
4605,52537,2039,1,10
4606,52538,2030,3,5
4607,52538,2081,1,0
4608,52539,2079,1,15
4609,52539,2081,2,20
4610,52539,2051,3,5
4611,52540,2049,2,5
4612,52541,2058,1,5
4613,52542,2007,2,20
4614,52542,2055,1,10
4615,52543,2028,2,0
4616,52544,2094,1,10
4617,52545,2019,1,5
4618,52546,2004,2,0
4619,52547,2097,1,25
4620,52548,2016,1,0
4621,52549,2052,2,5
4622,52549,2039,1,10
4623,52549,2027,1,10
4624,52550,2049,1,0
4625,52551,2074,1,10
4626,52551,2012,1,15
4627,52552,2067,1,20
4628,52552,2090,2,0
4629,52553,2030,1,0
4630,52553,2068,2,20
4631,52554,2093,2,15
4632,52554,2094,3,10
4633,52555,2065,1,15
4634,52556,2095,1,0
4635,52557,2078,1,25
4636,52557,2052,2,10
4637,52558,2013,2,20
4638,52558,2086,2,10
4639,52558,2029,1,15
4640,52558,2074,1,5
4641,52559,2065,1,0
4642,52560,2037,1,5
4643,52561,2078,3,20
4644,52561,2066,2,15
4645,52561,2075,2,10
4646,52561,2096,2,0
4647,52562,2028,1,10
4648,52562,2077,1,10
4649,52563,2004,1,10
4650,52563,2071,2,15
4651,52564,2016,2,0
4652,52564,2023,1,10
4653,52565,2020,1,5
4654,52565,2084,1,0
4655,52565,2038,1,5
4656,52566,2039,3,15
4657,52566,2037,1,0
4658,52567,2063,1,5
4659,52567,2092,1,10
4660,52568,2068,2,5
4661,52568,2011,1,15
4662,52569,2052,1,15
4663,52570,2011,1,10
4664,52570,2017,1,5
4665,52570,2020,1,0
4666,52570,2070,2,5
4667,52571,2088,2,10
4668,52571,2025,1,0
4669,52571,2095,1,15
4670,52571,2027,1,25
4671,52572,2031,1,15
4672,52572,2013,1,5
4673,52573,2005,2,15
4674,52574,2062,1,5
4675,52574,2041,1,25
4676,52575,2012,1,5
4677,52576,2057,1,15
4678,52576,2035,1,0
4679,52577,2040,1,10
4680,52578,2089,2,5
4681,52578,2041,1,0
4682,52578,2046,1,10
4683,52579,2069,2,0
4684,52579,2090,1,0
4685,52579,2074,2,20
4686,52579,2050,1,0
4687,52580,2031,1,10
4688,52581,2018,1,0
4689,52581,2013,2,15
4690,52582,2076,2,25
4691,52582,2074,1,5
4692,52582,2036,1,25
4693,52583,2094,1,10
4694,52584,2097,1,10
4695,52585,2063,1,0
4696,52586,2027,3,25
4697,52586,2051,1,20
4698,52586,2083,1,0
4699,52587,2051,1,0
4700,52587,2050,1,5
4701,52588,2054,3,0
4702,52589,2085,1,5
4703,52590,2042,2,25
4704,52591,2019,1,20
4705,52592,2052,1,10
4706,52592,2064,1,5
4707,52593,2094,2,10
4708,52594,2012,1,20
4709,52594,2095,1,15
4710,52595,2081,1,20
4711,52595,2072,1,15
4712,52596,2024,2,10
4713,52596,2021,2,0
4714,52596,2043,1,15
4715,52597,2019,1,10
4716,52598,2066,1,15
4717,52598,2076,1,15
4718,52599,2048,1,0
4719,52599,2070,1,5
4720,52600,2078,1,20
4721,52600,2092,2,5
4722,52601,2069,1,0
4723,52602,2024,2,10
4724,52603,2014,2,5
4725,52603,2095,2,10
4726,52604,2078,3,10
4727,52604,2085,1,10
4728,52605,2043,1,25
4729,52605,2016,2,5
4730,52605,2060,2,25
4731,52606,2064,1,15
4732,52606,2022,1,20
4733,52606,2047,2,15
4734,52607,2043,1,0
4735,52607,2026,1,10
4736,52608,2082,1,0
4737,52608,2049,1,10
4738,52608,2093,1,0
4739,52608,2001,1,0
4740,52609,2094,2,20
4741,52609,2067,1,20
4742,52610,2071,2,10
4743,52611,2029,1,10
4744,52612,2008,2,15
4745,52612,2024,1,25
4746,52612,2045,1,0
4747,52613,2034,1,0
4748,52614,2020,1,20
4749,52614,2002,1,0
4750,52614,2070,1,15
4751,52615,2067,2,10
4752,52616,2017,1,10
4753,52617,2079,2,0
4754,52617,2098,1,15
4755,52618,2100,1,10
4756,52618,2020,3,20
4757,52618,2043,1,10
4758,52619,2006,2,20
4759,52619,2002,1,0
4760,52619,2085,1,0
4761,52620,2097,2,20
4762,52621,2021,1,0
4763,52622,2047,1,0
4764,52622,2003,1,0
4765,52623,2082,1,15
4766,52623,2055,1,15
4767,52623,2030,1,20
4768,52624,2097,1,0
4769,52625,2014,1,5
4770,52625,2027,3,5
4771,52626,2075,3,25
4772,52627,2041,2,10
4773,52627,2071,2,5
4774,52628,2024,2,5
4775,52629,2066,1,5
4776,52629,2056,1,15
4777,52629,2005,1,10
4778,52629,2033,1,10
4779,52630,2030,2,10
4780,52631,2060,1,0
4781,52631,2044,1,15
4782,52632,2048,2,15
4783,52632,2017,1,0
4784,52633,2093,3,10
4785,52634,2075,3,20
4786,52635,2068,1,10
4787,52635,2028,1,10
4788,52636,2069,1,15
4789,52636,2024,1,5
4790,52637,2049,2,0
4791,52637,2027,1,10
4792,52638,2031,1,0
4793,52638,2065,1,15
4794,52639,2032,1,15
4795,52640,2074,1,0
4796,52640,2051,1,25
4797,52640,2099,1,20
4798,52641,2020,2,0
4799,52642,2095,1,10
4800,52642,2014,1,0
4801,52643,2055,1,25
4802,52643,2038,2,10
4803,52643,2076,1,15
4804,52644,2014,1,25
4805,52644,2026,1,10
4806,52644,2024,1,20
4807,52645,2093,3,0
4808,52646,2054,2,0
4809,52647,2017,1,10
4810,52647,2080,1,20
4811,52648,2029,1,0
4812,52649,2023,1,10
4813,52649,2050,1,15
4814,52650,2080,1,0
4815,52650,2084,1,10
4816,52651,2002,1,0
4817,52652,2090,1,0
4818,52653,2100,1,5
4819,52653,2033,1,15
4820,52654,2052,1,0
4821,52654,2038,1,5
4822,52655,2048,1,15
4823,52656,2066,3,5
4824,52657,2066,1,10
4825,52658,2048,1,10
4826,52658,2048,1,20
4827,52659,2049,1,20
4828,52659,2041,2,0
4829,52660,2013,1,15
4830,52660,2038,2,10
4831,52660,2072,1,5
4832,52661,2098,1,10
4833,52661,2082,1,20
4834,52661,2087,1,15
4835,52661,2079,1,10
4836,52662,2051,1,0
4837,52662,2069,1,10
4838,52663,2084,1,10
4839,52663,2023,1,10
4840,52663,2015,1,20
4841,52664,2027,2,25
4842,52665,2053,1,25
4843,52665,2079,1,15
4844,52666,2046,1,10
4845,52666,2099,1,5
4846,52667,2033,1,20
4847,52667,2047,1,10
4848,52668,2092,2,0
4849,52668,2018,1,0
4850,52669,2084,1,20
4851,52670,2016,1,5
4852,52670,2091,1,15
4853,52670,2033,1,10
4854,52671,2064,1,5
4855,52671,2072,1,20
4856,52671,2038,1,20
4857,52672,2056,1,0
4858,52672,2076,1,0
4859,52672,2088,1,10
4860,52673,2011,1,0
4861,52674,2050,1,5
4862,52674,2086,1,20
4863,52674,2056,1,0
4864,52674,2003,1,10
4865,52675,2013,1,5
4866,52675,2082,2,5
4867,52676,2043,2,5
4868,52676,2071,1,5
4869,52677,2090,1,15
4870,52678,2009,2,15
4871,52678,2046,1,10
4872,52678,2015,1,20
4873,52679,2085,1,0
4874,52679,2046,1,10
4875,52680,2088,1,15
4876,52680,2030,1,10
4877,52681,2015,1,25
4878,52681,2087,1,10
4879,52681,2062,1,25
4880,52681,2020,1,0
4881,52682,2070,1,0
4882,52683,2042,1,5
4883,52683,2005,1,20
4884,52684,2027,3,0
4885,52685,2076,1,5
4886,52686,2013,1,25
4887,52687,2034,1,10
4888,52688,2026,1,5
4889,52689,2074,1,0
4890,52690,2086,1,15
4891,52691,2079,3,20
4892,52691,2072,1,15
4893,52692,2009,1,0
4894,52693,2092,2,10
4895,52694,2017,1,5
4896,52695,2041,1,20
4897,52696,2083,1,15
4898,52697,2025,1,15
4899,52697,2022,1,5
4900,52697,2003,2,0
4901,52698,2036,1,15
4902,52698,2050,1,10
4903,52699,2047,1,0
4904,52700,2004,1,15
4905,52700,2021,3,0
4906,52701,2001,1,15
4907,52702,2023,1,15
4908,52702,2061,1,0
4909,52703,2001,2,15
4910,52703,2017,1,5
4911,52703,2055,1,10
4912,52703,2056,1,25
4913,52704,2090,1,20
4914,52705,2058,1,5
4915,52706,2093,1,15
4916,52706,2073,2,10
4917,52707,2056,2,15
4918,52708,2039,3,5
4919,52709,2012,1,10
4920,52709,2071,2,0
4921,52710,2094,1,20
4922,52710,2037,1,20
4923,52711,2036,2,5
4924,52712,2010,2,10
4925,52712,2060,2,5
4926,52712,2031,1,0
4927,52713,2002,1,0
4928,52714,2001,2,15
4929,52715,2034,3,5
4930,52715,2047,1,10
4931,52716,2046,1,20
4932,52716,2075,1,0
4933,52717,2053,1,10
4934,52717,2079,1,25
4935,52718,2030,3,15
4936,52718,2024,1,0
4937,52719,2054,2,0
4938,52719,2011,1,15
4939,52720,2077,1,0
4940,52720,2019,1,10
4941,52720,2092,1,0
4942,52721,2099,2,20
4943,52721,2054,1,5
4944,52722,2032,2,5
4945,52723,2034,1,15
4946,52723,2043,3,0
4947,52724,2048,1,10
4948,52725,2008,1,25
4949,52725,2020,1,10
4950,52726,2079,1,0
4951,52727,2006,1,20
4952,52727,2045,2,0
4953,52728,2088,2,5
4954,52728,2009,1,0
4955,52729,2093,1,15
4956,52729,2048,1,5
4957,52730,2043,2,5
4958,52731,2072,2,5
4959,52732,2078,1,5
4960,52732,2048,1,15
4961,52732,2009,1,10
4962,52733,2097,1,10
4963,52733,2001,1,0
4964,52733,2088,1,20
4965,52733,2044,2,5
4966,52734,2052,1,5
4967,52735,2077,3,0
4968,52736,2095,2,25
4969,52737,2016,1,10
4970,52737,2082,1,0
4971,52738,2067,1,0
4972,52739,2037,1,10
4973,52739,2043,1,0
4974,52739,2078,2,10
4975,52740,2015,2,5
4976,52740,2051,1,5
4977,52741,2073,1,15
4978,52742,2054,1,10
4979,52743,2045,1,0
4980,52744,2053,1,5
4981,52744,2052,2,20
4982,52745,2081,1,20
4983,52746,2083,1,15
4984,52747,2092,2,20
4985,52747,2008,1,0
4986,52748,2032,1,0
4987,52749,2088,1,0
4988,52749,2065,1,0
4989,52750,2038,1,15
4990,52750,2063,1,0
4991,52750,2047,1,10
4992,52751,2089,1,0
4993,52752,2056,1,20
4994,52753,2045,1,15
4995,52753,2063,1,15
4996,52753,2020,1,5
4997,52754,2078,3,20
4998,52755,2021,1,20
4999,52756,2003,2,10
5000,52756,2006,3,10
5001,52756,2007,1,5
5002,52757,2011,1,15
5003,52757,2006,1,20
5004,52758,2031,1,5
5005,52758,2097,3,5
5006,52758,2011,3,5
5007,52759,2068,1,25
5008,52760,2088,2,10
5009,52761,2081,2,25
5010,52762,2037,1,10
5011,52763,2006,2,5
5012,52763,2037,1,10
5013,52764,2061,3,0
5014,52765,2076,2,10
5015,52766,2015,1,10
5016,52767,2031,1,10
5017,52768,2061,3,5
5018,52769,2072,1,10
5019,52769,2032,1,20
5020,52770,2083,1,0
5021,52771,2081,1,20
5022,52771,2037,1,10
5023,52772,2054,1,10
5024,52773,2048,3,0
5025,52774,2067,2,0
5026,52774,2033,2,15
5027,52774,2033,1,20
5028,52775,2043,1,10
5029,52775,2022,1,0
5030,52775,2059,1,15
5031,52776,2096,2,20
5032,52777,2035,1,10
5033,52778,2087,3,0
5034,52778,2047,2,5
5035,52778,2017,1,20
5036,52779,2050,3,0
5037,52779,2050,2,0
5038,52780,2003,1,15
5039,52781,2048,1,10
5040,52782,2017,1,0
5041,52783,2080,2,10
5042,52783,2055,1,20
5043,52784,2031,1,20
5044,52784,2001,1,0
5045,52785,2058,1,20
5046,52786,2071,1,10
5047,52787,2043,1,5
5048,52788,2091,2,0
5049,52788,2020,1,25
5050,52789,2076,1,0
5051,52789,2050,1,0
5052,52789,2032,3,10
5053,52790,2029,3,15
5054,52790,2045,3,5
5055,52791,2009,1,15
5056,52791,2066,1,15
5057,52792,2041,1,15
5058,52793,2069,1,15
5059,52793,2052,1,0
5060,52794,2098,1,20
5061,52795,2009,1,10
5062,52796,2050,1,10
5063,52796,2054,1,0
5064,52797,2025,2,10
5065,52797,2068,1,0
5066,52797,2037,1,10
5067,52798,2077,1,0
5068,52799,2093,1,15
5069,52800,2086,2,0
5070,52800,2064,1,10
5071,52800,2072,1,10
5072,52801,2087,2,5
5073,52801,2099,1,20
5074,52802,2073,1,10
5075,52802,2092,1,15
5076,52803,2097,1,10
5077,52804,2018,1,15
5078,52804,2051,2,20
5079,52804,2036,1,5
5080,52805,2095,1,25
5081,52806,2075,1,0
5082,52807,2089,1,20
5083,52808,2035,1,10
5084,52809,2085,3,0
5085,52809,2009,1,10
5086,52810,2094,2,0
5087,52810,2023,1,20
5088,52810,2053,1,15
5089,52811,2072,1,10
5090,52812,2075,1,0
5091,52812,2022,1,25
5092,52812,2056,1,20
5093,52812,2054,2,15
5094,52813,2078,2,5
5095,52813,2033,1,10
5096,52814,2077,1,5
5097,52814,2062,1,20
5098,52815,2076,1,5
5099,52816,2088,1,0
5100,52817,2043,2,0
5101,52817,2044,1,5
5102,52818,2080,1,10
5103,52818,2079,2,20
5104,52819,2088,1,20
5105,52820,2056,2,0
5106,52820,2064,2,0
5107,52821,2006,1,5
5108,52822,2046,1,15
5109,52823,2025,1,20
5110,52824,2086,1,0
5111,52825,2013,2,5
5112,52826,2078,1,20
5113,52826,2084,2,10
5114,52826,2047,1,5
5115,52827,2067,1,0
5116,52827,2058,1,0
5117,52827,2069,2,0
5118,52828,2069,1,10
5119,52829,2026,1,15
5120,52830,2069,3,5
5121,52830,2091,1,10
5122,52831,2032,2,0
5123,52832,2031,1,0
5124,52832,2030,2,0
5125,52832,2092,1,0
5126,52833,2089,1,25
5127,52833,2035,1,0
5128,52834,2094,1,0
5129,52834,2077,1,15
5130,52834,2041,1,5
5131,52835,2083,1,0
5132,52836,2092,1,0
5133,52836,2087,3,0
5134,52836,2048,1,0
5135,52836,2022,1,15
5136,52837,2017,2,10
5137,52837,2083,1,0
5138,52838,2074,3,15
5139,52838,2071,1,0
5140,52839,2005,1,10
5141,52839,2097,2,0
5142,52839,2012,1,0
5143,52840,2059,1,10
5144,52841,2095,1,0
5145,52842,2025,1,0
5146,52842,2052,1,10
5147,52843,2085,2,20
5148,52843,2027,1,10
5149,52843,2011,1,0
5150,52844,2049,1,5
5151,52844,2080,1,10
5152,52844,2058,1,5
5153,52845,2045,1,5
5154,52845,2064,1,10
5155,52846,2006,1,20
5156,52846,2035,2,15
5157,52847,2088,2,0
5158,52848,2039,1,15
5159,52849,2097,1,5
5160,52849,2055,1,15
5161,52850,2094,1,10
5162,52851,2063,2,10
5163,52852,2042,1,5
5164,52852,2093,1,15
5165,52853,2027,2,10
5166,52853,2040,2,10
5167,52854,2073,1,10
5168,52854,2088,1,0
5169,52855,2020,1,10
5170,52856,2100,1,0
5171,52857,2044,1,0
5172,52857,2034,1,10
5173,52858,2013,1,5
5174,52858,2003,1,0
5175,52858,2056,1,0
5176,52859,2061,2,10
5177,52860,2010,1,25
5178,52860,2091,3,10
5179,52860,2055,1,15
5180,52861,2006,3,10
5181,52861,2085,1,0
5182,52862,2020,1,0
5183,52862,2068,1,5
5184,52862,2068,1,20
5185,52863,2082,1,5
5186,52863,2081,1,5
5187,52864,2099,1,15
5188,52865,2009,1,15
5189,52865,2037,1,10
5190,52866,2037,1,5
5191,52867,2038,1,20
5192,52868,2024,1,5
5193,52869,2024,1,5
5194,52870,2097,2,20
5195,52870,2090,1,20
5196,52871,2069,1,25
5197,52871,2056,1,10
5198,52871,2048,1,20
5199,52872,2069,1,0
5200,52873,2087,2,20
5201,52874,2043,2,15
5202,52874,2054,1,5
5203,52874,2092,1,0
5204,52874,2092,1,15
5205,52875,2023,2,10
5206,52876,2024,1,25
5207,52877,2021,2,20
5208,52877,2003,1,15
5209,52877,2070,1,5
5210,52878,2043,1,15
5211,52878,2004,1,15
5212,52878,2021,1,5
5213,52878,2054,1,0
5214,52879,2084,1,15
5215,52879,2067,1,5
5216,52880,2054,1,0
5217,52881,2019,1,0
5218,52881,2029,1,5
5219,52882,2079,1,10
5220,52882,2078,2,0
5221,52882,2087,1,10
5222,52883,2053,1,20
5223,52883,2028,1,10
5224,52883,2051,1,10
5225,52884,2090,2,0
5226,52885,2019,2,10
5227,52885,2085,1,10
5228,52885,2100,1,20
5229,52886,2082,1,20
5230,52886,2066,2,10
5231,52887,2041,1,0
5232,52888,2086,1,15
5233,52889,2017,1,25
5234,52890,2076,1,25
5235,52890,2041,3,25
5236,52890,2051,1,5
5237,52891,2047,3,20
5238,52892,2001,1,0
5239,52892,2099,1,0
5240,52893,2067,2,10
5241,52894,2061,1,0
5242,52894,2011,2,5
5243,52895,2078,1,0
5244,52895,2097,1,0
5245,52896,2082,1,0
5246,52896,2025,3,10
5247,52896,2019,1,5
5248,52897,2037,1,10
5249,52897,2003,2,10
5250,52898,2056,1,0
5251,52898,2046,2,20
5252,52899,2051,1,0
5253,52899,2099,2,20
5254,52900,2066,1,25
5255,52900,2042,1,20
5256,52901,2079,2,10
5257,52901,2037,2,15
5258,52901,2076,1,0
5259,52902,2094,1,20
5260,52902,2091,1,0
5261,52903,2052,2,10
5262,52903,2047,2,10
5263,52903,2040,1,15
5264,52904,2054,1,15
5265,52905,2094,1,5
5266,52905,2088,2,0
5267,52906,2061,2,15
5268,52906,2029,1,25
5269,52906,2038,2,0
5270,52907,2025,1,15
5271,52907,2019,1,10
5272,52907,2001,3,5
5273,52908,2078,1,0
5274,52908,2074,1,15
5275,52909,2018,1,0
5276,52910,2069,1,20
5277,52910,2017,1,5
5278,52910,2028,1,10
5279,52911,2026,1,5
5280,52912,2013,1,15
5281,52912,2073,1,0
5282,52912,2005,1,5
5283,52913,2041,2,10
5284,52914,2049,1,10
5285,52915,2058,2,10
5286,52915,2020,1,0
5287,52916,2048,1,0
5288,52917,2080,1,0
5289,52918,2038,1,0
5290,52919,2096,1,0
5291,52919,2043,1,0
5292,52919,2078,2,10
5293,52919,2012,2,0
5294,52920,2086,1,5
5295,52920,2048,1,15
5296,52921,2100,1,15
5297,52921,2071,2,10
5298,52921,2075,2,0
5299,52921,2015,1,10
5300,52922,2057,1,5
5301,52923,2074,2,10
5302,52924,2082,1,20
5303,52925,2038,2,10
5304,52926,2057,1,20
5305,52927,2018,2,0
5306,52928,2044,1,5
5307,52929,2048,2,0
5308,52929,2004,1,0
5309,52930,2092,1,0
5310,52931,2065,3,20
5311,52931,2019,1,10
5312,52932,2090,2,20
5313,52933,2070,1,20
5314,52933,2070,1,15
5315,52934,2094,1,20
5316,52934,2041,1,5
5317,52935,2036,1,20
5318,52935,2062,2,10
5319,52935,2089,1,10
5320,52936,2082,1,10
5321,52936,2079,1,20
5322,52936,2077,1,20
5323,52937,2004,1,0
5324,52938,2050,2,0
5325,52939,2036,1,5
5326,52939,2037,1,15
5327,52939,2086,2,0
5328,52940,2040,1,10
5329,52940,2084,1,5
5330,52940,2091,1,20
5331,52941,2046,2,15
5332,52941,2017,1,10
5333,52942,2070,1,5
5334,52942,2087,1,20
5335,52943,2041,1,0
5336,52943,2020,1,10
5337,52944,2053,1,20
5338,52944,2099,1,10
5339,52944,2052,2,20
5340,52944,2045,1,10
5341,52945,2044,1,10
5342,52946,2074,2,20
5343,52947,2035,1,15
5344,52947,2073,1,20
5345,52947,2099,2,20
5346,52948,2078,1,0
5347,52948,2093,1,5
5348,52949,2079,3,15
5349,52950,2085,1,20
5350,52951,2004,1,15
5351,52951,2036,1,5
5352,52952,2028,1,10
5353,52952,2087,1,10
5354,52953,2023,1,10
5355,52953,2097,1,10
5356,52954,2070,1,25
5357,52955,2013,2,10
5358,52956,2069,1,0
5359,52956,2035,1,10
5360,52957,2030,1,0
5361,52958,2100,1,15
5362,52958,2080,1,20
5363,52959,2077,1,10
5364,52959,2032,1,20
5365,52960,2067,1,15
5366,52961,2035,1,10
5367,52961,2061,1,10
5368,52962,2040,2,10
5369,52963,2061,1,5
5370,52963,2075,2,0
5371,52964,2032,1,15
5372,52964,2002,1,0
5373,52965,2010,2,0
5374,52965,2091,1,10
5375,52966,2096,2,25
5376,52966,2070,1,5
5377,52966,2011,2,15
5378,52967,2059,1,5
5379,52968,2044,1,0
5380,52968,2024,1,0
5381,52968,2038,1,0
5382,52969,2079,1,5
5383,52970,2100,2,5
5384,52970,2088,2,10
5385,52970,2021,2,0
5386,52970,2051,2,5
5387,52971,2053,1,0
5388,52972,2030,1,20
5389,52972,2044,2,5
5390,52973,2039,1,10
5391,52974,2007,1,15
5392,52975,2042,1,5
5393,52976,2037,1,0
5394,52977,2031,2,10
5395,52978,2062,1,20
5396,52979,2072,1,20
5397,52979,2005,2,5
5398,52980,2035,3,5
5399,52981,2004,1,5
5400,52982,2083,2,0
5401,52982,2093,1,25
5402,52982,2047,1,0
5403,52983,2095,1,0
5404,52983,2063,1,0
5405,52984,2087,1,20
5406,52985,2095,1,10
5407,52986,2059,1,0
5408,52986,2045,2,5
5409,52987,2075,1,0
5410,52987,2018,1,0
5411,52988,2030,1,20
5412,52988,2055,2,15
5413,52988,2021,2,10
5414,52989,2050,2,10
5415,52989,2086,2,10
5416,52990,2079,1,15
5417,52990,2090,1,0
5418,52990,2087,1,10
5419,52990,2034,2,10
5420,52991,2072,1,5
5421,52991,2038,1,0
5422,52992,2098,1,20
5423,52992,2018,2,20
5424,52992,2027,1,0
5425,52992,2095,2,0
5426,52993,2024,2,10
5427,52993,2062,1,15
5428,52994,2030,2,10
5429,52994,2029,1,20
5430,52995,2068,1,20
5431,52995,2080,1,0
5432,52996,2024,1,0
5433,52996,2099,1,0
5434,52997,2009,2,20
5435,52998,2011,2,10
5436,52999,2098,1,20
5437,53000,2006,1,15
5438,53001,2032,1,15
5439,53001,2013,1,0
5440,53001,2023,3,0
5441,53002,2008,1,20
5442,53002,2036,2,10
5443,53003,2030,2,25
5444,53004,2016,1,5
5445,53005,2072,1,10
5446,53006,2004,2,10
5447,53006,2048,1,0
5448,53006,2031,1,10
5449,53007,2066,2,20
5450,53007,2034,2,10
5451,53007,2048,2,10
5452,53008,2082,2,15
5453,53009,2015,2,15
5454,53010,2044,1,15
5455,53010,2057,1,10
5456,53010,2074,2,10
5457,53010,2054,1,10
5458,53011,2074,2,25
5459,53011,2080,1,20
5460,53012,2079,1,10
5461,53012,2062,2,5
5462,53012,2092,2,20
5463,53013,2003,1,0
5464,53014,2050,1,0
5465,53015,2081,1,5
5466,53015,2011,1,15
5467,53016,2082,1,0
5468,53017,2004,3,5
5469,53017,2079,3,15
5470,53017,2019,1,10
5471,53018,2067,2,0
5472,53018,2083,1,0
5473,53019,2082,1,15
5474,53020,2058,1,0
5475,53020,2091,2,0
5476,53021,2015,2,25
5477,53021,2024,1,10
5478,53022,2014,1,5
5479,53022,2072,1,10
5480,53022,2090,2,10
5481,53023,2094,1,10
5482,53024,2053,1,10
5483,53024,2014,1,15
5484,53025,2018,1,0
5485,53026,2063,1,5
5486,53026,2090,2,5
5487,53026,2099,1,15
5488,53027,2073,1,15
5489,53027,2089,3,15
5490,53028,2048,1,10
5491,53029,2020,1,10
5492,53029,2047,1,15
5493,53030,2010,1,5
5494,53030,2068,3,25
5495,53031,2033,1,5
5496,53031,2034,2,10
5497,53032,2001,1,15
5498,53033,2100,1,15
5499,53033,2043,1,10
5500,53034,2079,1,5
5501,53034,2052,1,10
5502,53034,2065,1,10
5503,53035,2047,1,10
5504,53036,2069,1,15
5505,53037,2020,1,0
5506,53037,2100,1,15
5507,53037,2043,1,0
5508,53038,2002,1,15
5509,53038,2096,3,0
5510,53039,2003,1,10
5511,53040,2048,3,5
5512,53040,2079,1,5
5513,53040,2038,2,10
5514,53041,2021,1,10
5515,53042,2025,1,10
5516,53042,2069,2,25
5517,53042,2058,1,0
5518,53043,2051,2,5
5519,53043,2052,2,10
5520,53044,2032,1,15
5521,53045,2094,1,5
5522,53045,2024,1,5
5523,53045,2084,1,15
5524,53045,2078,1,10
5525,53046,2001,1,20
5526,53046,2018,1,0
5527,53047,2056,3,5
5528,53048,2016,1,10
5529,53048,2086,1,0
5530,53048,2045,1,10
5531,53049,2084,1,0
5532,53049,2012,1,10
5533,53049,2003,1,20
5534,53050,2065,1,20
5535,53050,2081,1,5
5536,53050,2100,1,0
5537,53051,2079,3,20
5538,53052,2075,1,10
5539,53053,2006,1,10
5540,53053,2061,1,15
5541,53054,2072,1,5
5542,53054,2040,1,5
5543,53054,2100,1,20
5544,53055,2099,1,10
5545,53056,2086,1,15
5546,53057,2088,1,20
5547,53058,2057,3,5
5548,53059,2083,1,20
5549,53059,2008,1,5
5550,53060,2024,1,20
5551,53061,2067,2,5
5552,53061,2013,1,0
5553,53062,2082,1,15
5554,53062,2018,1,20
5555,53063,2035,1,15
5556,53064,2026,1,15
5557,53064,2055,1,25
5558,53064,2009,1,10
5559,53065,2082,1,20
5560,53066,2089,3,0
5561,53067,2075,1,0
5562,53067,2019,1,5
5563,53068,2030,1,20
5564,53068,2023,2,0
5565,53069,2061,2,5
5566,53070,2089,1,0
5567,53070,2088,1,0
5568,53070,2096,1,10
5569,53070,2069,1,0
5570,53071,2023,1,20
5571,53072,2040,1,20
5572,53073,2030,2,10
5573,53073,2007,1,5
5574,53073,2081,1,20
5575,53074,2058,1,10
5576,53074,2098,1,0
5577,53074,2085,1,5
5578,53075,2065,1,5
5579,53075,2005,1,10
5580,53076,2045,1,5
5581,53077,2048,1,15
5582,53078,2068,3,10
5583,53079,2057,2,5
5584,53079,2079,1,5
5585,53080,2003,1,15
5586,53080,2012,1,0
5587,53081,2096,1,0
5588,53082,2044,1,15
5589,53082,2083,2,5
5590,53083,2086,2,0
5591,53083,2013,1,10
5592,53084,2071,1,10
5593,53085,2018,1,0
5594,53086,2016,2,15
5595,53086,2025,1,10
5596,53086,2076,3,0
5597,53087,2010,1,20
5598,53088,2067,1,10
5599,53089,2039,1,25
5600,53090,2027,1,5
5601,53090,2024,1,5
5602,53091,2035,1,10
5603,53091,2035,2,20
5604,53092,2032,1,15
5605,53092,2052,1,10
5606,53093,2100,1,15
5607,53094,2046,1,0
5608,53094,2019,1,15
5609,53095,2062,1,10
5610,53096,2083,2,5
5611,53096,2060,1,0
5612,53096,2054,1,5
5613,53097,2067,1,0
5614,53097,2089,1,5
5615,53097,2008,2,0
5616,53097,2099,1,10
5617,53098,2090,1,10
5618,53098,2097,2,0
5619,53099,2050,1,15
5620,53100,2086,1,0
5621,53100,2009,1,10
5622,53101,2042,1,20
5623,53102,2088,1,15
5624,53103,2028,1,10
5625,53103,2077,1,10
5626,53103,2032,1,0
5627,53104,2059,2,5
5628,53105,2066,1,5
5629,53106,2088,1,10
5630,53106,2035,1,25
5631,53107,2079,1,15
5632,53107,2044,1,10
5633,53108,2040,2,15
5634,53108,2008,1,15
5635,53109,2008,1,10
5636,53110,2078,3,20
5637,53110,2011,1,10
5638,53111,2012,1,15
5639,53112,2019,2,0
5640,53112,2034,1,10
5641,53112,2017,1,5
5642,53113,2060,3,0
5643,53114,2083,1,10
5644,53115,2054,1,20
5645,53115,2067,1,15
5646,53116,2090,2,0
5647,53117,2090,1,0
5648,53117,2066,1,5
5649,53118,2007,2,0
5650,53119,2079,2,0
5651,53120,2076,1,0
5652,53121,2031,2,5
5653,53122,2017,1,0
5654,53123,2014,2,0
5655,53124,2028,1,20
5656,53125,2075,1,25
5657,53125,2095,1,15
5658,53125,2016,1,0
5659,53126,2042,1,0
5660,53126,2084,2,10
5661,53127,2009,1,15
5662,53128,2095,2,10
5663,53129,2002,1,15
5664,53130,2029,1,10
5665,53131,2004,1,25
5666,53131,2077,1,15
5667,53132,2043,1,0
5668,53133,2044,1,5
5669,53133,2055,1,10
5670,53133,2030,1,0
5671,53133,2076,2,5
5672,53134,2044,2,10
5673,53134,2080,1,10
5674,53135,2065,1,20
5675,53136,2068,2,5
5676,53137,2099,2,20
5677,53138,2051,1,5
5678,53139,2031,1,20
5679,53139,2073,2,0
5680,53140,2071,2,10
5681,53141,2049,1,20
5682,53142,2034,1,5
5683,53143,2094,2,20
5684,53143,2026,1,10
5685,53144,2008,1,5
5686,53145,2064,1,10
5687,53145,2009,1,0
5688,53145,2077,1,10
5689,53145,2085,1,0
5690,53146,2072,1,15
5691,53147,2024,1,10
5692,53148,2095,1,0
5693,53149,2009,1,0
5694,53149,2011,2,10
5695,53150,2031,2,0
5696,53151,2055,1,10
5697,53151,2072,1,25
5698,53152,2030,2,0
5699,53153,2092,1,10
5700,53154,2082,1,20
5701,53155,2024,1,20
5702,53155,2007,1,0
5703,53156,2071,1,15
5704,53156,2018,1,0
5705,53157,2029,1,15
5706,53157,2078,1,5
5707,53158,2019,1,0
5708,53158,2036,1,10
5709,53158,2093,1,0
5710,53159,2069,1,5
5711,53160,2063,1,5
5712,53160,2100,1,25
5713,53160,2078,3,10
5714,53161,2046,1,15
5715,53162,2067,1,0
5716,53163,2054,1,25
5717,53163,2037,1,10
5718,53164,2098,2,0
5719,53165,2060,1,10
5720,53166,2075,1,5
5721,53166,2041,1,5
5722,53167,2020,1,5
5723,53168,2013,1,10
5724,53169,2081,1,5
5725,53169,2053,2,15
5726,53170,2052,1,0
5727,53171,2013,1,0
5728,53172,2079,1,0
5729,53173,2027,1,5
5730,53173,2060,1,0
5731,53173,2036,1,0
5732,53174,2023,3,5
5733,53174,2017,1,25
5734,53174,2082,1,0
5735,53174,2010,1,0
5736,53175,2001,1,10
5737,53175,2031,1,10
5738,53176,2089,2,0
5739,53177,2071,1,20
5740,53178,2082,1,10
5741,53179,2021,1,10
5742,53179,2098,1,10
5743,53180,2012,1,15
5744,53180,2004,1,0
5745,53181,2048,1,20
5746,53181,2044,1,0
5747,53182,2030,2,10
5748,53183,2017,2,0
5749,53183,2033,1,10
5750,53183,2038,2,20
5751,53184,2061,1,10
5752,53185,2036,2,0
5753,53186,2025,1,15
5754,53186,2060,1,20
5755,53187,2059,1,0
5756,53187,2044,1,5
5757,53188,2012,2,10
5758,53188,2097,1,15
5759,53188,2052,3,0
5760,53189,2028,1,0
5761,53190,2073,1,10
5762,53190,2042,1,15
5763,53190,2017,1,5
5764,53191,2071,1,10
5765,53192,2010,1,15
5766,53193,2028,2,0
5767,53194,2067,1,5
5768,53195,2073,1,5
5769,53195,2100,1,15
5770,53195,2071,1,10
5771,53196,2024,2,15
5772,53197,2072,1,10
5773,53198,2076,1,0
5774,53199,2068,1,10
5775,53199,2075,1,5
5776,53200,2082,1,10
5777,53200,2057,1,25
5778,53200,2100,2,10
5779,53201,2065,1,10
5780,53201,2006,1,0
5781,53201,2018,1,10
5782,53202,2050,1,15
5783,53203,2044,2,15
5784,53204,2082,2,25
5785,53205,2068,1,25
5786,53205,2001,1,10
5787,53205,2046,2,20
5788,53206,2055,1,15
5789,53207,2099,1,10
5790,53207,2066,1,0
5791,53207,2019,1,25
5792,53207,2020,1,25
5793,53208,2032,1,10
5794,53208,2041,2,5
5795,53208,2011,1,0
5796,53209,2079,1,0
5797,53209,2007,1,15
5798,53210,2007,1,5
5799,53210,2013,2,10
5800,53211,2014,1,5
5801,53212,2057,1,10
5802,53213,2082,2,15
5803,53214,2095,1,20
5804,53215,2081,1,10
5805,53215,2069,1,5
5806,53216,2060,1,0
5807,53217,2031,1,20
5808,53217,2042,1,20
5809,53217,2088,1,5
5810,53218,2011,1,0
5811,53218,2083,2,10
5812,53218,2082,1,15
5813,53219,2006,1,15
5814,53220,2025,1,0
5815,53221,2032,1,25
5816,53222,2092,1,10
5817,53223,2044,1,10
5818,53223,2078,1,0
5819,53224,2061,1,0
5820,53224,2009,1,0
5821,53225,2067,1,5
5822,53225,2064,1,20
5823,53226,2088,2,15
5824,53227,2093,1,25
5825,53227,2059,1,10
5826,53227,2088,1,0
5827,53228,2014,1,15
5828,53228,2062,1,10
5829,53229,2058,1,20
5830,53229,2018,1,10
5831,53229,2054,1,0
5832,53229,2069,1,15
5833,53230,2042,1,15
5834,53230,2067,1,10
5835,53230,2075,1,0
5836,53231,2059,1,5
5837,53231,2040,1,20
5838,53232,2027,1,5
5839,53233,2067,1,15
5840,53233,2091,1,5
5841,53233,2047,2,5
5842,53234,2051,1,5
5843,53235,2092,2,0
5844,53236,2030,2,5
5845,53237,2081,1,15
5846,53238,2026,2,5
5847,53239,2026,1,5
5848,53240,2029,1,15
5849,53240,2006,3,10
5850,53240,2047,1,10
5851,53241,2036,2,15
5852,53241,2024,2,5
5853,53242,2076,2,10
5854,53242,2052,1,0
5855,53242,2020,1,5
5856,53243,2020,1,0
5857,53243,2081,1,20
5858,53243,2028,2,0
5859,53244,2040,1,15
5860,53245,2012,1,15
5861,53245,2081,3,5
5862,53246,2036,1,5
5863,53246,2071,2,0
5864,53247,2041,1,5
5865,53248,2081,1,20
5866,53248,2041,1,0
5867,53248,2090,1,10
5868,53248,2073,2,5
5869,53249,2049,1,15
5870,53249,2049,1,5
5871,53249,2063,2,5
5872,53250,2070,1,0
5873,53251,2071,1,20
5874,53251,2004,1,10
5875,53251,2027,2,0
5876,53252,2044,2,15
5877,53253,2054,1,15
5878,53253,2009,1,10
5879,53253,2020,3,25
5880,53254,2047,2,0
5881,53254,2045,1,20
5882,53255,2062,1,20
5883,53256,2007,1,10
5884,53256,2080,1,10
5885,53256,2031,1,0
5886,53257,2056,1,0
5887,53257,2095,1,5
5888,53258,2038,2,20
5889,53259,2032,1,0
5890,53259,2027,2,10
5891,53260,2066,1,0
5892,53260,2096,3,5
5893,53261,2056,1,5
5894,53261,2020,1,25
5895,53262,2095,1,0
5896,53262,2005,1,0
5897,53263,2042,1,0
5898,53264,2013,2,10
5899,53265,2004,1,10
5900,53265,2100,2,0
5901,53266,2009,1,0
5902,53267,2091,1,5
5903,53268,2055,1,0
5904,53268,2033,1,15
5905,53268,2087,1,15
5906,53269,2001,1,5
5907,53269,2070,1,10
5908,53269,2077,1,5
5909,53270,2037,1,0
5910,53270,2031,1,10
5911,53271,2001,1,15
5912,53271,2003,1,5
5913,53272,2005,2,0
5914,53272,2046,1,5
5915,53272,2054,2,5
5916,53273,2043,1,10
5917,53273,2071,3,15
5918,53273,2037,1,0
5919,53274,2080,1,15
5920,53275,2066,1,25
5921,53276,2094,2,0
5922,53277,2073,1,10
5923,53278,2013,2,5
5924,53279,2056,1,10
5925,53279,2066,1,20
5926,53280,2002,2,20
5927,53280,2005,1,10
5928,53281,2003,1,15
5929,53281,2018,2,10
5930,53281,2089,1,15
5931,53282,2025,1,20
5932,53283,2019,1,15
5933,53284,2045,2,0
5934,53285,2040,1,0
5935,53286,2100,1,15
5936,53287,2011,1,0
5937,53287,2085,2,10
5938,53287,2023,1,10
5939,53287,2031,1,15
5940,53288,2049,2,15
5941,53289,2098,2,0
5942,53289,2024,1,10
5943,53290,2035,1,15
5944,53291,2066,1,0
5945,53291,2068,1,10
5946,53292,2037,1,10
5947,53292,2014,1,5
5948,53292,2079,1,5
5949,53293,2091,1,0
5950,53293,2061,1,15
5951,53293,2088,1,0
5952,53294,2026,1,10
5953,53295,2087,1,10
5954,53295,2081,1,0
5955,53295,2091,2,10
5956,53296,2094,1,0
5957,53297,2035,2,0
5958,53297,2013,3,5
5959,53297,2075,1,10
5960,53298,2067,2,10
5961,53299,2065,1,0
5962,53299,2064,1,5
5963,53300,2005,1,0
5964,53300,2067,1,5
5965,53301,2049,1,0
5966,53301,2004,2,0
5967,53301,2086,1,10
5968,53302,2003,2,20
5969,53302,2024,3,0
5970,53302,2030,2,15
5971,53303,2079,1,0
5972,53304,2009,1,5
5973,53304,2039,1,5
5974,53304,2037,1,0
5975,53305,2042,1,10
5976,53306,2088,1,0
5977,53307,2033,2,15
5978,53308,2036,1,10
5979,53309,2041,1,15
5980,53310,2040,1,0
5981,53310,2096,1,5
5982,53311,2027,2,15
5983,53312,2012,2,10
5984,53312,2043,1,10
5985,53313,2009,1,5
5986,53314,2080,2,10
5987,53314,2090,1,10
5988,53315,2084,1,5
5989,53316,2081,1,20
5990,53317,2043,1,15
5991,53317,2070,2,0
5992,53318,2040,1,0
5993,53318,2086,1,15
5994,53318,2020,3,10
5995,53319,2015,1,20
5996,53319,2098,1,10
5997,53319,2037,1,0
5998,53319,2032,3,0
5999,53320,2067,3,10
6000,53321,2035,1,10
6001,53321,2075,2,20
6002,53321,2043,2,15
6003,53322,2079,1,20
6004,53322,2009,1,15
6005,53323,2073,2,10
6006,53323,2033,1,10
6007,53323,2043,1,10
6008,53324,2094,1,10
6009,53325,2049,1,20
6010,53326,2008,1,0
6011,53327,2046,1,20
6012,53327,2025,1,10
6013,53327,2048,3,10
6014,53328,2022,1,0
6015,53329,2065,1,5
6016,53330,2024,1,10
6017,53330,2047,1,0
6018,53331,2096,2,0
6019,53331,2064,1,5
6020,53331,2071,1,5
6021,53331,2078,1,20
6022,53332,2092,2,10
6023,53332,2089,2,5
6024,53333,2086,1,25
6025,53333,2035,2,5
6026,53334,2063,2,25
6027,53335,2082,2,20
6028,53335,2056,3,15
6029,53335,2013,2,10
6030,53336,2051,1,15
6031,53337,2022,1,5
6032,53338,2069,2,5
6033,53339,2086,2,0
6034,53340,2071,1,5
6035,53340,2056,1,0
6036,53341,2060,1,20
6037,53341,2054,1,0
6038,53342,2045,1,5
6039,53343,2023,1,5
6040,53344,2068,1,5
6041,53345,2035,1,20
6042,53346,2016,1,15
6043,53346,2081,1,10
6044,53346,2056,2,15
6045,53347,2053,1,15
6046,53347,2052,1,5
6047,53348,2008,1,10
6048,53349,2054,1,0
6049,53350,2055,1,0
6050,53350,2052,1,20
6051,53350,2001,3,15
6052,53351,2076,1,10
6053,53351,2062,1,0
6054,53351,2076,3,15
6055,53352,2051,2,20
6056,53352,2033,1,20
6057,53352,2084,2,15
6058,53353,2036,1,10
6059,53354,2046,2,0
6060,53354,2002,1,0
6061,53355,2017,1,5
6062,53356,2012,2,10
6063,53356,2043,2,20
6064,53357,2027,1,20
6065,53358,2034,1,5
6066,53358,2077,2,5
6067,53359,2069,1,5
6068,53360,2080,1,10
6069,53360,2082,1,15
6070,53361,2025,3,15
6071,53362,2062,1,20
6072,53362,2087,1,10
6073,53362,2031,1,10
6074,53363,2038,1,25
6075,53364,2054,1,10
6076,53364,2080,1,0
6077,53365,2015,1,5
6078,53366,2047,2,0
6079,53366,2025,1,0
6080,53367,2072,1,10
6081,53367,2025,1,15
6082,53368,2036,2,0
6083,53369,2035,1,5
6084,53370,2008,1,5
6085,53371,2067,1,20
6086,53372,2026,1,0
6087,53372,2050,1,0
6088,53373,2070,1,10
6089,53374,2079,2,10
6090,53375,2092,1,0
6091,53376,2013,2,15
6092,53377,2063,3,5
6093,53378,2033,2,10
6094,53378,2077,1,10
6095,53379,2039,1,0
6096,53380,2002,1,0
6097,53380,2086,1,10
6098,53380,2077,1,0
6099,53381,2034,1,0
6100,53381,2084,2,5
6101,53382,2042,2,5
6102,53383,2042,1,20
6103,53383,2030,2,10
6104,53383,2050,1,20
6105,53384,2100,2,10
6106,53384,2006,1,10
6107,53385,2060,1,5
6108,53385,2018,1,0
6109,53386,2013,2,0
6110,53387,2006,2,0
6111,53387,2028,3,15
6112,53388,2074,2,5
6113,53389,2074,1,0
6114,53389,2080,1,15
6115,53390,2015,1,5
6116,53391,2011,1,20
6117,53392,2099,1,15
6118,53392,2093,1,5
6119,53393,2071,1,0
6120,53394,2084,2,25
6121,53395,2081,1,15
6122,53395,2058,1,20
6123,53395,2048,1,0
6124,53396,2098,1,10
6125,53397,2068,1,5
6126,53398,2089,1,5
6127,53399,2021,2,0
6128,53399,2023,1,15
6129,53399,2063,1,10
6130,53400,2096,2,15
6131,53400,2063,2,0
6132,53401,2045,1,25
6133,53401,2003,1,5
6134,53402,2016,1,25
6135,53402,2024,1,10
6136,53402,2021,1,0
6137,53403,2071,1,15
6138,53403,2069,2,10
6139,53404,2038,1,0
6140,53404,2099,2,0
6141,53404,2040,1,25
6142,53405,2045,1,25
6143,53405,2053,2,10
6144,53406,2058,1,0
6145,53406,2020,1,5
6146,53406,2031,1,0
6147,53407,2069,1,10
6148,53407,2085,1,5
6149,53408,2043,1,5
6150,53409,2012,1,15
6151,53410,2086,1,25
6152,53411,2059,1,0
6153,53411,2044,1,5
6154,53412,2059,1,10
6155,53412,2083,1,0
6156,53412,2001,1,5
6157,53412,2037,1,0
6158,53413,2095,3,0
6159,53413,2031,2,15
6160,53414,2098,2,5
6161,53414,2029,1,15
6162,53415,2047,1,0
6163,53415,2007,1,10
6164,53416,2073,3,10
6165,53416,2024,3,15
6166,53416,2085,1,0
6167,53417,2013,1,10
6168,53417,2012,1,20
6169,53418,2047,1,0
6170,53419,2009,1,0
6171,53419,2033,1,5
6172,53420,2069,1,25
6173,53421,2051,2,0
6174,53422,2056,2,0
6175,53423,2010,2,25
6176,53424,2068,1,5
6177,53425,2010,1,0
6178,53426,2058,1,10
6179,53426,2080,1,0
6180,53426,2073,3,5
6181,53427,2036,1,0
6182,53428,2016,1,10
6183,53428,2084,1,10
6184,53428,2022,1,0
6185,53429,2050,1,10
6186,53430,2024,1,20
6187,53430,2003,1,5
6188,53430,2042,1,25
6189,53430,2056,1,25
6190,53431,2076,1,0
6191,53431,2073,2,10
6192,53432,2084,1,20
6193,53432,2082,1,15
6194,53432,2041,1,15
6195,53433,2035,1,5
6196,53433,2061,1,20
6197,53434,2048,1,0
6198,53434,2030,3,10
6199,53435,2004,1,20
6200,53436,2048,1,5
6201,53437,2047,2,10
6202,53437,2095,1,15
6203,53438,2082,1,20
6204,53439,2027,1,10
6205,53440,2012,1,10
6206,53440,2079,1,0
6207,53440,2049,3,0
6208,53441,2005,1,0
6209,53442,2076,1,10
6210,53442,2035,3,10
6211,53443,2018,1,0
6212,53444,2066,1,0
6213,53445,2079,3,5
6214,53446,2078,1,20
6215,53446,2028,2,0
6216,53447,2060,1,10
6217,53447,2047,1,15
6218,53447,2087,3,20
6219,53448,2019,1,15
6220,53448,2083,2,5
6221,53448,2035,2,0
6222,53449,2062,1,0
6223,53450,2051,2,15
6224,53451,2035,2,5
6225,53451,2024,2,5
6226,53451,2037,1,0
6227,53452,2061,1,10
6228,53453,2062,1,5
6229,53454,2063,1,5
6230,53455,2066,2,0
6231,53455,2006,3,10
6232,53456,2040,1,0
6233,53457,2032,1,10
6234,53458,2040,3,10
6235,53458,2039,1,10
6236,53458,2018,1,0
6237,53458,2097,1,10
6238,53459,2001,1,5
6239,53459,2060,2,5
6240,53459,2047,1,0
6241,53460,2071,1,25
6242,53460,2084,2,5
6243,53461,2065,2,10
6244,53461,2077,3,0
6245,53462,2028,2,10
6246,53462,2100,1,5
6247,53462,2009,2,15
6248,53463,2067,1,0
6249,53463,2015,1,5
6250,53464,2024,1,15
6251,53464,2083,1,5
6252,53465,2068,1,0
6253,53466,2064,2,15
6254,53467,2083,1,25
6255,53467,2028,1,5
6256,53467,2065,3,10
6257,53468,2021,2,5
6258,53468,2049,2,10
6259,53469,2041,1,15
6260,53470,2062,1,10
6261,53470,2007,1,5
6262,53471,2003,2,0
6263,53471,2004,2,10
6264,53471,2027,1,10
6265,53472,2058,1,10
6266,53473,2016,1,0
6267,53473,2100,1,5
6268,53474,2042,1,15
6269,53475,2031,1,0
6270,53475,2090,1,20
6271,53476,2018,1,10
6272,53476,2019,1,15
6273,53476,2039,1,5
6274,53476,2008,1,5
6275,53477,2069,1,25
6276,53477,2078,1,10
6277,53477,2036,1,0
6278,53478,2087,2,25
6279,53478,2001,1,5
6280,53478,2054,2,15
6281,53479,2074,1,0
6282,53479,2038,1,20
6283,53480,2095,1,25
6284,53481,2044,1,5
6285,53481,2092,1,0
6286,53482,2066,1,10
6287,53483,2024,1,0
6288,53483,2084,2,10
6289,53484,2004,1,10
6290,53484,2019,1,0
6291,53485,2078,1,20
6292,53485,2091,1,15
6293,53486,2039,2,5
6294,53487,2066,1,5
6295,53488,2070,1,20
6296,53489,2074,1,10
6297,53490,2091,1,25
6298,53491,2009,3,0
6299,53492,2020,1,5
6300,53492,2092,1,10
6301,53492,2055,1,0
6302,53493,2053,1,5
6303,53494,2041,1,10
6304,53494,2037,1,5
6305,53494,2025,1,0
6306,53495,2040,1,5
6307,53496,2008,2,0
6308,53496,2030,1,0
6309,53496,2100,2,0
6310,53497,2017,1,25
6311,53497,2074,1,0
6312,53498,2004,3,0
6313,53498,2074,1,25
6314,53498,2027,1,15
6315,53499,2071,1,5
6316,53499,2050,1,20
6317,53499,2078,1,20
6318,53500,2067,1,15
6319,53500,2056,1,10
6320,53501,2074,1,10
6321,53502,2097,1,25
6322,53502,2060,1,10
6323,53503,2018,2,15
6324,53504,2012,1,0
6325,53504,2055,1,15
6326,53504,2044,1,25
6327,53505,2061,2,0
6328,53505,2067,1,5
6329,53505,2019,2,15
6330,53506,2075,2,15
6331,53507,2100,1,15
6332,53507,2033,2,25
6333,53508,2093,1,0
6334,53509,2093,1,10
6335,53509,2042,3,10
6336,53510,2080,2,0
6337,53510,2094,1,0
6338,53511,2086,2,10
6339,53511,2039,1,10
6340,53512,2067,2,10
6341,53512,2060,3,10
6342,53512,2042,2,15
6343,53513,2064,1,5
6344,53514,2094,1,0
6345,53514,2003,2,10
6346,53515,2091,1,10
6347,53515,2037,2,15
6348,53516,2083,1,5
6349,53517,2011,1,15
6350,53518,2090,1,20
6351,53519,2045,1,5
6352,53519,2092,1,10
6353,53520,2043,1,20
6354,53520,2075,2,5
6355,53520,2060,1,15
6356,53521,2021,1,10
6357,53522,2025,1,5
6358,53523,2054,1,20
6359,53524,2049,1,0
6360,53525,2062,2,0
6361,53526,2081,1,0
6362,53526,2078,1,20
6363,53527,2006,1,5
6364,53528,2050,1,15
6365,53528,2015,1,0
6366,53528,2052,1,10
6367,53529,2054,1,10
6368,53530,2100,2,0
6369,53530,2039,1,5
6370,53531,2046,1,5
6371,53532,2052,1,0
6372,53533,2014,1,10
6373,53534,2006,3,10
6374,53534,2071,1,0
6375,53535,2031,1,5
6376,53535,2037,1,10
6377,53535,2100,1,20
6378,53535,2025,1,10
6379,53536,2091,1,20
6380,53537,2063,1,10
6381,53537,2027,2,15
6382,53538,2096,1,0
6383,53538,2063,1,10
6384,53539,2032,1,5
6385,53540,2046,1,15
6386,53540,2038,1,20
6387,53540,2085,2,15
6388,53541,2047,2,0
6389,53542,2004,1,10
6390,53542,2069,1,15
6391,53542,2076,1,0
6392,53543,2040,1,0
6393,53543,2093,2,15
6394,53544,2043,2,5
6395,53545,2027,2,0
6396,53545,2071,1,20
6397,53546,2013,3,25
6398,53547,2099,3,5
6399,53547,2069,1,25
6400,53548,2032,1,20
6401,53548,2009,2,10
6402,53548,2059,1,15
6403,53549,2059,1,20
6404,53549,2080,1,15
6405,53550,2029,1,5
6406,53551,2022,2,0
6407,53552,2042,2,10
6408,53552,2082,3,0
6409,53553,2091,1,0
6410,53553,2036,2,10
6411,53554,2005,1,5
6412,53554,2012,1,0
6413,53555,2055,2,20
6414,53556,2003,2,0
6415,53556,2073,1,10
6416,53557,2004,1,10
6417,53557,2043,1,25
6418,53558,2080,1,5
6419,53558,2047,1,0
6420,53559,2068,1,10
6421,53560,2034,2,10
6422,53561,2080,1,15
6423,53562,2043,1,0
6424,53562,2076,1,5
6425,53562,2096,1,0
6426,53563,2039,1,15
6427,53563,2024,1,5
6428,53563,2094,1,0
6429,53564,2069,1,10
6430,53564,2088,1,5
6431,53564,2038,2,0
6432,53565,2035,1,0
6433,53566,2013,1,20
6434,53566,2078,1,10
6435,53567,2085,1,10
6436,53567,2082,1,10
6437,53567,2030,2,25
6438,53568,2049,1,0
6439,53569,2050,1,0
6440,53570,2013,1,20
6441,53571,2001,2,10
6442,53571,2034,1,25
6443,53572,2052,1,15
6444,53573,2099,1,15
6445,53574,2088,2,10
6446,53574,2072,1,0
6447,53575,2097,2,20
6448,53575,2078,2,10
6449,53576,2053,1,0
6450,53576,2092,1,0
6451,53576,2092,2,5
6452,53577,2021,1,5
6453,53577,2029,1,0
6454,53578,2097,1,5
6455,53578,2001,1,20
6456,53578,2052,1,10
6457,53579,2039,2,5
6458,53579,2075,1,0
6459,53580,2096,1,15
6460,53580,2032,1,15
6461,53580,2023,1,0
6462,53581,2033,1,25
6463,53582,2072,1,5
6464,53582,2036,3,5
6465,53582,2065,2,5
6466,53583,2035,1,25
6467,53583,2075,1,20
6468,53583,2007,1,10
6469,53584,2035,1,10
6470,53584,2031,2,5
6471,53585,2060,2,5
6472,53586,2065,3,5
6473,53587,2073,1,20
6474,53588,2091,1,15
6475,53589,2080,1,5
6476,53590,2005,1,25
6477,53591,2068,1,0
6478,53592,2002,2,0
6479,53592,2042,2,5
6480,53592,2060,2,25
6481,53593,2032,1,0
6482,53593,2070,1,0
6483,53594,2080,1,5
6484,53594,2061,1,25
6485,53594,2053,1,5
6486,53595,2098,1,10
6487,53596,2066,1,20
6488,53597,2023,1,10
6489,53598,2066,3,0
6490,53598,2049,2,0
6491,53598,2003,1,5
6492,53599,2092,1,15
6493,53600,2080,1,15
6494,53600,2062,2,0
6495,53601,2068,1,5
6496,53602,2058,1,0
6497,53603,2035,2,10
6498,53604,2094,1,5
6499,53605,2056,2,25
6500,53606,2034,2,5
6501,53606,2069,2,0
6502,53606,2016,2,10
6503,53607,2032,2,20
6504,53608,2013,1,5
6505,53609,2009,1,15
6506,53610,2083,1,5
6507,53610,2044,1,10
6508,53610,2086,1,10
6509,53610,2064,1,20
6510,53611,2024,1,10
6511,53611,2022,2,5
6512,53612,2046,1,15
6513,53612,2010,1,0
6514,53613,2059,1,5
6515,53613,2046,1,5
6516,53614,2014,1,10
6517,53614,2053,1,20
6518,53614,2085,2,10
6519,53615,2091,1,10
6520,53616,2042,1,0
6521,53616,2008,1,25
6522,53617,2087,2,5
6523,53617,2056,1,0
6524,53617,2077,1,20
6525,53618,2005,1,20
6526,53619,2030,1,5
6527,53620,2029,1,10
6528,53620,2072,1,15
6529,53621,2069,1,0
6530,53622,2075,1,25
6531,53623,2040,2,5
6532,53624,2032,1,10
6533,53625,2019,1,0
6534,53625,2026,1,0
6535,53626,2017,1,0
6536,53626,2083,3,5
6537,53627,2068,1,20
6538,53627,2068,2,10
6539,53628,2089,1,5
6540,53629,2074,1,10
6541,53630,2033,2,5
6542,53630,2032,2,10
6543,53631,2013,2,10
6544,53631,2073,1,5
6545,53631,2088,1,15
6546,53632,2072,1,5
6547,53633,2048,1,15
6548,53633,2034,1,10
6549,53634,2044,1,0
6550,53634,2028,1,0
6551,53634,2017,2,5
6552,53635,2044,3,20
6553,53635,2024,1,15
6554,53636,2074,1,25
6555,53637,2091,1,15
6556,53638,2020,1,20
6557,53638,2001,1,5
6558,53639,2088,2,10
6559,53639,2030,1,5
6560,53640,2026,1,20
6561,53640,2086,1,25
6562,53641,2084,1,15
6563,53641,2059,2,15
6564,53642,2016,2,20
6565,53643,2071,1,0
6566,53643,2074,1,10
6567,53644,2045,2,15
6568,53644,2057,1,10
6569,53645,2054,1,10
6570,53645,2067,1,5
6571,53645,2052,1,0
6572,53645,2098,1,20
6573,53646,2004,1,15
6574,53646,2006,1,10
6575,53647,2016,1,0
6576,53648,2015,1,0
6577,53648,2050,2,10
6578,53649,2008,2,0
6579,53649,2020,1,0
6580,53650,2052,1,0
6581,53651,2090,1,5
6582,53651,2081,2,0
6583,53652,2022,1,15
6584,53653,2006,2,10
6585,53654,2074,3,10
6586,53654,2078,1,25
6587,53655,2093,1,10
6588,53656,2044,1,20
6589,53656,2006,1,0
6590,53657,2095,1,5
6591,53657,2029,1,5
6592,53658,2039,2,25
6593,53658,2042,1,20
6594,53658,2099,1,10
6595,53659,2037,1,20
6596,53659,2056,1,0
6597,53660,2051,1,10
6598,53660,2099,1,0
6599,53661,2096,1,10
6600,53662,2064,1,0
6601,53662,2011,1,10
6602,53662,2035,2,5
6603,53662,2067,1,10
6604,53663,2081,2,0
6605,53664,2076,1,10
6606,53664,2049,1,5
6607,53665,2068,1,0
6608,53665,2031,1,10
6609,53666,2064,1,0
6610,53667,2048,2,5
6611,53667,2069,1,5
6612,53668,2088,1,10
6613,53669,2083,1,10
6614,53670,2074,1,0
6615,53671,2077,1,5
6616,53672,2018,1,10
6617,53672,2019,1,20
6618,53672,2084,2,0
6619,53672,2055,1,0
6620,53673,2044,1,15
6621,53673,2067,1,5
6622,53674,2009,1,5
6623,53675,2017,2,0
6624,53675,2015,2,25
6625,53676,2057,1,10
6626,53676,2007,1,0
6627,53677,2005,1,5
6628,53677,2068,2,5
6629,53678,2074,1,0
6630,53678,2026,1,25
6631,53679,2070,1,10
6632,53680,2010,2,15
6633,53681,2041,3,20
6634,53681,2037,1,0
6635,53682,2035,1,0
6636,53682,2087,1,5
6637,53683,2008,1,15
6638,53683,2063,1,5
6639,53684,2028,1,10
6640,53685,2049,2,0
6641,53685,2021,3,0
6642,53685,2074,2,5
6643,53686,2007,1,0
6644,53687,2008,1,15
6645,53687,2033,1,25
6646,53688,2089,1,20
6647,53689,2003,1,10
6648,53689,2018,2,5
6649,53690,2050,1,10
6650,53690,2003,1,0
6651,53690,2054,1,20
6652,53690,2037,1,10
6653,53691,2065,1,5
6654,53692,2006,1,15
6655,53692,2018,1,0
6656,53693,2017,1,15
6657,53693,2074,1,5
6658,53694,2074,3,20
6659,53695,2012,2,25
6660,53696,2041,1,5
6661,53696,2071,2,10
6662,53697,2001,1,0
6663,53698,2011,2,15
6664,53699,2065,1,10
6665,53699,2057,1,25
6666,53699,2071,1,20
6667,53700,2047,3,5
6668,53700,2091,2,0
6669,53701,2013,1,10
6670,53701,2016,1,5
6671,53702,2064,1,5
6672,53702,2086,2,10
6673,53703,2003,1,10
6674,53703,2071,1,10
6675,53704,2098,1,5
6676,53704,2057,1,0
6677,53705,2084,1,0
6678,53706,2027,2,15
6679,53707,2081,3,10
6680,53707,2046,1,10
6681,53708,2030,2,25
6682,53708,2020,1,20
6683,53708,2086,1,0
6684,53709,2072,1,15
6685,53710,2079,1,0
6686,53710,2071,3,15
6687,53710,2026,1,0
6688,53710,2020,1,0
6689,53711,2065,1,20
6690,53711,2026,1,10
6691,53712,2065,1,5
6692,53712,2091,1,20
6693,53713,2075,2,5
6694,53714,2048,1,0
6695,53715,2091,1,5
6696,53715,2056,1,15
6697,53716,2047,1,10
6698,53717,2096,1,10
6699,53718,2034,1,10
6700,53719,2021,2,10
6701,53719,2014,1,5
6702,53719,2063,2,0
6703,53719,2051,3,0
6704,53720,2078,1,15
6705,53721,2015,1,15
6706,53721,2032,1,5
6707,53722,2013,1,5
6708,53723,2031,1,10
6709,53724,2097,1,0
6710,53725,2090,1,10
6711,53725,2050,1,10
6712,53726,2010,1,10
6713,53726,2100,1,0
6714,53727,2016,2,20
6715,53728,2011,2,0
6716,53728,2042,2,0
6717,53728,2095,1,5
6718,53729,2080,1,15
6719,53730,2036,1,15
6720,53730,2046,1,10
6721,53730,2007,1,10
6722,53731,2028,2,10
6723,53732,2068,2,0
6724,53732,2043,3,5
6725,53732,2098,1,5
6726,53733,2045,1,10
6727,53733,2085,1,10
6728,53733,2073,2,25
6729,53734,2051,1,10
6730,53734,2087,2,10
6731,53734,2088,2,25
6732,53735,2033,1,5
6733,53736,2028,1,10
6734,53736,2071,2,15
6735,53737,2003,1,10
6736,53737,2071,1,20
6737,53737,2044,1,10
6738,53738,2077,1,20
6739,53738,2014,3,0
6740,53739,2058,1,15
6741,53740,2054,1,0
6742,53741,2002,3,0
6743,53742,2053,1,0
6744,53742,2066,2,10
6745,53743,2041,2,5
6746,53744,2062,1,0
6747,53744,2033,1,10
6748,53745,2062,1,10
6749,53746,2025,1,5
6750,53747,2029,1,10
6751,53748,2008,1,20
6752,53748,2010,1,15
6753,53748,2014,2,10
6754,53749,2019,1,15
6755,53749,2072,1,20
6756,53750,2022,1,5
6757,53750,2036,1,0
6758,53751,2018,1,0
6759,53751,2043,1,10
6760,53752,2025,3,20
6761,53752,2033,2,0
6762,53753,2007,1,10
6763,53754,2051,2,0
6764,53754,2027,1,10
6765,53755,2066,1,20
6766,53756,2100,1,15
6767,53756,2049,2,25
6768,53757,2052,3,10
6769,53758,2084,1,10
6770,53758,2035,1,20
6771,53758,2015,1,15
6772,53759,2073,1,25
6773,53759,2065,1,0
6774,53760,2047,1,0
6775,53761,2039,1,0
6776,53761,2003,1,20
6777,53762,2056,2,0
6778,53763,2055,1,15
6779,53764,2052,1,10
6780,53764,2031,1,15
6781,53764,2016,1,15
6782,53765,2058,2,5
6783,53765,2063,1,0
6784,53766,2018,2,10
6785,53766,2013,1,25
6786,53767,2049,2,0
6787,53768,2005,1,0
6788,53769,2020,1,20
6789,53770,2064,1,0
6790,53770,2030,2,0
6791,53771,2047,1,20
6792,53771,2069,1,15
6793,53772,2018,1,5
6794,53773,2023,2,25
6795,53774,2030,1,15
6796,53775,2042,1,0
6797,53776,2056,2,10
6798,53777,2008,1,20
6799,53778,2048,1,10
6800,53779,2069,2,10
6801,53780,2086,1,5
6802,53781,2054,1,0
6803,53781,2063,1,10
6804,53782,2082,1,0
6805,53782,2073,2,15
6806,53782,2054,1,0
6807,53783,2057,1,0
6808,53784,2100,1,0
6809,53785,2076,1,15
6810,53785,2025,1,10
6811,53786,2046,1,5
6812,53787,2075,3,10
6813,53788,2053,1,10
6814,53789,2044,1,20
6815,53790,2061,2,5
6816,53790,2038,1,0
6817,53790,2068,1,20
6818,53791,2074,2,10
6819,53791,2090,2,10
6820,53791,2096,1,0
6821,53792,2072,1,20
6822,53793,2076,1,20
6823,53794,2078,1,10
6824,53794,2034,1,0
6825,53794,2092,1,0
6826,53794,2051,2,5
6827,53795,2087,1,10
6828,53795,2022,2,10
6829,53796,2032,1,10
6830,53796,2063,1,5
6831,53796,2058,1,0
6832,53796,2041,1,25
6833,53797,2023,1,5
6834,53797,2023,1,20
6835,53798,2073,2,10
6836,53799,2003,2,0
6837,53800,2012,1,10
6838,53801,2093,1,25
6839,53801,2098,2,20
6840,53801,2008,1,5
6841,53802,2015,1,0
6842,53803,2033,2,10
6843,53803,2059,1,0
6844,53804,2020,1,5
6845,53804,2099,1,20
6846,53805,2050,1,10
6847,53805,2054,1,15
6848,53805,2020,1,10
6849,53806,2031,2,0
6850,53806,2074,1,0
6851,53807,2064,1,15
6852,53808,2023,1,5
6853,53809,2045,1,10
6854,53809,2019,1,0
6855,53810,2041,1,5
6856,53810,2022,3,0
6857,53810,2098,1,0
6858,53811,2030,2,20
6859,53811,2048,1,15
6860,53812,2065,1,20
6861,53812,2005,2,20
6862,53813,2021,1,10
6863,53813,2099,2,5
6864,53813,2070,1,10
6865,53814,2025,1,0
6866,53815,2044,1,15
6867,53816,2086,1,15
6868,53816,2020,1,10
6869,53816,2030,2,5
6870,53817,2025,2,0
6871,53817,2067,2,0
6872,53818,2053,1,5
6873,53818,2051,1,20
6874,53818,2038,2,0
6875,53819,2033,1,20
6876,53820,2052,1,10
6877,53820,2080,1,10
6878,53821,2082,2,0
6879,53822,2079,2,0
6880,53823,2005,1,10
6881,53824,2050,2,10
6882,53824,2040,2,10
6883,53825,2094,1,5
6884,53826,2042,1,0
6885,53827,2025,1,5
6886,53828,2026,1,15
6887,53829,2020,1,10
6888,53829,2045,1,0
6889,53830,2027,1,15
6890,53830,2057,1,0
6891,53831,2024,1,15
6892,53831,2059,2,10
6893,53832,2062,1,15
6894,53833,2067,2,0
6895,53833,2089,3,15
6896,53834,2008,2,15
6897,53835,2006,1,0
6898,53835,2047,2,0
6899,53836,2052,2,15
6900,53836,2076,2,5
6901,53836,2023,1,10
6902,53837,2046,1,0
6903,53838,2062,1,0
6904,53838,2066,1,15
6905,53838,2055,1,0
6906,53839,2060,1,0
6907,53840,2017,2,0
6908,53840,2047,1,20
6909,53841,2055,1,5
6910,53841,2008,1,10
6911,53842,2097,1,10
6912,53842,2064,1,5
6913,53843,2072,2,0
6914,53843,2054,1,5
6915,53844,2094,1,0
6916,53845,2001,1,20
6917,53845,2096,1,15
6918,53846,2021,1,15
6919,53846,2089,3,15
6920,53847,2007,1,0
6921,53847,2032,1,15
6922,53848,2058,2,10
6923,53849,2066,1,15
6924,53850,2002,1,25
6925,53850,2036,2,5
6926,53850,2085,1,10
6927,53851,2019,1,5
6928,53852,2095,3,20
6929,53853,2072,1,5
6930,53854,2098,1,5
6931,53854,2091,1,20
6932,53855,2023,1,0
6933,53855,2095,1,10
6934,53856,2050,2,10
6935,53856,2026,3,10
6936,53856,2090,1,0
6937,53857,2048,2,0
6938,53857,2069,1,5
6939,53858,2062,1,10
6940,53859,2030,1,20
6941,53860,2099,1,15
6942,53861,2084,1,10
6943,53861,2053,1,0
6944,53862,2058,2,20
6945,53862,2007,1,0
6946,53862,2073,2,20
6947,53862,2091,1,20
6948,53863,2097,1,25
6949,53864,2056,1,5
6950,53865,2100,1,0
6951,53865,2080,1,10
6952,53866,2051,1,5
6953,53866,2081,1,5
6954,53867,2016,1,10
6955,53867,2068,1,15
6956,53868,2062,1,5
6957,53869,2050,1,5
6958,53870,2065,2,10
6959,53870,2086,1,0
6960,53871,2058,1,15
6961,53872,2038,1,15
6962,53872,2043,2,20
6963,53873,2057,1,15
6964,53874,2059,1,10
6965,53874,2032,1,20
6966,53875,2054,1,10
6967,53875,2029,1,15
6968,53875,2095,2,0
6969,53875,2054,1,15
6970,53876,2084,1,0
6971,53876,2038,1,0
6972,53877,2040,1,10
6973,53878,2029,1,0
6974,53878,2058,1,5
6975,53878,2062,1,15
6976,53879,2057,1,10
6977,53880,2084,1,15
6978,53880,2052,1,15
6979,53881,2083,1,10
6980,53882,2006,2,25
6981,53882,2037,1,0
6982,53882,2072,1,0
6983,53883,2039,1,5
6984,53884,2074,3,15
6985,53885,2060,1,0
6986,53885,2049,1,10
6987,53885,2056,1,10
6988,53885,2091,2,15
6989,53886,2068,2,20
6990,53886,2099,1,0
6991,53887,2010,3,5
6992,53888,2082,1,15
6993,53889,2090,2,20
6994,53890,2093,1,0
6995,53891,2054,2,15
6996,53891,2049,2,0
6997,53892,2059,2,0
6998,53892,2092,1,5
6999,53893,2087,1,15
7000,53893,2094,1,15
7001,53893,2097,1,10
7002,53894,2063,1,15
7003,53894,2026,1,5
7004,53895,2016,1,0
7005,53895,2090,1,20
7006,53895,2016,2,0
7007,53896,2008,1,20
7008,53896,2048,1,15
7009,53897,2075,1,15
7010,53898,2074,1,10
7011,53898,2026,1,15
7012,53899,2051,1,0
7013,53900,2090,1,10
7014,53901,2080,1,5
7015,53901,2092,3,10
7016,53901,2077,1,10
7017,53902,2010,1,0
7018,53902,2021,2,0
7019,53903,2017,2,10
7020,53904,2014,1,20
7021,53905,2086,1,10
7022,53906,2071,1,10
7023,53906,2092,1,20
7024,53907,2033,1,15
7025,53908,2098,1,15
7026,53908,2094,1,10
7027,53908,2011,1,10
7028,53909,2087,2,5
7029,53909,2012,1,15
7030,53910,2046,3,5
7031,53911,2019,1,15
7032,53911,2059,3,20
7033,53912,2002,2,10
7034,53912,2085,1,0
7035,53912,2048,1,0
7036,53913,2088,1,10
7037,53913,2044,2,0
7038,53913,2056,1,0
7039,53914,2074,1,5
7040,53914,2098,2,10
7041,53915,2038,1,10
7042,53916,2053,1,0
7043,53916,2033,2,10
7044,53917,2005,2,5
7045,53917,2088,1,10
7046,53917,2057,1,20
7047,53918,2038,1,0
7048,53918,2078,1,10
7049,53918,2082,1,0
7050,53918,2099,3,0
7051,53919,2044,1,10
7052,53920,2011,1,10
7053,53920,2049,1,10
7054,53921,2045,2,20
7055,53922,2021,1,15
7056,53923,2059,1,0
7057,53924,2042,1,10
7058,53925,2089,1,10
7059,53925,2005,1,10
7060,53926,2072,1,5
7061,53927,2061,1,20
7062,53927,2024,1,10
7063,53928,2036,1,15
7064,53928,2086,2,10
7065,53929,2037,1,15
7066,53930,2067,3,5
7067,53930,2052,1,0
7068,53931,2090,1,10
7069,53932,2067,1,10
7070,53933,2084,1,0
7071,53933,2091,1,10
7072,53933,2013,1,20
7073,53933,2084,3,20
7074,53934,2097,1,5
7075,53935,2004,1,5
7076,53936,2046,1,20
7077,53936,2026,1,25
7078,53937,2099,1,0
7079,53938,2036,2,0
7080,53939,2019,3,0
7081,53939,2010,3,10
7082,53940,2080,1,15
7083,53940,2006,1,0
7084,53941,2031,1,15
7085,53941,2056,1,0
7086,53942,2005,1,0
7087,53942,2018,1,10
7088,53942,2100,1,10
7089,53943,2046,2,5
7090,53944,2031,2,5
7091,53945,2087,2,5
7092,53946,2009,1,20
7093,53947,2027,2,20
7094,53947,2087,1,10
7095,53947,2076,1,25
7096,53947,2044,1,10
7097,53948,2099,1,0
7098,53948,2058,1,10
7099,53949,2075,2,20
7100,53950,2099,1,10
7101,53951,2051,2,25
7102,53952,2049,1,10
7103,53952,2067,2,20
7104,53953,2007,2,15
7105,53954,2043,1,15
7106,53954,2070,2,25
7107,53954,2038,1,5
7108,53955,2072,1,10
7109,53956,2041,1,5
7110,53957,2020,1,20
7111,53957,2015,1,10
7112,53957,2055,1,0
7113,53958,2020,1,5
7114,53958,2037,1,0
7115,53958,2052,3,10
7116,53959,2005,3,0
7117,53960,2043,1,25
7118,53960,2032,1,10
7119,53961,2032,1,25
7120,53961,2091,1,0
7121,53961,2093,1,5
7122,53962,2031,2,20
7123,53962,2089,1,15
7124,53963,2023,1,0
7125,53963,2035,1,20
7126,53964,2095,2,0
7127,53964,2011,1,5
7128,53965,2039,1,15
7129,53965,2081,1,15
7130,53965,2095,1,10
7131,53966,2095,1,0
7132,53966,2089,1,0
7133,53967,2097,1,5
7134,53968,2048,1,5
7135,53969,2033,3,0
7136,53969,2039,1,10
7137,53970,2013,2,20
7138,53970,2014,1,25
7139,53971,2098,2,15
7140,53972,2020,2,0
7141,53972,2062,1,10
7142,53973,2024,1,20
7143,53974,2067,1,0
7144,53974,2048,2,0
7145,53974,2011,1,5
7146,53974,2038,1,10
7147,53975,2074,2,25
7148,53976,2081,2,10
7149,53976,2029,1,10
7150,53977,2030,2,10
7151,53977,2073,1,20
7152,53978,2043,2,5
7153,53979,2008,1,10
7154,53980,2013,1,20
7155,53981,2038,1,20
7156,53981,2028,2,5
7157,53982,2012,1,0
7158,53982,2079,1,20
7159,53983,2046,1,20
7160,53984,2071,1,0
7161,53984,2001,1,0
7162,53985,2041,1,0
7163,53985,2048,2,10
7164,53985,2058,1,5
7165,53985,2097,1,0
7166,53986,2046,1,15
7167,53987,2049,1,0
7168,53987,2090,1,25
7169,53987,2040,1,10
7170,53988,2040,1,5
7171,53989,2016,1,20
7172,53990,2073,1,0
7173,53990,2002,1,0
7174,53991,2022,1,10
7175,53992,2042,1,10
7176,53992,2044,1,10
7177,53992,2004,3,25
7178,53993,2053,3,25
7179,53993,2098,1,0
7180,53994,2011,1,0
7181,53994,2050,1,10
7182,53995,2059,1,25
7183,53995,2033,1,5
7184,53996,2058,3,5
7185,53996,2035,1,0
7186,53997,2016,1,25
7187,53997,2085,1,0
7188,53998,2100,1,10
7189,53998,2039,1,0
7190,53999,2010,2,10
7191,53999,2017,1,5
7192,53999,2090,1,10
7193,54000,2089,1,0
7194,54000,2050,2,0
7195,54001,2088,1,0
7196,54002,2023,1,20
7197,54003,2041,2,15
7198,54004,2012,3,0
7199,54005,2055,1,5
7200,54006,2070,2,10
7201,54007,2097,1,0
7202,54008,2076,1,20
7203,54008,2067,1,5
7204,54008,2068,1,10
7205,54009,2063,2,10
7206,54009,2042,1,20
7207,54010,2051,1,15
7208,54011,2018,1,0
7209,54011,2003,1,0
7210,54011,2079,2,10
7211,54012,2050,2,0
7212,54012,2088,1,5
7213,54012,2013,1,25
7214,54013,2040,1,0
7215,54013,2026,3,15
7216,54013,2085,1,5
7217,54014,2038,1,0
7218,54015,2064,1,0
7219,54016,2009,2,0
7220,54017,2053,1,5
7221,54017,2045,2,25
7222,54018,2062,1,10
7223,54018,2059,1,0
7224,54019,2011,1,0
7225,54019,2006,2,25
7226,54020,2013,1,0
7227,54020,2022,3,5
7228,54021,2073,1,20
7229,54021,2027,2,10
7230,54021,2097,1,0
7231,54022,2009,1,10
7232,54022,2051,1,5
7233,54023,2072,2,10
7234,54023,2006,1,0
7235,54023,2052,1,20
7236,54024,2007,1,10
7237,54024,2079,2,0
7238,54024,2047,1,10
7239,54025,2087,1,5
7240,54026,2066,1,20
7241,54026,2032,1,0
7242,54026,2016,1,5
7243,54027,2016,2,15
7244,54028,2004,2,0
7245,54029,2031,1,5
7246,54029,2073,1,15
7247,54029,2036,1,15
7248,54029,2015,2,5
7249,54030,2009,2,10
7250,54031,2044,1,10
7251,54032,2021,3,20
7252,54032,2074,1,10
7253,54032,2034,2,10
7254,54032,2013,2,15
7255,54033,2028,1,5
7256,54034,2045,3,10
7257,54035,2004,1,15
7258,54036,2012,1,5
7259,54036,2097,2,10
7260,54037,2035,1,0
7261,54038,2075,1,10
7262,54039,2092,1,10
7263,54039,2012,1,20
7264,54039,2069,1,0
7265,54040,2084,2,20
7266,54041,2003,2,0
7267,54041,2032,2,15
7268,54042,2014,1,10
7269,54043,2004,2,5
7270,54043,2030,1,20
7271,54044,2019,2,10
7272,54044,2090,1,0
7273,54045,2024,1,10
7274,54046,2075,1,10
7275,54047,2006,1,15
7276,54048,2062,3,5
7277,54049,2070,1,0
7278,54050,2016,2,5
7279,54050,2044,1,10
7280,54051,2093,1,10
7281,54052,2062,1,20
7282,54053,2081,3,5
7283,54054,2043,1,10
7284,54054,2024,1,25
7285,54054,2047,3,5
7286,54055,2041,2,10
7287,54056,2099,2,25
7288,54056,2043,1,0
7289,54057,2063,1,10
7290,54057,2059,1,5
7291,54058,2038,1,0
7292,54059,2038,1,15
7293,54060,2085,2,0
7294,54061,2022,3,20
7295,54061,2042,1,5
7296,54062,2067,2,0
7297,54063,2006,1,0
7298,54064,2068,1,20
7299,54064,2084,2,5
7300,54064,2045,1,5
7301,54065,2059,1,0
7302,54065,2049,2,10
7303,54066,2067,1,5
7304,54067,2006,1,20
7305,54067,2062,1,0
7306,54067,2046,1,0
7307,54068,2004,1,5
7308,54069,2081,1,0
7309,54070,2016,1,15
7310,54071,2060,2,20
7311,54071,2086,2,10
7312,54071,2093,1,20
7313,54072,2063,2,15
7314,54073,2072,1,0
7315,54073,2059,1,0
7316,54074,2078,1,10
7317,54074,2098,1,25
7318,54075,2046,3,20
7319,54075,2042,2,10
7320,54076,2018,2,0
7321,54077,2098,1,15
7322,54078,2092,1,15
7323,54078,2071,1,20
7324,54079,2066,1,15
7325,54080,2021,2,0
7326,54080,2091,2,10
7327,54081,2006,2,5
7328,54082,2062,2,5
7329,54082,2026,1,10
7330,54083,2046,2,20
7331,54083,2010,3,15
7332,54084,2014,1,0
7333,54084,2038,1,0
7334,54085,2040,1,5
7335,54085,2089,1,15
7336,54086,2060,1,10
7337,54087,2004,2,10
7338,54088,2094,3,10
7339,54089,2062,2,15
7340,54089,2083,1,0
7341,54090,2093,1,10
7342,54091,2052,1,15
7343,54092,2018,1,5
7344,54093,2045,1,0
7345,54094,2069,3,10
7346,54094,2004,2,0
7347,54095,2095,2,10
7348,54095,2036,1,20
7349,54096,2066,1,0
7350,54097,2099,1,20
7351,54098,2087,1,0
7352,54098,2075,2,10
7353,54099,2030,1,0
7354,54099,2053,1,15
7355,54100,2051,2,25
7356,54100,2087,1,5
7357,54100,2004,1,20
7358,54101,2003,2,15
7359,54101,2012,2,25
7360,54101,2096,2,10
7361,54102,2055,1,15
7362,54102,2070,1,20
7363,54102,2010,1,15
7364,54103,2002,1,20
7365,54103,2066,1,5
7366,54103,2071,1,0
7367,54104,2043,1,10
7368,54104,2009,1,5
7369,54104,2049,1,5
7370,54105,2064,1,20
7371,54105,2022,2,10
7372,54106,2031,1,20
7373,54106,2075,1,5
7374,54107,2022,1,5
7375,54107,2010,1,0
7376,54108,2063,1,25
7377,54109,2003,1,5
7378,54110,2044,1,20
7379,54110,2057,1,5
7380,54110,2007,1,5
7381,54111,2066,1,15
7382,54111,2083,1,10
7383,54112,2098,1,10
7384,54113,2027,1,10
7385,54114,2033,1,10
7386,54115,2062,2,20
7387,54116,2060,1,0
7388,54116,2061,1,0
7389,54117,2032,1,0
7390,54117,2006,1,10
7391,54118,2003,1,15
7392,54118,2100,3,10
7393,54119,2041,1,25
7394,54120,2045,1,10
7395,54121,2063,2,10
7396,54122,2021,1,10
7397,54123,2039,1,20
7398,54123,2044,2,0
7399,54124,2010,1,10
7400,54125,2061,1,5
7401,54125,2020,2,25
7402,54125,2001,1,0
7403,54126,2063,2,0
7404,54126,2031,1,10
7405,54127,2072,1,10
7406,54128,2054,1,5
7407,54129,2003,2,10
7408,54130,2070,1,10
7409,54131,2005,1,5
7410,54131,2032,1,5
7411,54131,2069,1,0
7412,54132,2041,1,15
7413,54132,2039,2,5
7414,54133,2023,1,10
7415,54133,2045,1,5
7416,54134,2030,1,0
7417,54134,2095,1,15
7418,54135,2069,1,5
7419,54135,2091,1,0
7420,54135,2034,2,20
7421,54136,2096,1,20
7422,54136,2028,1,15
7423,54136,2031,1,10
7424,54137,2030,1,10
7425,54138,2059,2,5
7426,54139,2062,2,5
7427,54140,2007,1,10
7428,54141,2057,2,15
7429,54141,2096,1,10
7430,54142,2041,1,20
7431,54143,2070,1,5
7432,54143,2064,2,5
7433,54144,2098,1,5
7434,54145,2065,1,15
7435,54145,2048,2,0
7436,54146,2002,1,5
7437,54147,2081,1,15
7438,54148,2034,1,10
7439,54148,2093,1,5
7440,54148,2025,1,10
7441,54149,2044,1,20
7442,54150,2083,1,10
7443,54150,2016,1,15
7444,54151,2028,2,0
7445,54151,2080,2,10
7446,54151,2032,1,5
7447,54152,2096,1,25
7448,54153,2054,1,0
7449,54154,2083,2,20
7450,54155,2055,2,5
7451,54156,2005,2,10
7452,54156,2082,2,10
7453,54156,2042,2,0
7454,54157,2039,1,0
7455,54157,2074,1,5
7456,54157,2029,1,15
7457,54158,2043,1,15
7458,54159,2061,2,25
7459,54159,2060,1,0
7460,54160,2073,1,15
7461,54160,2009,1,0
7462,54160,2100,1,10
7463,54161,2061,1,0
7464,54162,2062,1,20
7465,54163,2089,1,10
7466,54163,2050,1,10
7467,54163,2004,1,5
7468,54164,2014,1,10
7469,54164,2095,1,0
7470,54165,2099,3,15
7471,54166,2009,1,10
7472,54166,2069,1,0
7473,54167,2067,2,0
7474,54168,2017,2,5
7475,54168,2079,1,10
7476,54169,2046,1,0
7477,54169,2024,2,0
7478,54170,2057,1,0
7479,54171,2091,2,5
7480,54171,2022,1,10
7481,54172,2062,2,10
7482,54173,2074,2,5
7483,54173,2063,2,10
7484,54174,2066,3,10
7485,54174,2073,1,5
7486,54175,2024,1,25
7487,54176,2011,1,15
7488,54177,2099,1,10
7489,54178,2032,1,10
7490,54178,2095,1,10
7491,54179,2027,1,5
7492,54179,2027,1,0
7493,54180,2003,2,20
7494,54181,2045,2,20
7495,54181,2095,1,25
7496,54181,2090,2,5
7497,54181,2031,1,20
7498,54182,2041,1,15
7499,54182,2067,2,5
7500,54182,2096,1,20
7501,54183,2061,1,25
7502,54184,2021,3,10
7503,54185,2036,1,15
7504,54185,2073,1,15
7505,54186,2003,1,10
7506,54187,2060,1,5
7507,54187,2077,1,0
7508,54187,2035,2,25
7509,54187,2054,1,0
7510,54188,2072,1,0
7511,54188,2060,1,5
7512,54189,2003,1,5
7513,54190,2059,1,5
7514,54191,2024,3,0
7515,54192,2074,2,20
7516,54192,2027,1,10
7517,54193,2098,1,25
7518,54194,2012,2,20
7519,54194,2090,1,10
7520,54194,2004,1,5
7521,54195,2069,1,5
7522,54195,2036,1,25
7523,54196,2020,3,10
7524,54196,2022,1,20
7525,54196,2004,1,25
7526,54197,2014,1,0
7527,54198,2040,2,20
7528,54199,2016,1,15
7529,54199,2097,2,10
7530,54199,2083,2,20
7531,54200,2048,2,10
7532,54201,2010,1,5
7533,54202,2099,2,0
7534,54202,2073,1,15
7535,54202,2019,3,15
7536,54202,2006,1,0
7537,54203,2062,1,5
7538,54203,2005,1,0
7539,54204,2062,2,10
7540,54204,2045,1,10
7541,54204,2089,1,20
7542,54205,2039,2,0
7543,54206,2045,1,0
7544,54206,2055,1,0
7545,54207,2099,1,20
7546,54208,2071,2,10
7547,54209,2067,1,0
7548,54210,2031,1,0
7549,54210,2049,2,0
7550,54210,2020,2,15
7551,54211,2040,1,10
7552,54212,2083,1,15
7553,54212,2010,1,5
7554,54213,2017,1,10
7555,54213,2059,1,10
7556,54213,2080,2,0
7557,54214,2098,1,5
7558,54214,2059,1,0
7559,54215,2066,1,15
7560,54216,2029,2,10
7561,54216,2041,1,10
7562,54217,2032,1,10
7563,54217,2011,1,0
7564,54218,2038,3,15
7565,54219,2022,1,15
7566,54220,2060,1,0
7567,54220,2076,2,20
7568,54221,2098,1,5
7569,54221,2089,1,10
7570,54222,2032,1,10
7571,54222,2094,1,15
7572,54222,2095,1,0
7573,54223,2051,1,5
7574,54224,2021,1,20
7575,54225,2078,2,20
7576,54226,2012,2,15
7577,54226,2037,1,0
7578,54226,2054,1,10
7579,54226,2087,1,10
7580,54227,2098,3,0
7581,54227,2082,1,0
7582,54227,2049,1,20
7583,54228,2009,2,0
7584,54228,2080,1,5
7585,54228,2086,1,0
7586,54228,2048,1,10
7587,54229,2056,2,15
7588,54229,2086,2,5
7589,54230,2014,1,15
7590,54231,2082,1,0
7591,54231,2052,2,5
7592,54232,2069,1,0
7593,54233,2020,1,10
7594,54234,2062,2,25
7595,54235,2027,2,15
7596,54236,2052,1,0
7597,54237,2053,1,25
7598,54237,2096,2,15
7599,54237,2068,1,10
7600,54238,2056,1,20
7601,54238,2041,1,15
7602,54239,2034,1,15
7603,54239,2066,1,0
7604,54240,2089,2,0
7605,54241,2058,2,20
7606,54241,2067,1,15
7607,54242,2033,1,15
7608,54243,2056,3,15
7609,54244,2058,1,20
7610,54245,2069,1,5
7611,54246,2032,1,5
7612,54246,2035,1,0
7613,54246,2036,1,0
7614,54247,2043,2,10
7615,54247,2030,1,10
7616,54247,2020,1,0
7617,54248,2051,2,10
7618,54249,2086,1,5
7619,54249,2004,1,10
7620,54250,2067,2,10
7621,54251,2082,1,5
7622,54252,2083,1,15
7623,54252,2086,1,10
7624,54253,2032,1,10
7625,54253,2011,1,5
7626,54254,2100,3,0
7627,54254,2070,1,15
7628,54255,2036,1,25
7629,54256,2086,2,0
7630,54256,2036,1,5
7631,54257,2075,2,20
7632,54258,2097,2,15
7633,54259,2077,1,5
7634,54260,2066,1,10
7635,54261,2020,1,20
7636,54262,2094,2,0
7637,54263,2043,1,10
7638,54263,2063,2,15
7639,54264,2062,2,0
7640,54265,2025,1,20
7641,54266,2061,3,25
7642,54266,2040,1,15
7643,54266,2035,1,10
7644,54267,2086,1,10
7645,54267,2073,1,10
7646,54267,2049,1,0
7647,54268,2002,1,5
7648,54269,2071,1,0
7649,54270,2074,3,5
7650,54271,2017,2,15
7651,54271,2076,1,20
7652,54271,2040,3,5
7653,54271,2074,2,10
7654,54272,2084,2,10
7655,54273,2071,1,10
7656,54274,2095,1,15
7657,54274,2008,1,0
7658,54275,2033,1,0
7659,54275,2006,1,5
7660,54276,2018,1,25
7661,54277,2038,1,25
7662,54278,2003,1,10
7663,54279,2040,1,10
7664,54280,2013,1,10
7665,54281,2012,1,5
7666,54281,2084,2,5
7667,54281,2075,2,0
7668,54282,2046,2,0
7669,54282,2057,2,25
7670,54283,2030,1,15
7671,54283,2049,1,15
7672,54284,2078,1,20
7673,54284,2053,2,10
7674,54285,2080,1,10
7675,54285,2049,1,15
7676,54286,2037,2,0
7677,54287,2090,1,0
7678,54287,2091,1,10
7679,54288,2023,2,0
7680,54289,2047,1,10
7681,54290,2078,2,20
7682,54291,2027,1,20
7683,54291,2075,1,5
7684,54292,2090,1,0
7685,54292,2024,1,25
7686,54293,2016,1,20
7687,54294,2095,1,5
7688,54295,2100,1,20
7689,54295,2086,1,20
7690,54295,2062,1,5
7691,54296,2009,1,5
7692,54297,2092,1,20
7693,54298,2020,1,15
7694,54298,2018,1,10
7695,54299,2072,3,25
7696,54299,2039,1,20
7697,54300,2087,2,0
7698,54301,2088,1,10
7699,54302,2081,1,20
7700,54302,2084,1,0
7701,54302,2055,1,0
7702,54303,2088,2,20
7703,54304,2092,2,15
7704,54304,2029,1,0
7705,54304,2043,1,0
7706,54305,2062,2,20
7707,54305,2086,1,0
7708,54306,2039,1,0
7709,54306,2027,1,20
7710,54306,2033,1,15
7711,54307,2080,1,5
7712,54308,2053,1,10
7713,54309,2026,1,10
7714,54310,2072,1,5
7715,54311,2067,1,25
7716,54312,2052,1,10
7717,54313,2062,1,10
7718,54314,2024,1,5
7719,54314,2019,1,10
7720,54315,2081,1,5
7721,54316,2069,1,5
7722,54317,2098,1,10
7723,54318,2094,1,15
7724,54318,2037,1,15
7725,54319,2047,1,0
7726,54320,2085,1,10
7727,54320,2001,1,5
7728,54321,2087,1,10
7729,54322,2017,1,20
7730,54322,2027,3,15
7731,54323,2049,1,5
7732,54323,2071,1,15
7733,54324,2036,1,0
7734,54324,2094,2,0
7735,54325,2079,1,0
7736,54325,2074,1,5
7737,54326,2078,1,10
7738,54326,2004,1,5
7739,54326,2083,2,10
7740,54327,2061,1,0
7741,54328,2019,2,10
7742,54329,2078,3,5
7743,54329,2011,1,5
7744,54329,2062,2,10
7745,54330,2057,1,0
7746,54330,2003,1,5
7747,54330,2038,1,15
7748,54331,2013,1,5
7749,54331,2095,1,15
7750,54332,2081,1,0
7751,54333,2100,1,15
7752,54334,2049,1,0
7753,54334,2033,1,25
7754,54334,2096,1,0
7755,54335,2031,1,25
7756,54335,2042,1,0
7757,54336,2014,1,15
7758,54337,2083,3,5
7759,54338,2012,3,0
7760,54338,2004,1,0
7761,54339,2084,1,0
7762,54339,2085,1,5
7763,54340,2086,1,10
7764,54340,2086,1,10
7765,54340,2015,3,10
7766,54340,2037,1,0
7767,54341,2077,1,10
7768,54342,2031,1,15
7769,54343,2078,2,0
7770,54344,2091,2,15
7771,54344,2097,1,5
7772,54345,2078,1,10
7773,54346,2080,2,15
7774,54347,2060,1,15
7775,54348,2008,1,10
7776,54349,2044,1,5
7777,54349,2096,2,10
7778,54349,2092,1,10
7779,54350,2024,1,25
7780,54351,2075,1,15
7781,54352,2031,1,0
7782,54352,2042,1,5
7783,54353,2065,1,10
7784,54354,2050,1,15
7785,54354,2061,1,0
7786,54355,2010,1,20
7787,54355,2030,1,10
7788,54355,2082,1,0
7789,54356,2062,1,0
7790,54356,2085,3,15
7791,54357,2097,1,15
7792,54357,2036,1,5
7793,54358,2027,1,0
7794,54358,2031,1,0
7795,54358,2058,1,5
7796,54359,2026,2,10
7797,54359,2040,1,0
7798,54359,2018,1,15
7799,54360,2039,1,0
7800,54360,2095,1,15
7801,54360,2043,1,20
7802,54361,2076,1,0
7803,54362,2044,1,20
7804,54362,2044,1,15
7805,54363,2066,1,20
7806,54363,2012,2,5
7807,54364,2036,1,20
7808,54365,2014,2,10
7809,54366,2020,1,0
7810,54366,2071,2,25
7811,54366,2018,1,20
7812,54367,2021,2,0
7813,54368,2058,1,10
7814,54368,2035,1,25
7815,54368,2013,1,10
7816,54369,2096,2,10
7817,54369,2093,1,0
7818,54369,2059,2,5
7819,54369,2053,2,10
7820,54370,2081,1,15
7821,54371,2098,2,10
7822,54372,2011,1,10
7823,54372,2010,1,0
7824,54372,2034,1,15
7825,54372,2031,2,0
7826,54373,2090,1,10
7827,54374,2051,1,15
7828,54374,2082,1,15
7829,54375,2067,2,0
7830,54376,2073,1,20
7831,54377,2096,1,0
7832,54378,2059,1,0
7833,54379,2078,1,15
7834,54379,2027,1,0
7835,54379,2026,2,10
7836,54380,2059,1,20
7837,54381,2091,1,0
7838,54382,2006,2,15
7839,54382,2051,1,10
7840,54383,2021,2,5
7841,54383,2089,1,10
7842,54383,2052,1,5
7843,54383,2005,1,15
7844,54384,2001,2,15
7845,54385,2064,1,5
7846,54385,2024,1,15
7847,54386,2005,1,10
7848,54387,2016,2,15
7849,54387,2016,1,0
7850,54387,2035,1,5
7851,54388,2072,1,5
7852,54388,2086,1,10
7853,54389,2054,1,0
7854,54389,2095,2,10
7855,54389,2080,1,25
7856,54390,2017,1,0
7857,54390,2074,2,10
7858,54391,2024,3,0
7859,54391,2097,2,10
7860,54391,2085,2,0
7861,54392,2007,3,20
7862,54393,2018,1,5
7863,54393,2045,2,25
7864,54394,2075,1,0
7865,54394,2056,1,20
7866,54395,2009,1,5
7867,54396,2063,1,0
7868,54396,2065,2,20
7869,54396,2093,2,5
7870,54397,2027,1,10
7871,54397,2004,2,15
7872,54398,2075,2,5
7873,54398,2071,1,0
7874,54398,2052,2,20
7875,54399,2070,1,10
7876,54400,2018,1,20
7877,54400,2013,1,15
7878,54400,2041,2,15
7879,54401,2090,1,10
7880,54402,2052,1,0
7881,54402,2064,1,20
7882,54402,2100,2,20
7883,54402,2031,2,15
7884,54403,2049,1,20
7885,54404,2069,2,0
7886,54404,2016,1,5
7887,54405,2041,1,0
7888,54406,2056,1,10
7889,54406,2031,1,10
7890,54407,2023,1,0
7891,54408,2044,1,10
7892,54408,2088,1,5
7893,54408,2042,3,10
7894,54409,2084,2,5
7895,54409,2068,1,0
7896,54409,2013,2,10
7897,54410,2092,3,0
7898,54411,2059,1,5
7899,54411,2057,1,5
7900,54411,2070,1,20
7901,54412,2005,2,0
7902,54412,2026,1,5
7903,54413,2080,2,15
7904,54414,2063,1,5
7905,54415,2039,1,10
7906,54416,2047,2,15
7907,54417,2062,1,0
7908,54417,2049,2,25
7909,54418,2046,1,10
7910,54418,2056,1,15
7911,54419,2029,2,20
7912,54420,2058,1,20
7913,54420,2070,1,0
7914,54420,2071,1,10
7915,54420,2063,1,5
7916,54421,2046,1,10
7917,54422,2066,1,15
7918,54422,2073,1,5
7919,54422,2032,1,10
7920,54423,2049,2,10
7921,54423,2068,1,5
7922,54423,2067,1,10
7923,54424,2050,1,0
7924,54424,2027,2,10
7925,54425,2092,1,0
7926,54425,2055,1,15
7927,54426,2055,2,0
7928,54427,2047,2,10
7929,54427,2077,2,10
7930,54427,2031,1,5
7931,54428,2094,1,10
7932,54428,2007,1,20
7933,54429,2002,1,0
7934,54429,2052,1,10
7935,54429,2086,1,5
7936,54430,2001,1,10
7937,54431,2068,1,20
7938,54431,2039,2,10
7939,54432,2003,1,0
7940,54433,2038,2,5
7941,54433,2065,1,10
7942,54434,2064,1,0
7943,54434,2085,3,10
7944,54435,2099,1,15
7945,54436,2006,2,15
7946,54437,2086,2,0
7947,54438,2001,3,15
7948,54439,2098,1,5
7949,54440,2078,1,0
7950,54441,2096,1,10
7951,54442,2007,2,10
7952,54442,2008,1,10
7953,54443,2099,1,20
7954,54443,2029,3,0
7955,54444,2039,1,5
7956,54445,2030,1,5
7957,54446,2016,2,0
7958,54446,2008,1,5
7959,54447,2014,1,15
7960,54448,2085,1,10
7961,54449,2003,1,5
7962,54450,2090,1,10
7963,54450,2023,2,5
7964,54450,2061,1,0
7965,54450,2026,1,10
7966,54451,2090,3,15
7967,54452,2005,2,15
7968,54452,2072,1,0
7969,54452,2094,3,10
7970,54452,2045,1,10
7971,54453,2046,1,15
7972,54454,2015,2,0
7973,54455,2088,1,0
7974,54456,2096,1,20
7975,54456,2050,2,0
7976,54457,2070,1,25
7977,54457,2076,1,10
7978,54458,2036,2,10
7979,54458,2001,1,0
7980,54459,2013,1,20
7981,54459,2090,1,0
7982,54459,2080,1,5
7983,54459,2010,1,0
7984,54460,2081,2,0
7985,54460,2089,1,15
7986,54461,2055,1,0
7987,54462,2046,1,10
7988,54462,2100,1,15
7989,54463,2088,3,10
7990,54464,2039,1,10
7991,54464,2048,1,0
7992,54465,2095,3,15
7993,54465,2093,1,0
7994,54465,2064,1,10
7995,54466,2065,1,20
7996,54467,2074,1,15
7997,54468,2029,1,0
7998,54468,2092,1,5
7999,54469,2030,2,20
8000,54470,2084,1,20
8001,54471,2083,1,10
8002,54471,2029,1,0
8003,54472,2081,2,5
8004,54473,2087,2,25
8005,54474,2050,1,0
8006,54474,2054,1,15
8007,54475,2051,1,5
8008,54476,2005,2,15
8009,54477,2055,2,0
8010,54477,2068,1,0
8011,54477,2057,1,5
8012,54477,2050,2,20
8013,54478,2051,2,10
8014,54479,2054,1,10
8015,54480,2093,1,25
8016,54480,2042,1,5
8017,54480,2023,1,20
8018,54481,2007,2,0
8019,54482,2088,1,0
8020,54482,2019,2,10
8021,54482,2042,1,25
8022,54483,2076,1,15
8023,54483,2018,1,0
8024,54484,2024,1,25
8025,54484,2064,1,15
8026,54485,2063,1,15
8027,54486,2025,2,10
8028,54487,2055,3,5
8029,54487,2071,1,0
8030,54487,2023,1,10
8031,54488,2045,2,0
8032,54489,2029,1,10
8033,54489,2095,1,10
8034,54490,2039,2,10
8035,54490,2086,1,15
8036,54490,2089,1,5
8037,54491,2017,1,10
8038,54491,2095,1,0
8039,54492,2005,1,5
8040,54493,2039,1,0
8041,54493,2016,1,0
8042,54494,2005,1,5
8043,54494,2056,1,5
8044,54495,2061,2,20
8045,54496,2059,2,0
8046,54496,2042,2,0
8047,54496,2079,1,15
8048,54497,2050,1,0
8049,54498,2054,1,10
8050,54498,2045,1,15
8051,54498,2021,1,10
8052,54498,2066,1,5
8053,54499,2083,1,0
8054,54500,2031,1,25
8055,54501,2047,2,20
8056,54501,2090,1,15
8057,54502,2021,2,0
8058,54503,2043,3,10
8059,54504,2027,2,15
8060,54505,2035,2,0
8061,54505,2046,2,25
8062,54505,2093,1,25
8063,54506,2002,2,0
8064,54507,2036,1,0
8065,54507,2087,3,5
8066,54508,2009,1,10
8067,54508,2051,1,10
8068,54509,2016,2,15
8069,54509,2056,2,10
8070,54510,2072,1,0
8071,54511,2064,1,5
8072,54512,2057,1,5
8073,54512,2075,1,10
8074,54512,2054,3,20
8075,54512,2062,1,0
8076,54513,2009,2,15
8077,54513,2003,1,5
8078,54514,2017,1,15
8079,54514,2054,1,5
8080,54514,2040,1,5
8081,54515,2037,2,10
8082,54515,2045,1,15
8083,54516,2099,1,0
8084,54516,2038,1,5
8085,54516,2045,3,10
8086,54517,2051,1,10
8087,54517,2078,1,0
8088,54517,2074,1,0
8089,54517,2098,1,15
8090,54518,2064,1,5
8091,54519,2096,1,0
8092,54519,2062,1,5
8093,54519,2054,1,10
8094,54520,2056,1,25
8095,54521,2049,1,15
8096,54522,2021,1,15
8097,54522,2037,1,10
8098,54523,2061,2,5
8099,54524,2061,1,25
8100,54525,2016,1,0
8101,54525,2081,1,15
8102,54526,2072,1,5
8103,54526,2053,2,10
8104,54527,2046,1,25
8105,54527,2056,2,20
8106,54527,2059,1,20
8107,54528,2043,1,15
8108,54529,2087,2,10
8109,54530,2016,1,5
8110,54530,2038,1,10
8111,54531,2040,1,5
8112,54531,2010,1,10
8113,54532,2009,2,0
8114,54532,2090,1,20
8115,54532,2078,2,15
8116,54533,2037,3,0
8117,54534,2027,1,10
8118,54535,2041,2,15
8119,54535,2071,1,20
8120,54535,2030,3,5
8121,54536,2007,1,10
8122,54537,2043,1,5
8123,54537,2060,1,20
8124,54538,2053,1,20
8125,54539,2018,2,0
8126,54540,2085,1,5
8127,54540,2064,1,0
8128,54540,2073,2,5
8129,54541,2096,1,0
8130,54542,2052,1,15
8131,54543,2058,3,10
8132,54543,2077,1,10
8133,54544,2078,1,15
8134,54545,2085,1,15
8135,54546,2071,1,5
8136,54546,2006,1,15
8137,54547,2036,1,10
8138,54548,2060,1,0
8139,54548,2045,1,0
8140,54549,2005,2,15
8141,54550,2027,1,0
8142,54551,2031,1,0
8143,54552,2004,1,5
8144,54552,2077,2,20
8145,54552,2038,1,15
8146,54553,2080,2,15
8147,54554,2088,1,5
8148,54554,2089,1,20
8149,54554,2091,1,5
8150,54555,2050,1,25
8151,54556,2025,1,10
8152,54557,2009,1,10
8153,54557,2063,1,20
8154,54558,2013,2,20
8155,54559,2025,1,0
8156,54559,2025,2,0
8157,54560,2028,2,10
8158,54560,2038,1,0
8159,54560,2034,1,5
8160,54561,2053,1,0
8161,54561,2096,1,10
8162,54561,2065,1,10
8163,54562,2068,1,0
8164,54562,2017,1,10
8165,54563,2012,1,5
8166,54563,2019,2,25
8167,54564,2085,1,0
8168,54565,2018,1,20
8169,54565,2099,1,25
8170,54566,2076,2,10
8171,54567,2083,2,15
8172,54568,2031,1,0
8173,54568,2016,2,5
8174,54569,2017,1,0
8175,54570,2086,1,10
8176,54570,2044,1,20
8177,54571,2041,2,0
8178,54572,2025,1,10
8179,54573,2036,1,15
8180,54573,2037,1,10
8181,54574,2075,2,10
8182,54574,2083,3,10
8183,54575,2047,1,10
8184,54575,2034,1,0
8185,54575,2046,1,10
8186,54575,2018,3,10
8187,54576,2007,1,0
8188,54577,2024,1,10
8189,54578,2003,1,10
8190,54579,2004,1,10
8191,54580,2024,1,10
8192,54581,2091,1,5
8193,54581,2019,2,15
8194,54582,2070,2,5
8195,54583,2015,1,10
8196,54583,2047,1,5
8197,54583,2061,1,10
8198,54584,2057,1,15
8199,54584,2080,1,15
8200,54585,2026,1,0
8201,54585,2075,1,10
8202,54586,2041,3,0
8203,54587,2045,1,15
8204,54588,2032,1,25
8205,54589,2100,1,10
8206,54589,2083,2,5
8207,54590,2047,1,0
8208,54590,2075,1,5
8209,54591,2092,1,10
8210,54592,2029,1,20
8211,54593,2033,1,10
8212,54593,2077,1,25
8213,54593,2029,1,5
8214,54593,2010,1,0
8215,54594,2060,1,10
8216,54595,2021,1,0
8217,54596,2059,3,0
8218,54597,2011,1,0
8219,54598,2048,2,10
8220,54599,2024,1,0
8221,54599,2053,1,25
8222,54600,2023,1,20
8223,54600,2026,3,15
8224,54601,2091,1,5
8225,54601,2099,1,0
8226,54602,2033,1,10
8227,54603,2065,1,0
8228,54604,2036,1,10
8229,54604,2018,1,0
8230,54605,2010,1,10
8231,54606,2090,1,10
8232,54607,2007,1,10
8233,54608,2050,2,15
8234,54608,2022,1,0
8235,54609,2077,1,0
8236,54610,2014,1,5
8237,54610,2058,1,15
8238,54610,2035,2,0
8239,54611,2053,3,20
8240,54612,2019,1,5
8241,54612,2012,1,0
8242,54612,2018,1,10
8243,54612,2058,1,5
8244,54613,2065,1,5
8245,54614,2091,2,0
8246,54614,2095,1,10
8247,54615,2076,1,5
8248,54616,2002,3,0
8249,54616,2071,1,5
8250,54616,2071,1,15
8251,54617,2071,1,15
8252,54618,2066,1,5
8253,54618,2069,1,25
8254,54618,2059,1,0
8255,54619,2062,1,20
8256,54619,2070,2,25
8257,54620,2005,1,10
8258,54620,2051,1,0
8259,54621,2013,1,20
8260,54622,2093,1,10
8261,54623,2099,1,0
8262,54623,2016,1,20
8263,54623,2090,1,5
8264,54623,2048,1,10
8265,54624,2068,1,10
8266,54624,2066,1,20
8267,54624,2012,2,10
8268,54625,2091,1,20
8269,54626,2065,2,0
8270,54627,2049,1,10
8271,54628,2062,1,10
8272,54629,2098,1,5
8273,54630,2065,1,0
8274,54630,2066,1,0
8275,54630,2088,1,5
8276,54631,2070,1,15
8277,54632,2015,1,5
8278,54632,2082,1,15
8279,54632,2090,1,20
8280,54633,2074,1,15
8281,54633,2016,1,15
8282,54633,2053,1,10
8283,54633,2006,1,20
8284,54634,2078,1,15
8285,54635,2096,1,5
8286,54636,2004,1,15
8287,54636,2011,2,10
8288,54637,2094,1,15
8289,54638,2080,1,5
8290,54638,2083,1,10
8291,54639,2021,2,20
8292,54639,2064,2,25
8293,54640,2083,1,5
8294,54641,2007,3,10
8295,54641,2029,1,5
8296,54641,2030,3,15
8297,54642,2055,1,0
8298,54643,2026,1,25
8299,54644,2035,1,10
8300,54644,2026,1,5
8301,54644,2007,1,0
8302,54644,2068,1,10
8303,54645,2064,1,10
8304,54646,2088,1,15
8305,54647,2058,3,10
8306,54648,2069,3,10
8307,54649,2036,1,5
8308,54650,2039,1,0
8309,54650,2042,1,5
8310,54651,2097,1,5
8311,54652,2048,3,15
8312,54652,2087,2,0
8313,54653,2033,1,10
8314,54654,2069,1,0
8315,54655,2028,2,0
8316,54655,2040,3,5
8317,54655,2086,3,5
8318,54656,2069,1,0
8319,54656,2049,1,20
8320,54657,2041,3,5
8321,54657,2080,1,10
8322,54658,2016,1,25
8323,54659,2085,1,5
8324,54659,2062,1,10
8325,54660,2033,2,15
8326,54660,2070,3,5
8327,54660,2100,3,0
8328,54661,2035,1,15
8329,54661,2040,3,5
8330,54661,2093,1,5
8331,54662,2035,1,5
8332,54662,2086,1,0
8333,54663,2090,2,20
8334,54664,2059,2,20
8335,54665,2009,2,20
8336,54666,2007,2,0
8337,54667,2029,1,25
8338,54668,2002,2,10
8339,54669,2077,1,10
8340,54670,2064,2,15
8341,54670,2046,2,15
8342,54671,2082,1,5
8343,54671,2014,1,10
8344,54672,2051,1,10
8345,54672,2034,2,0
8346,54673,2003,1,0
8347,54674,2048,1,10
8348,54674,2015,3,10
8349,54675,2005,1,15
8350,54675,2022,1,15
8351,54675,2020,2,10
8352,54675,2063,1,5
8353,54676,2080,1,10
8354,54677,2049,2,5
8355,54677,2065,1,15
8356,54677,2011,1,5
8357,54678,2079,1,20
8358,54679,2051,2,0
8359,54679,2043,1,15
8360,54680,2087,2,5
8361,54680,2032,1,0
8362,54681,2044,1,10
8363,54681,2093,1,0
8364,54682,2015,1,5
8365,54682,2053,2,10
8366,54682,2058,1,5
8367,54683,2071,1,5
8368,54684,2093,2,5
8369,54684,2035,1,0
8370,54685,2012,2,5
8371,54685,2040,1,5
8372,54685,2016,1,10
8373,54686,2073,1,10
8374,54686,2057,1,0
8375,54687,2076,2,10
8376,54688,2034,1,0
8377,54689,2096,2,5
8378,54689,2090,1,10
8379,54689,2092,1,10
8380,54690,2072,1,0
8381,54690,2019,2,5
8382,54691,2015,3,10
8383,54691,2096,1,5
8384,54691,2088,1,15
8385,54691,2089,2,15
8386,54692,2065,1,0
8387,54693,2086,1,15
8388,54693,2050,3,20
8389,54694,2017,1,20
8390,54694,2026,3,0
8391,54694,2086,1,20
8392,54695,2065,1,0
8393,54695,2100,1,5
8394,54695,2090,1,5
8395,54696,2076,2,5
8396,54696,2004,1,5
8397,54697,2019,3,0
8398,54698,2038,1,10
8399,54698,2004,3,10
8400,54699,2094,1,10
8401,54699,2023,1,10
8402,54700,2039,1,0
8403,54701,2068,1,10
8404,54702,2004,1,10
8405,54702,2064,2,0
8406,54702,2011,3,25
8407,54703,2091,1,10
8408,54704,2070,1,10
8409,54705,2034,1,10
8410,54705,2071,2,15
8411,54706,2032,1,10
8412,54706,2012,1,15
8413,54706,2001,1,0
8414,54706,2022,3,0
8415,54707,2071,1,0
8416,54707,2057,1,25
8417,54708,2028,1,5
8418,54709,2069,3,5
8419,54710,2039,1,0
8420,54711,2016,2,10
8421,54712,2068,2,20
8422,54712,2046,1,10
8423,54712,2067,1,0
8424,54713,2057,2,20
8425,54714,2011,1,20
8426,54715,2005,1,15
8427,54715,2011,1,10
8428,54715,2023,2,10
8429,54716,2023,1,15
8430,54717,2092,1,20
8431,54718,2079,1,10
8432,54719,2088,1,10
8433,54720,2048,1,0
8434,54721,2033,1,5
8435,54721,2041,2,0
8436,54721,2087,3,15
8437,54721,2036,1,25
8438,54722,2064,1,0
8439,54722,2015,2,10
8440,54722,2099,1,15
8441,54723,2065,1,0
8442,54723,2097,1,10
8443,54724,2030,1,15
8444,54724,2062,1,5
8445,54725,2028,1,10
8446,54726,2047,1,10
8447,54726,2033,1,15
8448,54726,2015,1,0
8449,54727,2045,1,0
8450,54728,2054,1,0
8451,54729,2016,1,10
8452,54730,2040,1,0
8453,54730,2010,1,10
8454,54731,2065,1,10
8455,54732,2032,1,20
8456,54733,2009,1,15
8457,54734,2052,1,5
8458,54735,2084,1,5
8459,54736,2100,1,0
8460,54736,2097,1,15
8461,54737,2018,1,10
8462,54738,2021,1,5
8463,54738,2090,1,15
8464,54739,2064,2,5
8465,54740,2055,1,10
8466,54741,2081,1,10
8467,54741,2007,1,5
8468,54742,2056,1,15
8469,54742,2058,2,15
8470,54743,2094,1,10
8471,54744,2047,1,15
8472,54744,2052,1,0
8473,54745,2081,3,5
8474,54745,2028,2,10
8475,54745,2007,1,5
8476,54746,2048,1,15
8477,54747,2062,1,10
8478,54747,2049,2,5
8479,54748,2071,1,5
8480,54749,2026,1,15
8481,54749,2002,2,0
8482,54749,2079,1,20
8483,54750,2086,2,0
8484,54751,2062,2,0
8485,54751,2032,2,15
8486,54751,2038,1,5
8487,54752,2048,1,10
8488,54752,2043,1,5
8489,54753,2023,2,0
8490,54753,2038,2,10
8491,54754,2030,2,15
8492,54755,2045,3,0
8493,54755,2038,1,15
8494,54756,2053,2,0
8495,54757,2081,1,15
8496,54758,2034,3,15
8497,54759,2006,2,20
8498,54759,2082,1,15
8499,54760,2019,1,20
8500,54760,2093,1,25
8501,54761,2053,2,20
8502,54761,2053,1,15
8503,54761,2041,1,0
8504,54762,2072,1,15
8505,54763,2066,1,10
8506,54763,2094,3,25
8507,54763,2002,1,15
8508,54764,2020,1,5
8509,54764,2028,2,0
8510,54764,2019,1,5
8511,54765,2095,1,10
8512,54765,2008,1,10
8513,54765,2013,2,0
8514,54766,2045,2,0
8515,54766,2027,1,5
8516,54767,2034,1,15
8517,54768,2061,1,5
8518,54768,2057,1,0
8519,54768,2087,1,10
8520,54769,2046,1,0
8521,54769,2094,1,10
8522,54770,2020,2,20
8523,54770,2020,1,0
8524,54771,2040,1,20
8525,54772,2012,3,10
8526,54773,2003,1,0
8527,54774,2038,2,0
8528,54774,2054,1,0
8529,54775,2028,2,0
8530,54776,2028,1,5
8531,54776,2010,3,20
8532,54776,2012,2,0
8533,54777,2089,1,20
8534,54778,2007,1,10
8535,54779,2071,2,10
8536,54780,2072,1,10
8537,54781,2021,1,15
8538,54782,2025,1,25
8539,54782,2037,1,0
8540,54783,2066,1,5
8541,54783,2004,1,0
8542,54783,2082,1,0
8543,54783,2035,1,0
8544,54784,2050,1,15
8545,54785,2091,3,0
8546,54786,2014,1,20
8547,54786,2095,1,15
8548,54787,2062,1,5
8549,54788,2043,2,5
8550,54788,2008,1,10
8551,54789,2007,1,0
8552,54789,2082,1,5
8553,54790,2041,1,0
8554,54790,2077,2,0
8555,54790,2084,1,10
8556,54791,2041,2,0
8557,54792,2032,1,5
8558,54792,2027,1,15
8559,54792,2064,1,10
8560,54792,2071,1,5
8561,54793,2035,3,0
8562,54793,2057,1,0
8563,54793,2054,1,10
8564,54793,2015,1,5
8565,54794,2053,2,15
8566,54795,2076,2,0
8567,54795,2097,1,20
8568,54796,2034,1,0
8569,54797,2024,1,5
8570,54798,2090,1,20
8571,54798,2092,1,20
8572,54798,2083,1,10
8573,54798,2034,1,0
8574,54799,2028,1,10
8575,54800,2063,1,15
8576,54801,2026,1,5
8577,54802,2077,1,0
8578,54802,2040,3,10
8579,54803,2033,1,15
8580,54803,2081,1,10
8581,54803,2036,2,0
8582,54804,2014,3,20
8583,54804,2080,2,20
8584,54805,2032,1,10
8585,54805,2066,1,0
8586,54806,2066,1,0
8587,54807,2009,2,10
8588,54807,2004,1,15
8589,54808,2083,1,10
8590,54809,2006,1,5
8591,54810,2034,1,20
8592,54810,2077,1,5
8593,54811,2018,1,20
8594,54811,2053,1,10
8595,54811,2012,2,10
8596,54811,2056,2,0
8597,54812,2072,1,5
8598,54812,2025,1,25
8599,54813,2029,2,15
8600,54813,2054,1,10
8601,54814,2080,1,10
8602,54815,2055,1,0
8603,54816,2071,1,15
8604,54816,2042,1,0
8605,54817,2013,1,5
8606,54817,2097,1,5
8607,54818,2080,1,10
8608,54818,2005,1,5
8609,54819,2028,1,25
8610,54819,2042,1,15
8611,54820,2009,2,25
8612,54821,2086,1,10
8613,54822,2018,1,5
8614,54823,2021,1,25
8615,54823,2032,1,0
8616,54824,2094,2,20
8617,54824,2023,1,0
8618,54824,2043,2,15
8619,54824,2069,1,15
8620,54825,2016,2,10
8621,54825,2009,1,15
8622,54826,2010,1,0
8623,54826,2019,1,5
8624,54827,2033,1,5
8625,54827,2095,1,25
8626,54828,2092,2,10
8627,54829,2057,2,0
8628,54830,2094,1,5
8629,54831,2003,2,20
8630,54831,2057,2,20
8631,54831,2045,3,20
8632,54832,2012,1,0
8633,54833,2056,1,15
8634,54833,2046,3,5
8635,54834,2077,1,15
8636,54835,2042,1,15
8637,54835,2043,1,5
8638,54836,2024,1,10
8639,54837,2048,1,5
8640,54837,2008,1,10
8641,54837,2057,1,5
8642,54837,2039,1,5
8643,54838,2028,1,5
8644,54839,2038,1,5
8645,54839,2090,1,10
8646,54839,2071,1,10
8647,54840,2086,1,20
8648,54840,2040,2,5
8649,54841,2040,1,10
8650,54842,2002,1,25
8651,54842,2069,1,10
8652,54843,2003,1,15
8653,54843,2098,1,25
8654,54844,2069,2,15
8655,54845,2047,1,0
8656,54845,2067,1,0
8657,54846,2100,1,5
8658,54846,2017,1,15
8659,54847,2075,1,10
8660,54847,2087,2,0
8661,54848,2059,1,10
8662,54848,2067,1,5
8663,54849,2051,1,15
8664,54849,2016,1,5
8665,54850,2099,1,0
8666,54851,2029,1,10
8667,54852,2039,1,0
8668,54853,2098,1,10
8669,54853,2006,1,10
8670,54854,2041,2,10
8671,54855,2056,2,15
8672,54856,2024,1,0
8673,54856,2068,1,0
8674,54857,2053,1,20
8675,54858,2027,1,15
8676,54859,2021,1,5
8677,54859,2029,1,15
8678,54859,2080,1,10
8679,54860,2053,1,10
8680,54860,2080,1,15
8681,54861,2072,1,0
8682,54861,2081,2,10
8683,54862,2086,1,5
8684,54863,2062,2,10
8685,54863,2037,2,5
8686,54864,2070,2,20
8687,54864,2095,1,10
8688,54864,2033,2,20
8689,54865,2049,1,5
8690,54866,2088,1,5
8691,54867,2060,1,15
8692,54868,2015,1,0
8693,54868,2036,3,25
8694,54868,2026,1,10
8695,54869,2048,1,20
8696,54870,2100,1,0
8697,54870,2084,1,5
8698,54871,2097,2,5
8699,54871,2075,2,25
8700,54872,2051,1,0
8701,54872,2066,1,15
8702,54872,2050,1,10
8703,54872,2005,1,20
8704,54873,2012,1,25
8705,54874,2056,2,15
8706,54874,2066,1,5
8707,54875,2026,1,20
8708,54875,2004,1,10
8709,54875,2007,1,10
8710,54875,2032,1,5
8711,54876,2087,1,15
8712,54877,2042,3,10
8713,54877,2098,1,15
8714,54878,2090,2,5
8715,54879,2086,1,10
8716,54880,2097,1,0
8717,54881,2025,1,0
8718,54882,2098,1,25
8719,54883,2093,1,15
8720,54883,2080,1,0
8721,54884,2020,1,10
8722,54885,2029,2,15
8723,54886,2066,2,10
8724,54886,2005,2,10
8725,54887,2083,2,20
8726,54887,2043,3,0
8727,54887,2003,1,10
8728,54888,2030,3,10
8729,54889,2040,1,10
8730,54890,2066,1,5
8731,54891,2061,1,0
8732,54891,2038,1,25
8733,54891,2062,1,20
8734,54892,2090,1,20
8735,54892,2036,2,15
8736,54892,2038,2,0
8737,54893,2011,1,10
8738,54894,2038,1,5
8739,54895,2029,1,5
8740,54895,2076,1,0
8741,54896,2012,1,0
8742,54896,2060,1,0
8743,54897,2078,1,0
8744,54898,2026,1,15
8745,54899,2007,1,20
8746,54900,2068,1,5
8747,54900,2059,1,0
8748,54901,2057,1,0
8749,54901,2088,1,15
8750,54901,2011,2,5
8751,54901,2020,1,10
8752,54902,2047,1,0
8753,54903,2057,1,15
8754,54903,2092,3,10
8755,54903,2062,1,0
8756,54904,2022,2,20
8757,54905,2086,2,10
8758,54905,2042,3,0
8759,54906,2087,2,10
8760,54906,2028,1,5
8761,54906,2080,1,20
8762,54907,2054,3,5
8763,54907,2056,1,20
8764,54908,2098,2,15
8765,54909,2016,2,10
8766,54910,2031,1,0
8767,54910,2019,1,0
8768,54910,2084,1,20
8769,54911,2086,1,10
8770,54911,2084,1,25
8771,54912,2024,1,10
8772,54913,2026,3,10
8773,54913,2041,2,25
8774,54914,2078,1,15
8775,54915,2076,2,5
8776,54916,2099,1,15
8777,54916,2079,1,5
8778,54916,2096,2,10
8779,54917,2027,3,0
8780,54918,2061,1,25
8781,54919,2054,1,20
8782,54920,2016,1,20
8783,54920,2095,2,5
8784,54920,2012,1,15
8785,54921,2086,1,5
8786,54922,2027,2,5
8787,54923,2023,1,15
8788,54924,2061,1,0
8789,54925,2047,1,0
8790,54926,2039,1,10
8791,54927,2091,1,15
8792,54928,2070,1,5
8793,54928,2061,1,10
8794,54929,2079,1,20
8795,54930,2081,1,0
8796,54931,2019,1,20
8797,54931,2045,2,10
8798,54932,2091,2,5
8799,54933,2082,1,0
8800,54934,2007,1,5
8801,54934,2025,1,15
8802,54934,2027,1,10
8803,54934,2052,1,0
8804,54935,2082,1,0
8805,54935,2049,2,20
8806,54936,2019,1,10
8807,54936,2056,3,0
8808,54937,2023,1,25
8809,54937,2068,1,5
8810,54938,2098,1,15
8811,54938,2064,2,0
8812,54938,2092,1,5
8813,54938,2055,1,5
8814,54939,2082,1,20
8815,54940,2095,1,15
8816,54941,2018,2,5
8817,54941,2067,2,15
8818,54941,2026,1,15
8819,54942,2009,1,10
8820,54943,2024,2,10
8821,54943,2015,1,10
8822,54944,2019,2,0
8823,54945,2001,1,15
8824,54946,2098,2,15
8825,54946,2045,2,20
8826,54947,2017,1,15
8827,54947,2035,1,15
8828,54948,2075,1,15
8829,54948,2064,1,20
8830,54949,2006,1,10
8831,54950,2015,1,15
8832,54951,2055,1,15
8833,54951,2097,1,5
8834,54952,2008,3,10
8835,54953,2087,1,15
8836,54953,2007,1,0
8837,54954,2050,1,10
8838,54954,2024,1,0
8839,54955,2043,2,0
8840,54956,2093,1,10
8841,54957,2022,1,5
8842,54957,2064,1,15
8843,54958,2034,3,10
8844,54959,2066,1,5
8845,54960,2006,2,0
8846,54960,2030,1,5
8847,54960,2096,3,10
8848,54960,2073,1,15
8849,54961,2094,2,10
8850,54962,2069,1,0
8851,54962,2019,1,10
8852,54963,2047,1,25
8853,54964,2088,1,20
8854,54965,2069,1,15
8855,54965,2053,1,5
8856,54966,2087,2,0
8857,54967,2012,1,10
8858,54967,2097,1,5
8859,54968,2013,1,10
8860,54969,2100,2,0
8861,54969,2081,1,20
8862,54970,2049,1,15
8863,54970,2048,1,25
8864,54971,2004,2,20
8865,54971,2032,1,10
8866,54972,2023,1,10
8867,54973,2071,2,20
8868,54974,2020,1,0
8869,54975,2081,2,0
8870,54975,2031,2,5
8871,54975,2086,2,10
8872,54976,2037,1,10
8873,54976,2076,1,5
8874,54977,2067,1,10
8875,54977,2099,1,10
8876,54978,2053,1,15
8877,54979,2036,1,0
8878,54980,2065,1,15
8879,54981,2003,1,20
8880,54982,2098,1,5
8881,54983,2068,1,10
8882,54984,2005,1,0
8883,54985,2018,1,15
8884,54985,2002,1,20
8885,54986,2067,2,0
8886,54987,2067,1,20
8887,54988,2017,2,0
8888,54988,2055,3,20
8889,54989,2049,1,10
8890,54989,2049,1,5
8891,54990,2062,2,20
8892,54991,2086,2,10
8893,54991,2092,1,0
8894,54992,2016,3,15
8895,54992,2095,2,0
8896,54993,2058,2,20
8897,54993,2019,1,0
8898,54994,2094,1,10
8899,54994,2037,1,10
8900,54994,2045,1,10
8901,54995,2097,1,10
8902,54996,2058,1,10
8903,54996,2015,2,15
8904,54997,2007,1,0
8905,54998,2083,1,15
8906,54999,2035,1,0
8907,55000,2010,2,20
