order_id,customer_id,order_date,payment_method,order_status
50001,1529,2025-10-27,Credit Card,Delivered
50002,1425,2025-07-17,UPI,Delivered
50003,1507,2025-03-30,UPI,Delivered
50004,1278,2025-11-02,Credit Card,Delivered
50005,1938,2024-03-15,Credit Card,Delivered
50006,1367,2025-07-11,UPI,Delivered
50007,1847,2024-10-13,Cash on Delivery,Cancelled
50008,1391,2024-11-12,Cash on Delivery,Delivered
50009,1444,2025-07-24,UPI,Delivered
50010,1604,2024-07-18,UPI,Processing
50011,1264,2025-10-07,UPI,Delivered
50012,1220,2024-12-30,Credit Card,Shipped
50013,1380,2024-09-11,Net Banking,Delivered
50014,1805,2024-08-27,Credit Card,Delivered
50015,1145,2024-11-03,UPI,Delivered
50016,1438,2025-11-19,Credit Card,Delivered
50017,1673,2024-03-15,UPI,Delivered
50018,1707,2025-01-05,Credit Card,Shipped
50019,1435,2025-09-01,Credit Card,Delivered
50020,1082,2024-12-10,Debit Card,Cancelled
50021,1016,2025-02-17,Credit Card,Delivered
50022,1470,2024-09-11,Net Banking,Delivered
50023,1811,2024-04-09,UPI,Processing
50024,1029,2025-04-11,Debit Card,Processing
50025,1888,2025-11-02,UPI,Delivered
50026,1676,2025-01-14,UPI,Delivered
50027,1009,2024-11-11,Net Banking,Delivered
50028,1344,2024-04-04,Debit Card,Delivered
50029,1221,2025-11-20,UPI,Shipped
50030,1950,2025-09-26,Credit Card,Delivered
50031,1555,2025-10-20,Debit Card,Delivered
50032,1325,2024-09-19,Cash on Delivery,Delivered
50033,1279,2025-04-01,Debit Card,Delivered
50034,1564,2024-11-11,UPI,Delivered
50035,1006,2024-06-20,Credit Card,Delivered
50036,1258,2024-05-30,UPI,Delivered
50037,1166,2024-10-07,UPI,Returned
50038,1621,2025-02-07,Credit Card,Processing
50039,1670,2024-03-30,Debit Card,Delivered
50040,1468,2025-05-27,UPI,Delivered
50041,1141,2024-11-30,Net Banking,Cancelled
50042,1371,2025-10-05,Debit Card,Processing
50043,1843,2024-07-22,Debit Card,Processing
50044,1204,2024-02-07,UPI,Delivered
50045,1164,2024-08-15,Credit Card,Delivered
50046,1112,2025-12-11,UPI,Delivered
50047,1817,2024-08-23,UPI,Delivered
50048,1120,2025-05-28,UPI,Delivered
50049,1582,2025-09-07,UPI,Delivered
50050,2000,2024-07-26,UPI,Delivered
50051,1642,2025-04-14,UPI,Delivered
50052,1413,2024-05-29,Cash on Delivery,Delivered
50053,1207,2024-09-21,Net Banking,Delivered
50054,1002,2024-08-04,UPI,Delivered
50055,1156,2025-05-05,Cash on Delivery,Delivered
50056,1953,2025-10-01,UPI,Cancelled
50057,1144,2024-07-03,Credit Card,Delivered
50058,1020,2024-07-31,Net Banking,Delivered
50059,1817,2025-08-22,Credit Card,Delivered
50060,1419,2024-12-03,UPI,Delivered
50061,1357,2025-01-09,UPI,Delivered
50062,1718,2025-05-30,Credit Card,Delivered
50063,1524,2024-04-10,Debit Card,Processing
50064,1915,2025-09-28,Credit Card,Delivered
50065,1468,2024-09-23,Credit Card,Returned
50066,1713,2025-04-25,UPI,Delivered
50067,1879,2024-11-11,Credit Card,Delivered
50068,1464,2025-07-03,UPI,Delivered
50069,1285,2025-03-22,Net Banking,Delivered
50070,1975,2024-05-06,Debit Card,Cancelled
50071,1227,2024-05-17,Credit Card,Delivered
50072,1040,2025-10-02,Debit Card,Delivered
50073,1579,2025-01-14,UPI,Delivered
50074,1987,2024-07-20,UPI,Returned
50075,1087,2024-04-14,Credit Card,Delivered
50076,1850,2024-04-03,Credit Card,Delivered
50077,1831,2025-11-02,Debit Card,Delivered
50078,1929,2025-12-13,Cash on Delivery,Delivered
50079,1422,2024-10-14,UPI,Delivered
50080,1255,2024-05-27,UPI,Delivered
50081,1513,2024-11-01,Debit Card,Shipped
50082,1143,2024-04-09,UPI,Delivered
50083,1843,2025-02-05,UPI,Delivered
50084,1664,2025-04-01,Cash on Delivery,Delivered
50085,1484,2025-12-20,Net Banking,Delivered
50086,1516,2024-08-20,Cash on Delivery,Delivered
50087,1713,2024-05-24,UPI,Processing
50088,1524,2024-04-07,UPI,Delivered
50089,1840,2024-10-02,Credit Card,Delivered
50090,1925,2025-03-14,Cash on Delivery,Processing
50091,1950,2024-02-18,UPI,Delivered
50092,1621,2025-07-08,UPI,Delivered
50093,1743,2024-12-01,UPI,Delivered
50094,1312,2025-08-02,Debit Card,Delivered
50095,1039,2024-12-04,Net Banking,Delivered
50096,1401,2024-04-23,Debit Card,Shipped
50097,1872,2024-01-16,UPI,Shipped
50098,1134,2025-02-10,Debit Card,Delivered
50099,1546,2025-01-28,Credit Card,Cancelled
50100,1193,2025-08-16,UPI,Delivered
50101,1430,2025-10-02,UPI,Processing
50102,1144,2024-04-27,Credit Card,Shipped
50103,1735,2024-08-17,UPI,Processing
50104,1811,2024-05-31,Cash on Delivery,Shipped
50105,1759,2024-03-18,Credit Card,Returned
50106,1705,2024-01-02,UPI,Delivered
50107,1236,2024-03-01,Debit Card,Delivered
50108,1531,2025-01-17,Debit Card,Delivered
50109,1105,2024-04-20,UPI,Delivered
50110,1375,2024-05-22,Debit Card,Delivered
50111,1506,2024-03-27,UPI,Cancelled
50112,1669,2025-06-12,UPI,Delivered
50113,1097,2025-04-09,Debit Card,Processing
50114,1813,2025-12-03,Credit Card,Delivered
50115,1459,2024-03-22,UPI,Shipped
50116,1882,2024-06-01,UPI,Cancelled
50117,1528,2024-11-28,Credit Card,Delivered
50118,1548,2025-04-18,UPI,Delivered
50119,1693,2024-04-04,Cash on Delivery,Delivered
50120,1820,2024-06-03,Credit Card,Shipped
50121,1158,2024-11-03,Net Banking,Shipped
50122,1512,2024-01-14,Credit Card,Delivered
50123,1030,2024-10-15,Net Banking,Delivered
50124,1475,2025-07-07,UPI,Delivered
50125,1814,2025-01-19,UPI,Delivered
50126,1866,2024-11-12,UPI,Shipped
50127,1284,2024-12-22,UPI,Delivered
50128,1387,2025-11-22,Cash on Delivery,Cancelled
50129,1552,2025-01-14,Debit Card,Returned
50130,1396,2025-01-25,Debit Card,Processing
50131,1179,2025-11-10,Credit Card,Delivered
50132,1305,2024-04-24,Credit Card,Delivered
50133,1405,2024-03-11,Debit Card,Shipped
50134,1519,2024-11-24,Net Banking,Delivered
50135,1921,2024-08-20,Credit Card,Returned
50136,1545,2024-05-28,Debit Card,Delivered
50137,1388,2024-03-28,UPI,Delivered
50138,1661,2025-10-02,Cash on Delivery,Returned
50139,1774,2025-03-24,UPI,Shipped
50140,1431,2025-05-19,Credit Card,Delivered
50141,1490,2024-03-27,Cash on Delivery,Delivered
50142,1218,2024-09-06,UPI,Delivered
50143,1865,2025-03-29,UPI,Delivered
50144,1867,2025-01-20,UPI,Delivered
50145,1175,2025-05-22,Credit Card,Delivered
50146,1347,2025-05-03,Cash on Delivery,Delivered
50147,1272,2024-10-28,Net Banking,Delivered
50148,1923,2025-07-25,Credit Card,Delivered
50149,1066,2024-07-08,Cash on Delivery,Delivered
50150,1208,2024-02-28,Debit Card,Delivered
50151,1315,2025-10-28,Net Banking,Delivered
50152,1561,2024-01-17,UPI,Delivered
50153,1249,2024-07-26,Credit Card,Delivered
50154,1537,2024-03-24,UPI,Delivered
50155,1748,2024-06-18,UPI,Delivered
50156,1829,2024-10-15,Debit Card,Shipped
50157,1100,2024-04-04,UPI,Processing
50158,1139,2024-12-06,Credit Card,Returned
50159,1096,2025-11-07,Debit Card,Cancelled
50160,1910,2024-04-09,UPI,Delivered
50161,1653,2025-11-07,Credit Card,Processing
50162,1532,2024-10-27,Debit Card,Delivered
50163,1791,2025-03-08,Cash on Delivery,Shipped
50164,1587,2024-11-18,UPI,Cancelled
50165,1236,2024-08-19,Cash on Delivery,Shipped
50166,1511,2024-03-20,Net Banking,Delivered
50167,1704,2025-03-09,Debit Card,Delivered
50168,1037,2025-10-31,Credit Card,Delivered
50169,1607,2025-01-15,Debit Card,Delivered
50170,1498,2025-03-13,Net Banking,Shipped
50171,1070,2025-04-14,UPI,Delivered
50172,1264,2024-10-10,Cash on Delivery,Delivered
50173,1449,2024-03-29,Cash on Delivery,Delivered
50174,1343,2025-01-05,Credit Card,Delivered
50175,1291,2025-09-26,Debit Card,Delivered
50176,1650,2024-08-17,Credit Card,Delivered
50177,1405,2025-09-28,Debit Card,Delivered
50178,1498,2025-09-15,Net Banking,Delivered
50179,1799,2024-06-27,UPI,Delivered
50180,1094,2025-02-23,UPI,Delivered
50181,1360,2025-06-29,UPI,Delivered
50182,1074,2024-12-27,Cash on Delivery,Delivered
50183,1928,2025-05-25,Credit Card,Delivered
50184,1186,2025-10-26,Cash on Delivery,Delivered
50185,1820,2025-04-02,Credit Card,Delivered
50186,1191,2025-09-03,UPI,Delivered
50187,1325,2025-08-07,Cash on Delivery,Cancelled
50188,1609,2025-08-16,Credit Card,Delivered
50189,1832,2025-09-14,UPI,Shipped
50190,1178,2024-06-13,UPI,Delivered
50191,1214,2024-01-14,UPI,Delivered
50192,1882,2024-04-21,UPI,Shipped
50193,1322,2024-07-01,UPI,Delivered
50194,1210,2025-05-18,Debit Card,Processing
50195,1744,2025-01-07,UPI,Shipped
50196,1092,2024-12-08,UPI,Delivered
50197,1867,2024-01-07,UPI,Returned
50198,1876,2025-05-14,Credit Card,Cancelled
50199,1857,2024-09-22,Cash on Delivery,Delivered
50200,1296,2025-07-09,Credit Card,Delivered
50201,1115,2024-03-23,UPI,Delivered
50202,1426,2024-08-03,Credit Card,Shipped
50203,1335,2024-02-09,Cash on Delivery,Cancelled
50204,1960,2024-07-26,Net Banking,Shipped
50205,1632,2025-11-05,Net Banking,Delivered
50206,1945,2024-12-24,Cash on Delivery,Delivered
50207,1751,2024-11-16,Debit Card,Delivered
50208,1715,2024-07-18,Cash on Delivery,Delivered
50209,1112,2024-07-12,UPI,Delivered
50210,1069,2025-05-02,Net Banking,Delivered
50211,1047,2025-12-20,Net Banking,Delivered
50212,1594,2025-06-29,Cash on Delivery,Delivered
50213,1202,2025-06-22,Credit Card,Delivered
50214,1990,2024-12-10,Net Banking,Delivered
50215,1133,2024-03-13,UPI,Delivered
50216,1947,2025-06-12,Debit Card,Delivered
50217,1668,2025-08-13,UPI,Returned
50218,1107,2025-01-07,Credit Card,Delivered
50219,1059,2024-03-07,Debit Card,Delivered
50220,1396,2025-06-04,UPI,Delivered
50221,1339,2025-11-03,UPI,Delivered
50222,1316,2024-06-13,UPI,Delivered
50223,1529,2024-04-26,Debit Card,Delivered
50224,1130,2025-06-23,Debit Card,Delivered
50225,1130,2024-08-30,Debit Card,Delivered
50226,1695,2025-06-06,UPI,Delivered
50227,1991,2025-05-28,Net Banking,Delivered
50228,1274,2024-07-13,Debit Card,Delivered
50229,1932,2024-01-31,UPI,Delivered
50230,1345,2025-02-09,UPI,Delivered
50231,1336,2024-10-24,Credit Card,Delivered
50232,1091,2025-09-16,UPI,Delivered
50233,1424,2024-09-18,UPI,Delivered
50234,1498,2024-07-01,UPI,Delivered
50235,1664,2025-09-19,UPI,Delivered
50236,1159,2025-06-21,UPI,Delivered
50237,1189,2025-03-27,UPI,Delivered
50238,1433,2025-11-27,Net Banking,Delivered
50239,1070,2025-07-25,Credit Card,Delivered
50240,1144,2025-09-24,Credit Card,Delivered
50241,1630,2025-08-06,Debit Card,Delivered
50242,1954,2024-10-20,Credit Card,Delivered
50243,1573,2024-02-15,UPI,Cancelled
50244,1145,2025-03-19,UPI,Delivered
50245,1991,2025-07-12,UPI,Delivered
50246,1522,2025-12-24,Credit Card,Delivered
50247,1717,2025-05-12,Credit Card,Shipped
50248,1197,2025-02-18,Credit Card,Delivered
50249,1579,2025-02-24,Credit Card,Cancelled
50250,1077,2024-03-24,Cash on Delivery,Delivered
50251,1626,2024-01-06,UPI,Delivered
50252,1203,2024-02-03,Credit Card,Delivered
50253,1910,2025-10-22,Credit Card,Processing
50254,1055,2025-07-30,Debit Card,Returned
50255,1653,2024-07-08,Debit Card,Processing
50256,1140,2024-11-05,Debit Card,Delivered
50257,1688,2024-12-19,UPI,Delivered
50258,1494,2024-06-29,Credit Card,Delivered
50259,1968,2024-11-04,Net Banking,Delivered
50260,1652,2024-09-10,Credit Card,Delivered
50261,1372,2025-05-22,Cash on Delivery,Returned
50262,1088,2025-07-06,UPI,Delivered
50263,1596,2024-03-12,Credit Card,Delivered
50264,1442,2024-12-05,Credit Card,Delivered
50265,1053,2025-12-24,Credit Card,Delivered
50266,1582,2025-09-26,Net Banking,Delivered
50267,1210,2025-08-02,UPI,Processing
50268,1235,2025-06-20,Credit Card,Delivered
50269,1009,2024-01-04,Debit Card,Delivered
50270,1373,2025-12-12,Net Banking,Delivered
50271,1219,2025-06-20,Debit Card,Delivered
50272,1072,2025-10-10,Cash on Delivery,Delivered
50273,1435,2025-10-25,Net Banking,Delivered
50274,1221,2024-07-04,UPI,Delivered
50275,1135,2024-01-11,Net Banking,Delivered
50276,1467,2025-04-26,Cash on Delivery,Cancelled
50277,1064,2024-12-01,UPI,Delivered
50278,1991,2024-01-15,Debit Card,Delivered
50279,1471,2024-07-16,UPI,Processing
50280,1997,2025-12-24,Debit Card,Delivered
50281,1882,2024-09-22,UPI,Processing
50282,1980,2024-07-09,Debit Card,Cancelled
50283,1543,2025-04-22,Credit Card,Shipped
50284,1424,2025-04-30,Credit Card,Delivered
50285,1720,2024-08-30,UPI,Delivered
50286,1081,2025-09-11,Debit Card,Delivered
50287,1841,2025-02-27,Credit Card,Delivered
50288,1324,2024-04-27,Debit Card,Returned
50289,1008,2024-08-25,UPI,Delivered
50290,1238,2025-09-10,UPI,Shipped
50291,1243,2024-03-06,Credit Card,Delivered
50292,1015,2024-01-09,Cash on Delivery,Delivered
50293,1669,2025-04-24,UPI,Delivered
50294,1096,2024-11-18,Debit Card,Shipped
50295,1847,2024-07-03,UPI,Delivered
50296,1454,2024-12-10,Debit Card,Shipped
50297,1719,2024-05-14,UPI,Delivered
50298,1340,2024-09-30,Credit Card,Cancelled
50299,1132,2024-06-19,UPI,Delivered
50300,1181,2025-03-04,UPI,Shipped
50301,1646,2025-05-06,UPI,Delivered
50302,1717,2025-10-29,UPI,Delivered
50303,1268,2024-02-19,Credit Card,Processing
50304,1358,2024-08-26,Cash on Delivery,Delivered
50305,1946,2024-07-12,Credit Card,Delivered
50306,1852,2025-02-26,Cash on Delivery,Shipped
50307,1414,2025-01-24,Credit Card,Delivered
50308,1241,2025-10-02,UPI,Processing
50309,1302,2025-11-01,UPI,Delivered
50310,1539,2025-07-18,Credit Card,Cancelled
50311,1567,2024-05-25,UPI,Delivered
50312,1185,2024-01-30,Net Banking,Delivered
50313,1066,2025-10-18,Debit Card,Shipped
50314,1496,2025-11-19,Credit Card,Delivered
50315,1798,2024-07-01,Credit Card,Delivered
50316,1153,2024-02-04,Credit Card,Delivered
50317,1409,2025-05-11,Debit Card,Delivered
50318,1162,2025-03-05,UPI,Delivered
50319,1243,2025-10-10,UPI,Delivered
50320,1613,2025-02-24,UPI,Delivered
50321,1287,2025-07-09,UPI,Shipped
50322,1264,2025-07-28,Debit Card,Delivered
50323,1996,2024-01-08,UPI,Delivered
50324,1173,2024-04-18,UPI,Delivered
50325,1190,2025-07-23,Cash on Delivery,Delivered
50326,1930,2024-05-10,Cash on Delivery,Delivered
50327,1551,2024-05-30,Credit Card,Delivered
50328,1044,2025-07-03,Credit Card,Shipped
50329,1425,2024-05-29,Debit Card,Delivered
50330,1566,2024-04-19,UPI,Delivered
50331,1254,2024-01-10,Credit Card,Delivered
50332,1549,2024-12-08,UPI,Shipped
50333,1649,2025-04-09,Credit Card,Delivered
50334,1251,2025-06-18,Cash on Delivery,Delivered
50335,1813,2025-10-23,Debit Card,Cancelled
50336,1453,2025-04-20,Cash on Delivery,Delivered
50337,1964,2025-07-06,Debit Card,Delivered
50338,1088,2024-06-02,Debit Card,Delivered
50339,1325,2024-09-05,Debit Card,Delivered
50340,1722,2024-08-09,Debit Card,Shipped
50341,1895,2024-02-17,Credit Card,Delivered
50342,1222,2025-12-08,UPI,Shipped
50343,1981,2024-06-25,Credit Card,Delivered
50344,1194,2024-11-23,UPI,Processing
50345,1417,2024-09-17,Credit Card,Processing
50346,1315,2024-02-02,UPI,Delivered
50347,1425,2025-10-21,Credit Card,Delivered
50348,1903,2024-06-09,UPI,Delivered
50349,1733,2024-03-14,UPI,Cancelled
50350,1797,2024-09-06,Credit Card,Delivered
50351,1254,2024-04-14,UPI,Delivered
50352,1947,2025-12-30,Cash on Delivery,Cancelled
50353,1436,2024-05-17,Credit Card,Processing
50354,1652,2024-08-08,UPI,Delivered
50355,1698,2024-07-16,UPI,Processing
50356,1663,2024-01-20,Net Banking,Delivered
50357,1602,2024-01-10,Debit Card,Delivered
50358,1481,2025-01-09,Credit Card,Returned
50359,1648,2024-06-18,UPI,Delivered
50360,1906,2024-03-02,Debit Card,Delivered
50361,1390,2024-07-31,Cash on Delivery,Shipped
50362,1511,2024-07-19,Credit Card,Delivered
50363,1181,2024-11-05,UPI,Delivered
50364,1356,2025-12-25,UPI,Delivered
50365,1773,2024-08-12,UPI,Delivered
50366,1641,2025-05-29,Debit Card,Delivered
50367,1212,2025-07-14,Cash on Delivery,Processing
50368,1547,2024-02-06,Cash on Delivery,Delivered
50369,1812,2024-12-31,Net Banking,Delivered
50370,1125,2024-11-23,UPI,Delivered
50371,1062,2025-01-05,Cash on Delivery,Delivered
50372,1393,2024-05-05,UPI,Delivered
50373,1657,2024-12-05,UPI,Processing
50374,1314,2024-03-30,Debit Card,Cancelled
50375,1822,2025-11-21,UPI,Delivered
50376,1847,2025-03-04,Net Banking,Returned
50377,1533,2024-01-26,Cash on Delivery,Delivered
50378,1379,2025-01-04,Debit Card,Delivered
50379,1042,2025-11-07,Net Banking,Delivered
50380,1822,2025-06-26,Credit Card,Delivered
50381,1896,2024-07-18,UPI,Cancelled
50382,1443,2025-10-13,Net Banking,Delivered
50383,1517,2024-05-15,Credit Card,Shipped
50384,1754,2024-06-29,Cash on Delivery,Delivered
50385,1696,2024-04-23,UPI,Delivered
50386,1136,2025-11-04,UPI,Delivered
50387,1673,2025-06-07,UPI,Cancelled
50388,1925,2025-01-13,Debit Card,Delivered
50389,1751,2025-05-02,Net Banking,Delivered
50390,1481,2024-07-07,Cash on Delivery,Delivered
50391,1524,2024-02-21,UPI,Delivered
50392,1260,2025-09-09,Credit Card,Delivered
50393,1661,2025-12-04,UPI,Shipped
50394,1242,2024-01-26,UPI,Delivered
50395,1342,2024-02-07,UPI,Delivered
50396,1266,2025-02-12,Credit Card,Delivered
50397,1336,2024-02-01,Credit Card,Delivered
50398,1367,2025-06-10,UPI,Delivered
50399,1083,2025-11-21,Debit Card,Delivered
50400,1718,2024-07-23,Net Banking,Delivered
50401,1441,2024-08-02,UPI,Delivered
50402,1950,2025-09-22,UPI,Delivered
50403,1181,2024-09-17,Debit Card,Delivered
50404,1670,2024-06-24,Debit Card,Delivered
50405,1180,2024-03-02,Net Banking,Processing
50406,1548,2025-09-05,UPI,Cancelled
50407,1491,2025-11-06,Credit Card,Delivered
50408,1449,2024-02-27,Cash on Delivery,Delivered
50409,1655,2025-08-09,Credit Card,Delivered
50410,1829,2024-04-26,Credit Card,Shipped
50411,1317,2024-04-11,Cash on Delivery,Delivered
50412,1850,2024-10-05,UPI,Delivered
50413,1185,2024-11-14,Debit Card,Delivered
50414,1294,2025-09-15,Net Banking,Delivered
50415,1311,2025-05-25,UPI,Delivered
50416,1954,2024-04-15,Debit Card,Delivered
50417,1119,2025-03-02,Credit Card,Shipped
50418,1396,2025-10-01,Net Banking,Shipped
50419,1425,2025-04-28,Cash on Delivery,Delivered
50420,1801,2024-06-16,Net Banking,Delivered
50421,1486,2024-04-04,UPI,Cancelled
50422,1967,2024-11-26,Debit Card,Shipped
50423,1741,2024-12-10,Cash on Delivery,Processing
50424,1704,2024-09-14,Debit Card,Returned
50425,1753,2024-03-20,Debit Card,Delivered
50426,1162,2024-03-27,UPI,Delivered
50427,1450,2025-01-21,Net Banking,Delivered
50428,1587,2025-11-20,UPI,Delivered
50429,1209,2025-03-12,UPI,Delivered
50430,1119,2024-11-15,Cash on Delivery,Delivered
50431,1136,2025-11-10,Cash on Delivery,Delivered
50432,1790,2025-05-18,Cash on Delivery,Delivered
50433,1657,2025-06-08,Credit Card,Delivered
50434,1282,2025-02-23,UPI,Delivered
50435,1738,2025-07-10,Credit Card,Delivered
50436,1696,2025-01-01,UPI,Delivered
50437,1817,2025-03-30,Net Banking,Delivered
50438,1911,2025-03-26,Credit Card,Delivered
50439,1883,2025-07-03,Credit Card,Delivered
50440,1182,2025-10-17,UPI,Delivered
50441,1770,2024-08-02,Credit Card,Processing
50442,1393,2025-05-25,Net Banking,Delivered
50443,1404,2024-01-24,Debit Card,Delivered
50444,1648,2025-01-23,UPI,Processing
50445,1603,2025-10-18,UPI,Delivered
50446,1420,2025-04-15,Credit Card,Processing
50447,2000,2024-07-14,UPI,Delivered
50448,1175,2025-03-18,Cash on Delivery,Delivered
50449,1097,2024-09-18,Debit Card,Delivered
50450,1030,2024-11-12,UPI,Delivered
50451,1815,2024-06-15,Net Banking,Cancelled
50452,1407,2025-04-01,UPI,Delivered
50453,1438,2024-05-24,UPI,Delivered
50454,1650,2024-11-19,Credit Card,Delivered
50455,1436,2025-11-16,UPI,Cancelled
50456,1574,2025-07-07,Credit Card,Delivered
50457,1059,2024-10-29,Net Banking,Delivered
50458,1157,2025-12-08,Cash on Delivery,Returned
50459,1933,2024-01-11,UPI,Delivered
50460,1451,2025-12-01,Debit Card,Delivered
50461,1168,2024-09-14,UPI,Delivered
50462,1370,2025-08-22,Credit Card,Delivered
50463,1335,2025-11-22,UPI,Shipped
50464,1275,2025-03-15,Credit Card,Delivered
50465,1294,2025-03-21,UPI,Cancelled
50466,1730,2025-07-01,Cash on Delivery,Delivered
50467,1107,2024-06-24,Cash on Delivery,Delivered
50468,1310,2024-05-09,UPI,Delivered
50469,1468,2024-09-07,Debit Card,Delivered
50470,1541,2024-12-15,UPI,Delivered
50471,1881,2025-06-26,Debit Card,Delivered
50472,1924,2024-07-06,UPI,Delivered
50473,1298,2025-02-16,UPI,Processing
50474,1540,2024-01-03,Debit Card,Delivered
50475,1023,2024-01-23,Credit Card,Delivered
50476,1618,2025-12-06,Credit Card,Delivered
50477,1153,2025-09-12,Credit Card,Delivered
50478,1074,2025-09-22,UPI,Delivered
50479,1672,2024-08-27,UPI,Returned
50480,1179,2025-01-09,Debit Card,Delivered
50481,1478,2025-05-07,Debit Card,Delivered
50482,1101,2024-07-04,UPI,Delivered
50483,1746,2025-06-27,UPI,Delivered
50484,1765,2025-05-20,Debit Card,Delivered
50485,1575,2024-10-24,Debit Card,Delivered
50486,1836,2024-11-13,Net Banking,Delivered
50487,1437,2024-08-12,Credit Card,Delivered
50488,1187,2025-08-09,Credit Card,Shipped
50489,1152,2025-12-21,Credit Card,Delivered
50490,1220,2025-12-30,UPI,Delivered
50491,1201,2025-07-17,UPI,Delivered
50492,1324,2024-09-11,UPI,Delivered
50493,1215,2025-07-24,Net Banking,Delivered
50494,1592,2024-06-27,UPI,Delivered
50495,1149,2025-10-16,Debit Card,Delivered
50496,1622,2024-07-14,Credit Card,Delivered
50497,1335,2024-10-21,Credit Card,Delivered
50498,1687,2024-03-09,Net Banking,Processing
50499,1513,2024-02-29,Debit Card,Returned
50500,1906,2024-10-14,UPI,Processing
50501,1440,2025-02-05,Debit Card,Delivered
50502,1296,2024-01-13,Credit Card,Delivered
50503,1590,2025-09-09,UPI,Delivered
50504,1659,2024-03-24,Debit Card,Delivered
50505,1440,2025-12-29,Debit Card,Cancelled
50506,1560,2024-07-17,UPI,Delivered
50507,1471,2024-10-03,Cash on Delivery,Delivered
50508,1306,2024-04-26,Debit Card,Returned
50509,1314,2025-08-24,Debit Card,Delivered
50510,1908,2025-06-18,UPI,Delivered
50511,1676,2024-02-27,UPI,Delivered
50512,1096,2024-03-18,Credit Card,Delivered
50513,1963,2025-03-20,Debit Card,Returned
50514,1713,2025-09-24,Credit Card,Delivered
50515,1051,2024-03-21,Debit Card,Delivered
50516,1728,2024-06-10,UPI,Delivered
50517,1590,2025-02-02,Debit Card,Processing
50518,1916,2024-03-20,Net Banking,Cancelled
50519,1490,2024-08-10,Debit Card,Cancelled
50520,1519,2024-01-08,Debit Card,Processing
50521,1315,2024-12-30,Cash on Delivery,Delivered
50522,1322,2025-06-06,UPI,Delivered
50523,1618,2024-10-27,Debit Card,Cancelled
50524,1828,2024-07-06,Cash on Delivery,Delivered
50525,1891,2024-11-05,Credit Card,Delivered
50526,1771,2025-01-06,UPI,Delivered
50527,1610,2024-04-30,Cash on Delivery,Delivered
50528,1501,2024-03-22,UPI,Delivered
50529,1340,2024-05-12,UPI,Processing
50530,1768,2025-12-20,UPI,Delivered
50531,1319,2025-06-11,Credit Card,Delivered
50532,1268,2024-04-01,Credit Card,Delivered
50533,1868,2024-08-07,Credit Card,Delivered
50534,1590,2024-10-27,Cash on Delivery,Delivered
50535,1355,2024-05-12,Credit Card,Delivered
50536,1866,2025-09-13,Credit Card,Delivered
50537,1963,2025-11-17,Cash on Delivery,Delivered
50538,1318,2024-06-27,Net Banking,Delivered
50539,1522,2024-01-13,UPI,Delivered
50540,1484,2024-07-13,UPI,Delivered
50541,1702,2025-03-01,Debit Card,Delivered
50542,1952,2025-08-13,Net Banking,Delivered
50543,1549,2024-09-04,Credit Card,Delivered
50544,1799,2024-07-18,UPI,Processing
50545,1596,2024-06-30,Debit Card,Delivered
50546,1888,2024-01-03,Debit Card,Delivered
50547,1405,2024-01-11,Credit Card,Delivered
50548,1386,2024-11-08,Net Banking,Delivered
50549,1423,2025-03-26,Net Banking,Delivered
50550,1997,2024-01-10,Debit Card,Delivered
50551,1612,2024-05-26,Debit Card,Delivered
50552,1153,2025-10-26,Debit Card,Delivered
50553,1041,2025-12-23,Credit Card,Processing
50554,1519,2025-04-13,Credit Card,Delivered
50555,1806,2025-01-15,Debit Card,Cancelled
50556,1480,2025-03-01,Debit Card,Processing
50557,1561,2024-09-27,Credit Card,Delivered
50558,1799,2024-05-27,UPI,Delivered
50559,1517,2024-10-01,Debit Card,Delivered
50560,1909,2025-05-25,Debit Card,Delivered
50561,1638,2025-04-28,UPI,Delivered
50562,1732,2025-05-09,UPI,Delivered
50563,1782,2025-03-20,UPI,Delivered
50564,1627,2024-02-14,Cash on Delivery,Delivered
50565,1051,2025-04-02,Net Banking,Delivered
50566,1428,2025-10-05,Credit Card,Delivered
50567,1142,2025-04-18,Credit Card,Processing
50568,1511,2025-02-26,Debit Card,Delivered
50569,1144,2024-06-12,Credit Card,Delivered
50570,1510,2025-08-01,Cash on Delivery,Delivered
50571,1344,2024-11-25,UPI,Cancelled
50572,1021,2024-07-10,UPI,Delivered
50573,1125,2024-12-23,Credit Card,Delivered
50574,1504,2024-03-30,UPI,Cancelled
50575,1079,2025-11-07,Debit Card,Delivered
50576,1856,2025-05-27,Net Banking,Delivered
50577,1759,2024-08-26,UPI,Delivered
50578,1710,2025-08-02,Credit Card,Delivered
50579,1173,2024-02-09,Debit Card,Delivered
50580,1796,2024-10-08,Net Banking,Delivered
50581,1635,2025-04-20,Credit Card,Delivered
50582,1391,2024-01-18,UPI,Delivered
50583,1001,2025-06-01,Credit Card,Shipped
50584,1529,2025-08-20,Credit Card,Processing
50585,1796,2025-03-09,Debit Card,Delivered
50586,1034,2024-05-30,Credit Card,Delivered
50587,1053,2025-06-30,UPI,Delivered
50588,1383,2024-09-04,Debit Card,Delivered
50589,1512,2025-06-21,Credit Card,Delivered
50590,1475,2025-04-03,UPI,Delivered
50591,1427,2024-03-09,Credit Card,Delivered
50592,1256,2024-03-13,Cash on Delivery,Delivered
50593,1060,2024-01-12,Debit Card,Delivered
50594,1032,2024-02-22,UPI,Delivered
50595,1099,2024-08-06,Debit Card,Delivered
50596,1691,2024-01-19,UPI,Delivered
50597,1786,2025-11-16,Credit Card,Delivered
50598,1436,2025-10-31,Credit Card,Delivered
50599,1078,2024-05-06,UPI,Delivered
50600,1416,2024-08-15,UPI,Delivered
50601,1986,2025-06-25,Cash on Delivery,Shipped
50602,1250,2025-04-27,UPI,Cancelled
50603,1492,2025-02-28,Net Banking,Delivered
50604,1538,2025-12-23,Debit Card,Delivered
50605,1330,2025-04-04,Credit Card,Delivered
50606,1439,2025-05-03,UPI,Delivered
50607,1472,2025-01-01,UPI,Delivered
50608,1474,2025-01-18,UPI,Delivered
50609,1718,2024-07-31,Credit Card,Delivered
50610,1581,2025-01-15,Cash on Delivery,Delivered
50611,1054,2025-11-01,Net Banking,Delivered
50612,1007,2024-10-02,UPI,Delivered
50613,1411,2024-04-07,UPI,Delivered
50614,1908,2025-03-13,UPI,Delivered
50615,1037,2025-07-27,Cash on Delivery,Delivered
50616,1072,2025-11-30,UPI,Delivered
50617,1680,2025-01-30,UPI,Delivered
50618,1451,2025-07-29,Debit Card,Delivered
50619,1231,2024-07-01,Credit Card,Delivered
50620,1208,2024-11-05,UPI,Cancelled
50621,1666,2024-11-01,Debit Card,Delivered
50622,1524,2024-08-30,UPI,Delivered
50623,1639,2025-06-06,UPI,Delivered
50624,1281,2025-10-06,UPI,Delivered
50625,1527,2024-08-26,UPI,Delivered
50626,1861,2024-04-09,Cash on Delivery,Shipped
50627,1317,2025-08-25,Credit Card,Delivered
50628,1397,2025-09-12,Debit Card,Shipped
50629,1164,2025-11-13,UPI,Delivered
50630,1639,2024-07-05,Debit Card,Delivered
50631,1033,2025-06-08,Cash on Delivery,Shipped
50632,1249,2025-06-06,UPI,Delivered
50633,1714,2025-07-30,Cash on Delivery,Processing
50634,1020,2025-08-11,Debit Card,Delivered
50635,1990,2025-11-26,Debit Card,Delivered
50636,1405,2024-12-14,UPI,Delivered
50637,1399,2024-02-25,Debit Card,Delivered
50638,1537,2024-05-20,Credit Card,Shipped
50639,1640,2025-10-09,Cash on Delivery,Delivered
50640,1460,2025-09-08,Cash on Delivery,Delivered
50641,1885,2024-01-09,Credit Card,Delivered
50642,1963,2024-09-25,Cash on Delivery,Delivered
50643,1201,2024-06-27,Cash on Delivery,Processing
50644,1707,2024-08-22,Credit Card,Processing
50645,1301,2025-04-11,UPI,Delivered
50646,1996,2025-01-07,UPI,Delivered
50647,1254,2024-12-17,UPI,Returned
50648,1296,2024-11-13,UPI,Delivered
50649,1715,2025-04-13,Cash on Delivery,Delivered
50650,1790,2025-05-13,UPI,Cancelled
50651,1129,2024-02-01,Debit Card,Delivered
50652,1556,2024-04-10,Debit Card,Cancelled
50653,1346,2024-09-06,Debit Card,Delivered
50654,1612,2024-11-14,UPI,Processing
50655,1557,2025-12-28,Credit Card,Delivered
50656,1986,2025-10-12,Debit Card,Delivered
50657,1934,2025-04-18,Credit Card,Delivered
50658,1654,2024-01-27,UPI,Delivered
50659,1680,2024-03-14,Debit Card,Delivered
50660,1899,2024-11-29,UPI,Cancelled
50661,1184,2025-03-04,Credit Card,Cancelled
50662,1726,2025-04-27,Credit Card,Returned
50663,1773,2024-04-13,UPI,Delivered
50664,1128,2025-10-10,Net Banking,Delivered
50665,1882,2024-12-26,UPI,Delivered
50666,1700,2025-03-09,Cash on Delivery,Delivered
50667,1348,2024-01-29,Cash on Delivery,Delivered
50668,1485,2025-08-24,UPI,Delivered
50669,1490,2025-01-31,UPI,Delivered
50670,1919,2024-06-11,UPI,Delivered
50671,1970,2024-08-20,Cash on Delivery,Delivered
50672,1807,2024-09-14,Debit Card,Delivered
50673,1653,2024-01-20,UPI,Delivered
50674,1105,2025-11-18,Credit Card,Shipped
50675,1915,2025-08-09,UPI,Returned
50676,1134,2025-10-08,Credit Card,Delivered
50677,1167,2024-09-15,Credit Card,Cancelled
50678,1070,2025-02-11,UPI,Processing
50679,1948,2024-11-30,Net Banking,Delivered
50680,1494,2024-12-13,UPI,Delivered
50681,1236,2025-03-05,Credit Card,Delivered
50682,1081,2024-11-25,Debit Card,Delivered
50683,1412,2025-07-18,Cash on Delivery,Delivered
50684,1724,2024-02-12,Credit Card,Delivered
50685,1995,2024-05-20,Cash on Delivery,Cancelled
50686,1553,2025-10-13,UPI,Delivered
50687,1608,2025-10-06,Net Banking,Delivered
50688,1836,2025-08-20,UPI,Returned
50689,1902,2024-09-26,Debit Card,Cancelled
50690,1280,2024-11-29,UPI,Delivered
50691,1992,2024-01-19,Cash on Delivery,Shipped
50692,1520,2024-07-22,Cash on Delivery,Returned
50693,1931,2025-06-14,Credit Card,Delivered
50694,1118,2024-09-07,Credit Card,Processing
50695,1098,2024-12-16,Credit Card,Delivered
50696,1885,2024-03-30,UPI,Delivered
50697,1673,2024-12-28,Debit Card,Delivered
50698,1176,2025-06-10,Debit Card,Delivered
50699,1895,2025-02-21,Credit Card,Delivered
50700,1103,2025-02-10,UPI,Delivered
50701,1683,2025-10-29,Cash on Delivery,Delivered
50702,1206,2024-06-19,UPI,Delivered
50703,1071,2024-08-06,Debit Card,Delivered
50704,1807,2025-03-30,UPI,Shipped
50705,1848,2024-12-16,UPI,Delivered
50706,1106,2025-12-15,UPI,Delivered
50707,1094,2024-02-13,UPI,Delivered
50708,1615,2024-03-30,Debit Card,Shipped
50709,1029,2024-09-06,Credit Card,Delivered
50710,1747,2024-11-30,Debit Card,Delivered
50711,1916,2025-10-12,Debit Card,Delivered
50712,1752,2024-12-26,UPI,Cancelled
50713,1231,2024-11-15,UPI,Returned
50714,1191,2024-05-01,Debit Card,Shipped
50715,1681,2024-11-13,Debit Card,Delivered
50716,1062,2025-01-23,Credit Card,Delivered
50717,1538,2025-03-02,UPI,Delivered
50718,1449,2025-03-18,Net Banking,Delivered
50719,1745,2024-11-09,UPI,Delivered
50720,1203,2024-04-24,Debit Card,Returned
50721,1763,2024-04-21,UPI,Returned
50722,1700,2024-04-22,Debit Card,Delivered
50723,1239,2025-03-27,Credit Card,Delivered
50724,1357,2025-09-17,Debit Card,Delivered
50725,1067,2025-10-06,UPI,Delivered
50726,1450,2024-08-15,Credit Card,Delivered
50727,1261,2024-02-28,UPI,Delivered
50728,1114,2025-04-05,Debit Card,Delivered
50729,1560,2024-01-29,UPI,Delivered
50730,1568,2025-04-02,UPI,Delivered
50731,1086,2024-10-06,Debit Card,Delivered
50732,1186,2025-09-04,UPI,Delivered
50733,1083,2025-04-01,UPI,Delivered
50734,1679,2025-06-24,Net Banking,Delivered
50735,1339,2024-10-23,Net Banking,Shipped
50736,1072,2025-09-05,Net Banking,Delivered
50737,1192,2025-01-18,UPI,Delivered
50738,1976,2025-04-01,Credit Card,Delivered
50739,1256,2024-09-20,Debit Card,Delivered
50740,1685,2024-11-24,UPI,Delivered
50741,1469,2025-09-05,Debit Card,Cancelled
50742,1182,2024-10-14,UPI,Returned
50743,1308,2024-01-16,Cash on Delivery,Delivered
50744,1015,2024-10-03,Debit Card,Cancelled
50745,1747,2024-10-13,Credit Card,Delivered
50746,1335,2024-11-01,Credit Card,Delivered
50747,1500,2024-02-21,UPI,Delivered
50748,1153,2024-04-04,UPI,Delivered
50749,1825,2024-08-24,Debit Card,Delivered
50750,1219,2024-11-05,Credit Card,Delivered
50751,1567,2024-01-22,Credit Card,Delivered
50752,1873,2024-10-11,UPI,Processing
50753,1714,2024-08-21,Debit Card,Delivered
50754,1604,2024-01-26,Credit Card,Cancelled
50755,1889,2024-07-01,UPI,Processing
50756,1177,2024-07-19,Cash on Delivery,Shipped
50757,1964,2024-04-14,Credit Card,Delivered
50758,1557,2025-07-02,Credit Card,Delivered
50759,1410,2024-02-22,Cash on Delivery,Delivered
50760,1256,2025-02-25,UPI,Returned
50761,1745,2025-04-30,Cash on Delivery,Delivered
50762,1977,2025-08-11,Debit Card,Delivered
50763,1691,2025-02-02,Debit Card,Delivered
50764,1033,2025-01-31,UPI,Delivered
50765,1470,2025-07-09,UPI,Shipped
50766,1733,2025-09-15,Credit Card,Delivered
50767,1398,2024-06-02,UPI,Delivered
50768,1773,2025-08-04,UPI,Delivered
50769,1708,2024-12-03,Credit Card,Delivered
50770,1068,2024-03-12,Debit Card,Delivered
50771,1558,2025-03-23,UPI,Delivered
50772,1172,2025-12-14,Debit Card,Delivered
50773,1487,2024-04-12,Cash on Delivery,Returned
50774,1385,2024-01-11,Debit Card,Delivered
50775,1807,2025-10-31,Net Banking,Returned
50776,1869,2025-03-11,Debit Card,Delivered
50777,1462,2024-06-08,UPI,Delivered
50778,1537,2025-08-01,UPI,Delivered
50779,1627,2024-10-14,Cash on Delivery,Delivered
50780,1656,2024-08-30,Debit Card,Delivered
50781,1636,2024-07-30,Net Banking,Delivered
50782,1784,2025-03-12,Cash on Delivery,Delivered
50783,1982,2024-04-08,UPI,Shipped
50784,1829,2024-09-21,UPI,Shipped
50785,1135,2024-08-10,Debit Card,Delivered
50786,1477,2024-02-14,UPI,Delivered
50787,1462,2025-07-11,Credit Card,Delivered
50788,1509,2024-01-07,Net Banking,Delivered
50789,1529,2025-12-01,Debit Card,Delivered
50790,1719,2024-03-10,UPI,Processing
50791,1422,2024-09-18,Debit Card,Delivered
50792,1264,2024-03-12,UPI,Delivered
50793,1458,2024-09-24,Cash on Delivery,Delivered
50794,1855,2025-03-21,UPI,Delivered
50795,1312,2024-03-04,Net Banking,Delivered
50796,1021,2025-01-18,Credit Card,Cancelled
50797,1977,2025-07-17,Credit Card,Delivered
50798,1196,2024-11-28,Credit Card,Shipped
50799,1603,2024-03-23,UPI,Processing
50800,1801,2025-05-20,Credit Card,Delivered
50801,1275,2024-05-16,Net Banking,Delivered
50802,1341,2024-01-13,Net Banking,Delivered
50803,1281,2024-11-14,UPI,Delivered
50804,1150,2024-07-16,Debit Card,Delivered
50805,1153,2024-01-21,Net Banking,Delivered
50806,1187,2025-07-21,Net Banking,Delivered
50807,1459,2025-03-13,Credit Card,Returned
50808,1531,2025-10-26,UPI,Delivered
50809,1016,2024-12-16,Cash on Delivery,Delivered
50810,1847,2024-11-15,Credit Card,Delivered
50811,1676,2025-09-07,UPI,Delivered
50812,1071,2024-02-29,Debit Card,Delivered
50813,1843,2024-09-21,UPI,Shipped
50814,1031,2025-08-06,Net Banking,Delivered
50815,1561,2024-08-01,UPI,Delivered
50816,1466,2025-10-08,Debit Card,Delivered
50817,1503,2024-07-26,Cash on Delivery,Delivered
50818,1957,2024-10-28,Cash on Delivery,Shipped
50819,1928,2025-10-17,Cash on Delivery,Delivered
50820,1280,2024-06-26,Net Banking,Delivered
50821,1580,2025-12-07,UPI,Delivered
50822,1960,2024-02-02,Cash on Delivery,Delivered
50823,1729,2024-07-13,Cash on Delivery,Delivered
50824,1888,2025-03-07,Credit Card,Delivered
50825,1435,2025-03-09,Credit Card,Cancelled
50826,1284,2025-10-26,UPI,Delivered
50827,1511,2025-12-01,Credit Card,Delivered
50828,1817,2025-05-09,Debit Card,Delivered
50829,1929,2025-04-26,Credit Card,Delivered
50830,1686,2024-08-19,Credit Card,Delivered
50831,1707,2025-08-11,Credit Card,Processing
50832,1512,2025-04-14,UPI,Shipped
50833,1320,2024-01-18,Cash on Delivery,Cancelled
50834,1423,2025-08-30,UPI,Delivered
50835,1498,2024-09-19,UPI,Delivered
50836,1816,2024-12-13,UPI,Cancelled
50837,1556,2024-12-20,Net Banking,Delivered
50838,1794,2025-08-21,Net Banking,Delivered
50839,1028,2024-07-14,UPI,Delivered
50840,1757,2024-10-13,UPI,Processing
50841,1508,2024-01-29,Credit Card,Cancelled
50842,1999,2024-09-11,UPI,Delivered
50843,1472,2024-03-05,Debit Card,Delivered
50844,1479,2025-03-01,UPI,Delivered
50845,1128,2025-10-14,Credit Card,Delivered
50846,1807,2024-12-05,Credit Card,Delivered
50847,1702,2025-10-27,Credit Card,Delivered
50848,1863,2025-12-14,Credit Card,Shipped
50849,1093,2024-02-09,UPI,Delivered
50850,1212,2025-01-11,UPI,Delivered
50851,1877,2025-01-20,UPI,Returned
50852,1043,2024-10-08,UPI,Delivered
50853,1509,2025-08-29,Cash on Delivery,Delivered
50854,1405,2024-10-15,UPI,Delivered
50855,1940,2024-02-10,UPI,Delivered
50856,1857,2025-02-03,UPI,Delivered
50857,1897,2024-05-27,Debit Card,Delivered
50858,1290,2024-09-16,Cash on Delivery,Delivered
50859,1588,2025-01-01,Net Banking,Delivered
50860,1701,2025-06-11,Debit Card,Delivered
50861,1968,2024-07-22,Net Banking,Delivered
50862,1008,2024-10-04,Credit Card,Delivered
50863,1978,2024-02-19,Net Banking,Cancelled
50864,1356,2024-10-07,Net Banking,Delivered
50865,1129,2025-02-27,UPI,Delivered
50866,1616,2025-03-26,Credit Card,Delivered
50867,1782,2024-08-02,UPI,Delivered
50868,1130,2024-02-14,UPI,Delivered
50869,1041,2025-02-25,Net Banking,Delivered
50870,1897,2025-04-23,UPI,Delivered
50871,1934,2024-03-03,Debit Card,Processing
50872,1157,2025-01-03,Cash on Delivery,Delivered
50873,1905,2024-03-10,Credit Card,Delivered
50874,1910,2024-11-26,UPI,Delivered
50875,1998,2025-04-12,Debit Card,Delivered
50876,1217,2025-06-09,Net Banking,Delivered
50877,1579,2025-06-05,UPI,Delivered
50878,1995,2025-07-07,UPI,Delivered
50879,1903,2024-06-25,Debit Card,Cancelled
50880,1605,2025-09-09,Cash on Delivery,Delivered
50881,1198,2024-09-12,UPI,Delivered
50882,1085,2024-09-30,UPI,Delivered
50883,1260,2025-07-28,Cash on Delivery,Delivered
50884,1066,2024-08-26,UPI,Delivered
50885,1196,2024-02-24,UPI,Delivered
50886,1075,2025-06-05,Credit Card,Delivered
50887,1763,2025-04-28,UPI,Delivered
50888,1590,2025-02-28,UPI,Delivered
50889,1518,2024-04-14,Debit Card,Delivered
50890,1810,2025-04-06,Debit Card,Shipped
50891,1411,2024-05-24,Credit Card,Delivered
50892,1403,2025-02-09,Credit Card,Delivered
50893,1207,2025-01-05,Credit Card,Delivered
50894,1445,2025-07-18,Debit Card,Delivered
50895,1175,2025-12-13,Net Banking,Cancelled
50896,1590,2024-05-18,Net Banking,Shipped
50897,1998,2024-03-24,Debit Card,Delivered
50898,1534,2025-02-09,Cash on Delivery,Delivered
50899,1300,2025-11-25,Net Banking,Cancelled
50900,1689,2024-04-25,UPI,Processing
50901,1821,2024-12-21,Cash on Delivery,Delivered
50902,1472,2024-10-24,Cash on Delivery,Delivered
50903,1251,2024-08-20,UPI,Delivered
50904,1714,2025-04-29,UPI,Processing
50905,1188,2024-08-03,Debit Card,Cancelled
50906,1998,2024-12-25,Credit Card,Shipped
50907,1318,2025-09-09,Debit Card,Delivered
50908,1351,2024-10-04,Credit Card,Processing
50909,1727,2024-01-16,UPI,Delivered
50910,1013,2025-10-08,UPI,Delivered
50911,1203,2024-07-19,Cash on Delivery,Delivered
50912,1126,2025-07-18,UPI,Delivered
50913,1392,2025-07-10,Debit Card,Delivered
50914,1554,2025-01-19,UPI,Delivered
50915,1180,2024-03-05,Credit Card,Delivered
50916,1345,2025-11-24,Credit Card,Shipped
50917,1773,2025-05-12,UPI,Delivered
50918,1940,2024-11-05,Debit Card,Delivered
50919,1015,2025-09-15,Debit Card,Delivered
50920,1628,2025-07-29,UPI,Delivered
50921,1026,2025-07-09,UPI,Delivered
50922,1521,2024-05-02,Debit Card,Delivered
50923,1880,2025-04-06,Debit Card,Delivered
50924,1799,2024-07-27,Credit Card,Delivered
50925,1233,2024-02-27,Debit Card,Shipped
50926,1259,2024-09-03,UPI,Delivered
50927,1784,2024-03-16,UPI,Delivered
50928,1820,2024-03-18,Debit Card,Delivered
50929,1281,2025-06-14,Debit Card,Cancelled
50930,1004,2025-01-01,Net Banking,Delivered
50931,1445,2024-10-17,UPI,Delivered
50932,1620,2024-05-20,Credit Card,Delivered
50933,1444,2025-07-16,Debit Card,Delivered
50934,1935,2025-04-07,UPI,Shipped
50935,1814,2025-03-03,Credit Card,Delivered
50936,1788,2024-05-18,Debit Card,Delivered
50937,1021,2024-03-31,UPI,Processing
50938,1854,2024-03-31,UPI,Processing
50939,1756,2024-01-19,UPI,Delivered
50940,1397,2025-12-08,Cash on Delivery,Delivered
50941,1590,2024-09-25,UPI,Delivered
50942,1825,2025-04-25,UPI,Delivered
50943,1907,2025-12-18,UPI,Processing
50944,1551,2025-11-14,UPI,Shipped
50945,1042,2024-08-22,UPI,Delivered
50946,1619,2024-12-23,Debit Card,Delivered
50947,1681,2024-12-04,UPI,Delivered
50948,1059,2024-01-25,UPI,Delivered
50949,1818,2025-07-14,UPI,Shipped
50950,1202,2025-02-23,Credit Card,Delivered
50951,1891,2024-09-28,UPI,Delivered
50952,1551,2025-02-11,Debit Card,Delivered
50953,1323,2025-06-20,Debit Card,Delivered
50954,1059,2024-01-11,Debit Card,Delivered
50955,1018,2025-04-16,UPI,Delivered
50956,1742,2025-09-20,Net Banking,Delivered
50957,1378,2025-06-14,Debit Card,Delivered
50958,1841,2025-03-28,UPI,Delivered
50959,1231,2024-03-07,Credit Card,Delivered
50960,1921,2025-06-27,Debit Card,Delivered
50961,1942,2025-07-01,UPI,Cancelled
50962,1102,2024-12-26,Credit Card,Delivered
50963,1647,2025-03-01,Debit Card,Processing
50964,1940,2025-03-27,UPI,Delivered
50965,1324,2024-03-29,Cash on Delivery,Delivered
50966,1068,2024-07-06,UPI,Delivered
50967,1876,2025-08-01,UPI,Delivered
50968,1475,2025-12-11,UPI,Cancelled
50969,1028,2024-07-16,Credit Card,Delivered
50970,1841,2024-10-19,Cash on Delivery,Delivered
50971,1679,2025-10-30,Net Banking,Delivered
50972,1071,2024-04-28,Cash on Delivery,Delivered
50973,1259,2024-07-09,Credit Card,Delivered
50974,1019,2024-02-10,Credit Card,Processing
50975,1955,2024-06-20,Credit Card,Delivered
50976,1025,2025-04-09,UPI,Delivered
50977,1796,2024-09-11,Cash on Delivery,Shipped
50978,1512,2025-12-18,Credit Card,Delivered
50979,1583,2025-10-12,Credit Card,Delivered
50980,1812,2025-10-15,Credit Card,Processing
50981,1895,2025-06-14,Net Banking,Delivered
50982,1128,2025-05-27,UPI,Delivered
50983,1018,2025-01-07,Debit Card,Processing
50984,1125,2025-12-24,Debit Card,Delivered
50985,1683,2024-03-10,Net Banking,Processing
50986,1569,2025-06-11,UPI,Delivered
50987,1084,2024-04-12,UPI,Delivered
50988,1235,2024-09-04,Credit Card,Delivered
50989,1538,2024-07-05,Net Banking,Delivered
50990,1731,2025-03-14,Cash on Delivery,Delivered
50991,1344,2025-07-28,Credit Card,Delivered
50992,1950,2024-02-28,UPI,Delivered
50993,1993,2025-03-15,UPI,Delivered
50994,1767,2024-06-10,Debit Card,Delivered
50995,1455,2024-02-26,UPI,Delivered
50996,1878,2024-10-31,Credit Card,Delivered
50997,1728,2025-02-28,Net Banking,Delivered
50998,1520,2024-05-27,Credit Card,Delivered
50999,1444,2024-10-11,UPI,Delivered
51000,1833,2025-11-27,UPI,Delivered
51001,1558,2024-09-10,UPI,Delivered
51002,1183,2025-12-27,Debit Card,Delivered
51003,2000,2025-08-31,UPI,Delivered
51004,1069,2024-09-27,UPI,Delivered
51005,1696,2025-02-25,UPI,Processing
51006,1656,2025-06-01,UPI,Delivered
51007,1587,2024-12-05,Debit Card,Delivered
51008,1052,2024-10-24,Debit Card,Delivered
51009,1493,2024-08-28,Credit Card,Delivered
51010,1893,2024-04-11,Credit Card,Delivered
51011,1240,2024-01-19,UPI,Delivered
51012,1692,2024-09-02,Credit Card,Delivered
51013,1859,2025-08-03,UPI,Delivered
51014,1953,2024-06-19,Cash on Delivery,Delivered
51015,1517,2024-05-11,UPI,Delivered
51016,1314,2024-08-27,Credit Card,Delivered
51017,1700,2025-03-13,UPI,Delivered
51018,1487,2024-06-05,Net Banking,Delivered
51019,1628,2024-06-09,UPI,Delivered
51020,1742,2024-03-23,Cash on Delivery,Delivered
51021,1711,2024-08-30,UPI,Delivered
51022,1243,2024-06-07,Net Banking,Cancelled
51023,1756,2025-08-29,Debit Card,Processing
51024,1542,2025-10-23,UPI,Delivered
51025,1931,2024-09-27,UPI,Delivered
51026,1660,2024-03-03,UPI,Delivered
51027,1892,2024-03-04,Net Banking,Cancelled
51028,1979,2024-08-25,Net Banking,Delivered
51029,1995,2024-12-04,UPI,Delivered
51030,1745,2025-01-20,UPI,Delivered
51031,1598,2024-08-10,UPI,Delivered
51032,1119,2024-09-15,UPI,Delivered
51033,1387,2024-07-26,Debit Card,Delivered
51034,1476,2025-01-12,UPI,Delivered
51035,1781,2025-05-23,UPI,Shipped
51036,1589,2024-02-01,Net Banking,Delivered
51037,1440,2024-12-15,Debit Card,Delivered
51038,1147,2025-04-18,Debit Card,Shipped
51039,1716,2025-05-05,UPI,Processing
51040,1432,2025-02-15,Cash on Delivery,Delivered
51041,1037,2025-01-18,Credit Card,Returned
51042,1285,2025-05-12,Credit Card,Delivered
51043,1880,2024-10-03,UPI,Delivered
51044,1119,2025-02-18,Cash on Delivery,Shipped
51045,1407,2024-08-21,Credit Card,Delivered
51046,1513,2024-11-15,Net Banking,Processing
51047,1084,2024-03-31,Debit Card,Delivered
51048,1166,2024-09-12,Net Banking,Delivered
51049,1941,2024-04-13,Debit Card,Delivered
51050,1591,2024-06-14,Cash on Delivery,Delivered
51051,1211,2024-11-02,UPI,Shipped
51052,1170,2024-12-31,UPI,Delivered
51053,1426,2025-11-18,Debit Card,Delivered
51054,1724,2024-01-20,Credit Card,Delivered
51055,1731,2025-10-17,Credit Card,Delivered
51056,1196,2024-08-27,Debit Card,Delivered
51057,1726,2025-06-12,Credit Card,Delivered
51058,1897,2025-05-09,Net Banking,Delivered
51059,1227,2025-12-09,UPI,Delivered
51060,1027,2024-03-20,Net Banking,Delivered
51061,1959,2025-12-07,UPI,Delivered
51062,1522,2024-02-15,Debit Card,Delivered
51063,1777,2025-10-02,Cash on Delivery,Delivered
51064,1321,2025-04-21,UPI,Delivered
51065,1300,2024-12-17,UPI,Delivered
51066,1226,2024-10-17,UPI,Delivered
51067,1218,2024-03-09,Credit Card,Delivered
51068,1472,2025-08-08,Credit Card,Delivered
51069,1106,2025-06-15,UPI,Shipped
51070,1843,2025-11-15,Cash on Delivery,Delivered
51071,1512,2025-06-17,UPI,Delivered
51072,1916,2025-11-29,Credit Card,Delivered
51073,1503,2025-10-09,Credit Card,Delivered
51074,1304,2024-11-06,UPI,Delivered
51075,1515,2025-05-28,UPI,Delivered
51076,1155,2024-07-11,Cash on Delivery,Delivered
51077,1825,2025-08-03,Debit Card,Delivered
51078,1721,2025-03-20,UPI,Shipped
51079,1148,2024-11-17,Net Banking,Delivered
51080,1582,2025-04-03,Credit Card,Delivered
51081,1538,2024-07-21,UPI,Delivered
51082,1202,2025-03-30,Debit Card,Delivered
51083,1123,2024-12-12,Credit Card,Shipped
51084,1761,2024-08-22,UPI,Delivered
51085,1265,2025-12-13,Net Banking,Processing
51086,1519,2024-02-16,UPI,Delivered
51087,1248,2025-07-07,UPI,Delivered
51088,1654,2024-06-02,UPI,Delivered
51089,1049,2024-06-11,Debit Card,Delivered
51090,1360,2024-04-22,Debit Card,Delivered
51091,1548,2024-03-15,Cash on Delivery,Delivered
51092,1440,2024-03-31,UPI,Cancelled
51093,1613,2025-08-30,Net Banking,Delivered
51094,1181,2025-11-07,Credit Card,Delivered
51095,1442,2025-03-02,UPI,Shipped
51096,1757,2024-01-11,UPI,Delivered
51097,1334,2025-09-23,Net Banking,Delivered
51098,1158,2025-03-15,UPI,Delivered
51099,1848,2025-01-15,Debit Card,Shipped
51100,1779,2025-11-22,Credit Card,Delivered
51101,1681,2024-10-26,UPI,Delivered
51102,1799,2024-09-19,Cash on Delivery,Delivered
51103,1779,2025-07-23,Net Banking,Delivered
51104,1747,2025-01-19,Credit Card,Delivered
51105,1510,2025-06-07,Debit Card,Delivered
51106,1020,2025-05-22,Credit Card,Delivered
51107,1598,2025-09-04,Debit Card,Delivered
51108,1274,2024-08-19,UPI,Delivered
51109,1774,2024-02-22,Credit Card,Processing
51110,1469,2024-12-14,UPI,Delivered
51111,1906,2025-04-17,Credit Card,Delivered
51112,1596,2025-08-19,Credit Card,Delivered
51113,1551,2024-07-13,UPI,Delivered
51114,1920,2025-06-28,Cash on Delivery,Returned
51115,1476,2025-08-30,UPI,Delivered
51116,1376,2025-08-13,UPI,Delivered
51117,1372,2025-08-12,UPI,Delivered
51118,1876,2025-12-21,Debit Card,Delivered
51119,1757,2025-04-27,UPI,Shipped
51120,1164,2024-09-27,Credit Card,Returned
51121,1493,2024-11-14,Debit Card,Delivered
51122,1372,2025-06-29,UPI,Delivered
51123,1647,2024-06-21,Cash on Delivery,Delivered
51124,1053,2025-03-16,UPI,Shipped
51125,1715,2025-02-22,Debit Card,Delivered
51126,1743,2025-05-01,UPI,Delivered
51127,1227,2024-11-03,Debit Card,Delivered
51128,1151,2025-06-24,Net Banking,Delivered
51129,1628,2024-02-22,UPI,Processing
51130,1258,2025-07-01,UPI,Delivered
51131,1942,2025-08-15,UPI,Delivered
51132,1776,2025-10-08,UPI,Delivered
51133,1956,2025-11-04,Cash on Delivery,Cancelled
51134,1535,2024-09-12,Credit Card,Delivered
51135,1939,2024-02-03,Debit Card,Processing
51136,1014,2025-04-22,Cash on Delivery,Shipped
51137,1290,2024-03-06,Net Banking,Processing
51138,1003,2024-07-23,Net Banking,Delivered
51139,1678,2025-05-27,UPI,Delivered
51140,1511,2025-03-10,UPI,Shipped
51141,1288,2025-03-18,UPI,Cancelled
51142,1305,2025-07-02,UPI,Delivered
51143,1644,2024-04-30,UPI,Delivered
51144,1181,2025-07-31,UPI,Delivered
51145,1515,2025-03-04,UPI,Delivered
51146,1614,2024-11-02,Credit Card,Processing
51147,1240,2024-12-04,UPI,Delivered
51148,1229,2025-01-06,UPI,Delivered
51149,1355,2025-02-05,UPI,Delivered
51150,1593,2024-08-31,Credit Card,Processing
51151,1255,2024-06-11,Debit Card,Delivered
51152,1380,2024-05-03,Debit Card,Delivered
51153,1544,2024-09-05,UPI,Delivered
51154,1187,2024-07-09,UPI,Shipped
51155,1569,2025-01-11,UPI,Delivered
51156,1139,2025-10-27,UPI,Delivered
51157,1143,2024-03-19,Credit Card,Delivered
51158,1237,2024-08-13,Cash on Delivery,Cancelled
51159,1287,2024-02-05,UPI,Delivered
51160,1030,2025-12-12,UPI,Delivered
51161,1962,2025-05-26,Debit Card,Delivered
51162,1309,2024-06-25,Credit Card,Delivered
51163,1805,2024-10-29,UPI,Shipped
51164,1902,2025-06-11,UPI,Shipped
51165,1801,2025-11-30,Cash on Delivery,Delivered
51166,1832,2025-02-22,UPI,Processing
51167,1101,2024-07-16,Debit Card,Delivered
51168,1373,2025-05-23,Net Banking,Processing
51169,1747,2025-05-15,UPI,Delivered
51170,1576,2025-04-15,Debit Card,Delivered
51171,1006,2024-02-03,UPI,Processing
51172,1568,2025-05-30,UPI,Processing
51173,1805,2024-01-15,UPI,Delivered
51174,1829,2025-10-23,Cash on Delivery,Delivered
51175,1384,2025-10-05,UPI,Shipped
51176,1237,2025-02-15,UPI,Delivered
51177,1310,2025-04-16,Cash on Delivery,Delivered
51178,1297,2024-02-19,UPI,Delivered
51179,1347,2025-09-30,Net Banking,Delivered
51180,1302,2024-07-16,Debit Card,Delivered
51181,1458,2024-07-10,Credit Card,Processing
51182,1041,2025-05-31,Debit Card,Delivered
51183,1276,2025-11-16,Debit Card,Delivered
51184,1315,2024-12-26,UPI,Delivered
51185,1154,2025-01-05,Cash on Delivery,Shipped
51186,1878,2025-02-04,Cash on Delivery,Delivered
51187,1676,2024-07-31,Cash on Delivery,Processing
51188,1912,2025-03-11,Debit Card,Delivered
51189,1562,2025-12-02,Credit Card,Delivered
51190,1110,2024-10-06,Credit Card,Shipped
51191,1905,2025-07-18,UPI,Delivered
51192,1459,2025-07-18,Credit Card,Shipped
51193,1685,2025-09-13,Debit Card,Delivered
51194,1382,2025-06-12,Debit Card,Delivered
51195,1495,2025-11-03,UPI,Delivered
51196,1490,2025-06-05,Credit Card,Processing
51197,1285,2025-12-13,Debit Card,Delivered
51198,1555,2025-06-06,Credit Card,Delivered
51199,1734,2025-09-02,Cash on Delivery,Delivered
51200,1021,2025-10-11,Debit Card,Returned
51201,1131,2025-12-18,UPI,Shipped
51202,1843,2025-03-10,UPI,Shipped
51203,1570,2025-06-02,Debit Card,Delivered
51204,1974,2025-12-06,Credit Card,Delivered
51205,1605,2024-10-04,Net Banking,Processing
51206,1654,2024-03-28,UPI,Processing
51207,1900,2025-10-07,UPI,Shipped
51208,1661,2025-04-06,Credit Card,Shipped
51209,1330,2024-11-08,Debit Card,Processing
51210,1528,2025-06-07,Cash on Delivery,Delivered
51211,1236,2024-01-24,Cash on Delivery,Delivered
51212,1335,2024-12-14,Credit Card,Returned
51213,1681,2024-07-12,Net Banking,Delivered
51214,1149,2024-07-29,UPI,Delivered
51215,1672,2025-12-08,Credit Card,Delivered
51216,1585,2025-02-05,Cash on Delivery,Delivered
51217,1309,2024-04-12,Credit Card,Shipped
51218,1045,2024-09-23,Cash on Delivery,Shipped
51219,1705,2024-06-26,UPI,Delivered
51220,1825,2025-10-25,UPI,Delivered
51221,1731,2024-07-31,Credit Card,Delivered
51222,1421,2024-09-17,Cash on Delivery,Processing
51223,1654,2024-08-31,UPI,Delivered
51224,1415,2024-05-08,Net Banking,Delivered
51225,1359,2025-07-23,UPI,Delivered
51226,1328,2025-02-24,Debit Card,Delivered
51227,1211,2024-11-14,Credit Card,Delivered
51228,1970,2024-10-16,UPI,Delivered
51229,1667,2025-05-01,Debit Card,Delivered
51230,1175,2024-03-11,Debit Card,Delivered
51231,1866,2025-11-11,Credit Card,Delivered
51232,1152,2025-02-16,UPI,Delivered
51233,1594,2024-06-15,UPI,Delivered
51234,1166,2025-01-27,Cash on Delivery,Delivered
51235,1362,2025-09-13,Debit Card,Delivered
51236,1659,2024-05-06,Net Banking,Shipped
51237,2000,2025-01-17,Debit Card,Delivered
51238,1992,2025-03-12,Net Banking,Delivered
51239,1896,2025-08-14,UPI,Delivered
51240,1236,2025-02-18,Credit Card,Delivered
51241,1094,2025-06-21,Debit Card,Delivered
51242,1906,2025-07-18,UPI,Delivered
51243,1924,2025-10-12,UPI,Delivered
51244,1279,2024-09-20,Debit Card,Shipped
51245,1020,2025-05-28,Net Banking,Delivered
51246,1648,2024-06-30,Debit Card,Cancelled
51247,1077,2025-09-08,UPI,Delivered
51248,1041,2025-11-25,Cash on Delivery,Delivered
51249,1938,2024-08-02,UPI,Shipped
51250,1496,2025-02-13,UPI,Delivered
51251,1113,2025-08-23,Cash on Delivery,Delivered
51252,1655,2024-01-20,Debit Card,Delivered
51253,1370,2025-05-29,Cash on Delivery,Delivered
51254,1537,2025-08-22,Net Banking,Delivered
51255,1899,2025-09-27,Debit Card,Delivered
51256,1238,2024-05-23,UPI,Delivered
51257,1647,2025-07-06,UPI,Delivered
51258,1829,2025-07-27,Cash on Delivery,Delivered
51259,1424,2024-01-03,Net Banking,Delivered
51260,1971,2025-05-29,UPI,Shipped
51261,1449,2025-04-02,UPI,Delivered
51262,1460,2025-12-08,UPI,Delivered
51263,1885,2024-02-01,UPI,Returned
51264,1636,2025-12-05,Net Banking,Cancelled
51265,1869,2025-02-21,UPI,Delivered
51266,1791,2024-07-19,Credit Card,Delivered
51267,1713,2024-10-09,Cash on Delivery,Delivered
51268,1242,2025-07-13,Credit Card,Cancelled
51269,1399,2025-12-28,Credit Card,Delivered
51270,1865,2024-08-19,UPI,Delivered
51271,1617,2025-12-19,UPI,Delivered
51272,1281,2025-04-04,UPI,Delivered
51273,1328,2024-05-20,UPI,Delivered
51274,1776,2025-03-12,UPI,Shipped
51275,1179,2025-08-08,UPI,Delivered
51276,1113,2024-02-09,UPI,Delivered
51277,1766,2024-02-27,UPI,Shipped
51278,1289,2024-01-04,Cash on Delivery,Delivered
51279,1766,2025-02-20,UPI,Delivered
51280,1534,2024-02-12,Credit Card,Delivered
51281,1998,2025-11-11,Net Banking,Shipped
51282,1525,2024-04-03,UPI,Delivered
51283,1868,2024-02-22,Credit Card,Shipped
51284,1851,2024-07-07,Net Banking,Delivered
51285,1212,2025-07-11,Credit Card,Delivered
51286,1997,2025-10-24,UPI,Delivered
51287,1746,2024-07-02,Debit Card,Delivered
51288,1108,2025-01-13,Debit Card,Delivered
51289,1007,2025-07-18,UPI,Delivered
51290,1272,2025-08-04,UPI,Delivered
51291,1017,2024-04-21,UPI,Delivered
51292,1358,2025-09-03,Net Banking,Cancelled
51293,1997,2025-09-25,UPI,Delivered
51294,1479,2025-06-20,UPI,Delivered
51295,1024,2025-01-19,Credit Card,Delivered
51296,1494,2024-10-12,Cash on Delivery,Delivered
51297,1220,2025-10-11,UPI,Cancelled
51298,1857,2025-09-22,UPI,Returned
51299,1091,2025-01-13,Credit Card,Delivered
51300,1771,2025-06-25,Debit Card,Cancelled
51301,1446,2024-10-18,Credit Card,Delivered
51302,1019,2025-06-26,Cash on Delivery,Returned
51303,1674,2024-03-06,UPI,Shipped
51304,1456,2025-10-20,UPI,Delivered
51305,1772,2025-01-11,UPI,Delivered
51306,1619,2025-03-13,UPI,Shipped
51307,1788,2024-05-18,Credit Card,Delivered
51308,1461,2025-01-20,Net Banking,Delivered
51309,1008,2024-01-03,UPI,Delivered
51310,1131,2025-10-11,Debit Card,Delivered
51311,1459,2025-06-30,UPI,Delivered
51312,1398,2024-11-27,Credit Card,Delivered
51313,1795,2025-09-02,UPI,Delivered
51314,1412,2025-08-15,Credit Card,Delivered
51315,1861,2024-03-27,UPI,Delivered
51316,1188,2024-02-09,Cash on Delivery,Delivered
51317,1385,2024-07-04,Cash on Delivery,Delivered
51318,1757,2024-01-01,Net Banking,Delivered
51319,1125,2025-02-22,Cash on Delivery,Delivered
51320,1322,2025-01-20,UPI,Delivered
51321,1752,2025-01-27,Credit Card,Delivered
51322,1589,2024-02-23,UPI,Delivered
51323,1779,2025-11-01,Cash on Delivery,Delivered
51324,1516,2025-12-13,UPI,Shipped
51325,1860,2025-03-07,UPI,Delivered
51326,1878,2024-01-05,Debit Card,Processing
51327,1975,2024-10-16,UPI,Delivered
51328,1123,2025-06-08,Debit Card,Delivered
51329,1592,2025-06-30,UPI,Delivered
51330,1115,2024-06-26,Debit Card,Delivered
51331,1229,2025-08-23,Net Banking,Delivered
51332,1301,2025-12-07,Debit Card,Shipped
51333,1647,2025-01-06,UPI,Shipped
51334,1432,2024-10-05,UPI,Delivered
51335,1865,2025-01-19,UPI,Returned
51336,1299,2024-01-20,UPI,Delivered
51337,1618,2025-01-17,Credit Card,Delivered
51338,1764,2024-01-20,UPI,Shipped
51339,1981,2024-01-26,UPI,Delivered
51340,1246,2025-02-07,UPI,Delivered
51341,1734,2025-01-07,Cash on Delivery,Delivered
51342,1085,2025-12-21,UPI,Delivered
51343,1544,2025-01-05,UPI,Delivered
51344,1414,2025-12-16,Credit Card,Delivered
51345,1959,2025-08-12,UPI,Delivered
51346,1774,2024-09-03,Cash on Delivery,Delivered
51347,1928,2025-11-07,UPI,Cancelled
51348,1851,2024-12-18,Debit Card,Delivered
51349,1411,2025-03-10,Debit Card,Delivered
51350,1734,2024-03-14,Net Banking,Delivered
51351,1031,2024-06-04,Debit Card,Delivered
51352,1558,2025-01-16,Debit Card,Delivered
51353,1048,2024-07-17,Credit Card,Delivered
51354,1725,2025-03-13,Credit Card,Shipped
51355,1967,2024-02-28,Debit Card,Delivered
51356,1682,2024-07-02,Credit Card,Delivered
51357,1840,2025-04-30,Credit Card,Delivered
51358,1235,2025-03-22,UPI,Processing
51359,1994,2025-12-19,UPI,Delivered
51360,1551,2025-10-18,UPI,Delivered
51361,1675,2025-08-14,UPI,Delivered
51362,1771,2024-01-01,Credit Card,Delivered
51363,1640,2025-03-15,UPI,Delivered
51364,1318,2024-06-16,Credit Card,Delivered
51365,1612,2024-07-13,Debit Card,Delivered
51366,1654,2024-06-02,Credit Card,Delivered
51367,1858,2024-11-28,Debit Card,Delivered
51368,1482,2024-03-31,UPI,Delivered
51369,1502,2025-01-23,UPI,Delivered
51370,1504,2024-05-01,Debit Card,Delivered
51371,1115,2024-12-31,Net Banking,Delivered
51372,1091,2025-04-01,Debit Card,Delivered
51373,1021,2024-05-11,Debit Card,Delivered
51374,1667,2024-03-15,Debit Card,Delivered
51375,1419,2025-08-11,Debit Card,Delivered
51376,1866,2025-06-23,Debit Card,Delivered
51377,1703,2024-07-09,Debit Card,Delivered
51378,1142,2025-10-09,UPI,Delivered
51379,1101,2024-06-10,UPI,Delivered
51380,1367,2025-11-07,UPI,Delivered
51381,1921,2024-03-23,Credit Card,Delivered
51382,1049,2025-04-26,Debit Card,Processing
51383,1188,2024-01-14,UPI,Delivered
51384,1030,2024-05-24,UPI,Delivered
51385,1414,2024-10-22,Net Banking,Delivered
51386,1990,2024-03-03,UPI,Cancelled
51387,1684,2024-11-29,Net Banking,Delivered
51388,1494,2024-06-18,UPI,Delivered
51389,1145,2024-03-13,UPI,Delivered
51390,1356,2025-12-03,Credit Card,Delivered
51391,1525,2025-12-17,UPI,Delivered
51392,1275,2025-12-03,UPI,Shipped
51393,1706,2024-04-22,UPI,Delivered
51394,1981,2024-10-05,UPI,Cancelled
51395,1206,2024-08-27,UPI,Processing
51396,1253,2024-08-25,Net Banking,Returned
51397,1127,2024-10-31,UPI,Shipped
51398,1726,2025-01-07,Credit Card,Delivered
51399,1462,2024-12-20,UPI,Delivered
51400,1284,2024-07-31,Cash on Delivery,Delivered
51401,1220,2025-12-16,Net Banking,Delivered
51402,1071,2025-12-16,Cash on Delivery,Delivered
51403,1477,2024-08-29,Cash on Delivery,Processing
51404,1684,2024-06-10,UPI,Delivered
51405,1236,2025-01-23,Debit Card,Delivered
51406,1002,2024-09-26,UPI,Delivered
51407,1474,2025-12-21,Cash on Delivery,Delivered
51408,1676,2024-11-09,Credit Card,Delivered
51409,1345,2024-01-30,UPI,Delivered
51410,1251,2024-04-01,Cash on Delivery,Delivered
51411,1155,2024-02-24,Net Banking,Delivered
51412,1747,2024-10-06,Cash on Delivery,Cancelled
51413,1862,2024-08-19,UPI,Delivered
51414,1770,2025-09-17,UPI,Delivered
51415,1519,2025-10-12,UPI,Delivered
51416,1725,2024-04-12,Credit Card,Delivered
51417,1397,2025-11-20,Credit Card,Delivered
51418,1025,2025-03-02,UPI,Delivered
51419,1368,2024-08-11,Net Banking,Delivered
51420,1704,2024-10-23,UPI,Delivered
51421,1648,2024-11-18,Debit Card,Delivered
51422,1991,2024-05-04,Net Banking,Delivered
51423,1998,2025-09-25,Debit Card,Delivered
51424,1243,2024-01-10,UPI,Delivered
51425,1010,2024-02-20,UPI,Delivered
51426,1275,2024-07-18,UPI,Processing
51427,1877,2024-04-14,Debit Card,Delivered
51428,1814,2024-02-15,Credit Card,Shipped
51429,1099,2024-10-06,UPI,Processing
51430,1161,2024-10-02,Cash on Delivery,Returned
51431,1564,2024-04-01,Debit Card,Shipped
51432,1661,2025-08-14,Net Banking,Delivered
51433,1983,2025-10-06,Credit Card,Cancelled
51434,1756,2025-06-09,Cash on Delivery,Shipped
51435,1212,2025-01-16,UPI,Delivered
51436,1038,2025-11-22,UPI,Delivered
51437,1634,2024-09-12,Cash on Delivery,Cancelled
51438,1554,2024-11-07,Cash on Delivery,Delivered
51439,1922,2024-01-11,Credit Card,Delivered
51440,1576,2025-05-31,UPI,Delivered
51441,1502,2024-03-08,UPI,Delivered
51442,1304,2025-04-30,Debit Card,Delivered
51443,1087,2025-07-25,Net Banking,Delivered
51444,1877,2024-06-07,UPI,Delivered
51445,1827,2025-03-22,UPI,Processing
51446,1163,2024-08-09,Debit Card,Delivered
51447,1704,2024-10-17,Debit Card,Delivered
51448,1365,2025-01-21,Credit Card,Delivered
51449,1438,2024-07-01,Credit Card,Delivered
51450,1849,2025-08-04,Cash on Delivery,Returned
51451,1843,2024-10-15,UPI,Delivered
51452,1191,2024-12-03,Credit Card,Delivered
51453,1308,2025-08-17,Debit Card,Shipped
51454,1822,2024-06-15,Credit Card,Delivered
51455,1917,2024-11-26,Net Banking,Delivered
51456,1080,2025-12-26,Debit Card,Delivered
51457,1834,2024-10-18,Credit Card,Delivered
51458,1490,2024-03-25,UPI,Shipped
51459,1591,2024-07-26,Debit Card,Delivered
51460,1076,2025-11-28,UPI,Delivered
51461,1681,2025-07-08,UPI,Delivered
51462,1678,2025-08-13,Credit Card,Processing
51463,1663,2024-07-04,Credit Card,Delivered
51464,1791,2025-09-04,Cash on Delivery,Delivered
51465,1947,2024-10-14,Debit Card,Delivered
51466,1850,2025-08-03,Net Banking,Delivered
51467,1745,2025-10-05,UPI,Delivered
51468,1982,2024-05-31,Credit Card,Delivered
51469,1675,2025-11-16,Cash on Delivery,Delivered
51470,1673,2025-04-06,Credit Card,Delivered
51471,1543,2025-06-17,Net Banking,Delivered
51472,1770,2025-07-06,Credit Card,Delivered
51473,1072,2024-05-02,UPI,Delivered
51474,1506,2025-06-28,Credit Card,Delivered
51475,1426,2024-06-04,UPI,Cancelled
51476,1913,2024-07-17,UPI,Delivered
51477,1073,2024-03-26,UPI,Delivered
51478,1644,2024-05-12,UPI,Delivered
51479,1185,2025-12-15,UPI,Delivered
51480,1884,2024-08-27,Cash on Delivery,Delivered
51481,1852,2024-10-09,Credit Card,Shipped
51482,1236,2024-12-16,Net Banking,Delivered
51483,1872,2025-06-04,Credit Card,Delivered
51484,1497,2025-02-22,UPI,Delivered
51485,1972,2025-01-26,UPI,Delivered
51486,1730,2025-09-02,Cash on Delivery,Delivered
51487,1035,2024-12-28,Debit Card,Delivered
51488,1203,2025-07-15,Cash on Delivery,Delivered
51489,1404,2025-10-26,UPI,Processing
51490,1212,2025-05-08,Debit Card,Delivered
51491,1133,2024-01-26,Debit Card,Delivered
51492,1979,2024-07-11,Cash on Delivery,Returned
51493,1870,2025-03-26,UPI,Delivered
51494,1435,2024-12-15,Cash on Delivery,Delivered
51495,1216,2024-07-26,Credit Card,Delivered
51496,1182,2024-09-01,Net Banking,Cancelled
51497,1916,2024-02-27,Credit Card,Delivered
51498,1332,2024-06-20,Credit Card,Delivered
51499,1013,2025-07-25,UPI,Delivered
51500,1398,2024-01-08,Net Banking,Delivered
51501,1455,2025-09-02,UPI,Delivered
51502,1624,2024-09-04,Credit Card,Delivered
51503,1339,2025-08-12,Credit Card,Processing
51504,1924,2024-07-05,Debit Card,Delivered
51505,1644,2025-08-28,Credit Card,Delivered
51506,1987,2025-02-21,Debit Card,Delivered
51507,1368,2025-09-13,Credit Card,Delivered
51508,1652,2024-02-15,Debit Card,Delivered
51509,1366,2025-08-05,Debit Card,Delivered
51510,1700,2024-07-16,Debit Card,Delivered
51511,1746,2024-09-18,Net Banking,Shipped
51512,1322,2024-02-02,Credit Card,Delivered
51513,1938,2025-11-27,UPI,Delivered
51514,1858,2025-04-13,Debit Card,Processing
51515,1895,2025-12-17,UPI,Delivered
51516,1218,2025-02-18,UPI,Processing
51517,1718,2024-04-25,Net Banking,Shipped
51518,1107,2024-09-03,Credit Card,Delivered
51519,1106,2024-11-17,Credit Card,Delivered
51520,1974,2024-04-17,Cash on Delivery,Delivered
51521,1153,2025-11-10,UPI,Processing
51522,1865,2025-11-30,UPI,Delivered
51523,1431,2025-02-15,UPI,Cancelled
51524,1304,2025-03-02,UPI,Delivered
51525,1074,2025-05-28,Debit Card,Delivered
51526,1676,2025-05-10,Debit Card,Delivered
51527,1722,2024-02-15,Credit Card,Cancelled
51528,1468,2025-01-22,UPI,Delivered
51529,1810,2025-07-21,Credit Card,Delivered
51530,1324,2025-08-11,UPI,Processing
51531,1552,2025-03-11,Debit Card,Delivered
51532,1287,2025-10-16,Debit Card,Delivered
51533,1583,2025-03-03,UPI,Processing
51534,1137,2024-10-06,Net Banking,Shipped
51535,1477,2024-11-19,Debit Card,Delivered
51536,1550,2025-05-18,UPI,Delivered
51537,1557,2025-10-09,Debit Card,Delivered
51538,1447,2024-06-16,Debit Card,Delivered
51539,1644,2024-08-02,UPI,Delivered
51540,1513,2025-04-20,UPI,Delivered
51541,1284,2025-07-11,Debit Card,Delivered
51542,1216,2024-10-18,Cash on Delivery,Delivered
51543,1648,2025-04-14,Credit Card,Processing
51544,1939,2024-01-05,Credit Card,Delivered
51545,1754,2024-07-31,Debit Card,Delivered
51546,1639,2025-11-28,Credit Card,Cancelled
51547,1922,2025-02-24,UPI,Shipped
51548,1900,2025-09-25,Credit Card,Delivered
51549,1507,2024-06-07,Cash on Delivery,Returned
51550,1110,2024-07-31,Net Banking,Delivered
51551,1635,2025-12-12,Cash on Delivery,Delivered
51552,1623,2025-12-29,UPI,Delivered
51553,1278,2025-10-02,Credit Card,Delivered
51554,1850,2024-08-19,Credit Card,Delivered
51555,1870,2025-08-08,UPI,Delivered
51556,1331,2024-11-30,UPI,Processing
51557,1477,2025-09-08,Net Banking,Delivered
51558,1196,2025-09-13,Debit Card,Delivered
51559,1179,2024-11-13,Debit Card,Delivered
51560,1266,2024-08-10,UPI,Delivered
51561,1366,2025-12-12,Credit Card,Cancelled
51562,1273,2024-11-24,UPI,Delivered
51563,1152,2024-11-11,UPI,Shipped
51564,1448,2025-04-30,Credit Card,Delivered
51565,1624,2025-11-14,UPI,Delivered
51566,1326,2024-04-05,Cash on Delivery,Delivered
51567,1534,2025-12-19,Credit Card,Delivered
51568,1272,2024-11-04,UPI,Shipped
51569,1704,2024-01-19,UPI,Delivered
51570,1649,2024-08-13,Debit Card,Delivered
51571,1961,2024-12-03,UPI,Delivered
51572,1054,2025-05-09,UPI,Delivered
51573,1854,2025-02-17,Credit Card,Delivered
51574,1341,2024-04-09,UPI,Delivered
51575,1067,2024-12-22,Debit Card,Delivered
51576,1690,2024-06-18,Credit Card,Delivered
51577,1172,2024-07-15,UPI,Processing
51578,1176,2025-06-03,Net Banking,Delivered
51579,1980,2025-08-09,Credit Card,Delivered
51580,1221,2024-04-24,Debit Card,Shipped
51581,1548,2025-03-15,UPI,Shipped
51582,1201,2024-11-04,Debit Card,Delivered
51583,1124,2024-09-02,UPI,Cancelled
51584,1001,2025-06-04,Credit Card,Shipped
51585,1017,2024-06-30,UPI,Delivered
51586,1474,2025-07-12,Cash on Delivery,Delivered
51587,1435,2024-10-19,UPI,Delivered
51588,1039,2024-03-10,Cash on Delivery,Delivered
51589,1350,2025-08-01,Cash on Delivery,Cancelled
51590,1273,2025-09-13,Credit Card,Delivered
51591,1572,2025-02-15,UPI,Delivered
51592,1995,2025-06-12,Credit Card,Cancelled
51593,1692,2024-04-17,Cash on Delivery,Delivered
51594,1919,2024-09-04,Debit Card,Delivered
51595,1193,2024-09-12,Credit Card,Processing
51596,1216,2025-07-11,UPI,Delivered
51597,1751,2024-09-13,Net Banking,Delivered
51598,1311,2025-06-15,UPI,Delivered
51599,1849,2024-08-11,UPI,Cancelled
51600,1464,2025-03-14,UPI,Delivered
51601,1201,2024-06-02,Credit Card,Delivered
51602,1845,2025-02-11,Cash on Delivery,Delivered
51603,1551,2024-02-28,Net Banking,Processing
51604,1803,2025-06-20,UPI,Delivered
51605,1453,2024-01-22,UPI,Delivered
51606,1127,2025-12-30,Net Banking,Cancelled
51607,1682,2025-09-04,Credit Card,Delivered
51608,1125,2025-02-26,UPI,Delivered
51609,1664,2025-10-25,Credit Card,Delivered
51610,1417,2025-08-13,Debit Card,Delivered
51611,1792,2024-04-14,Cash on Delivery,Delivered
51612,1871,2025-06-27,Debit Card,Delivered
51613,1408,2024-10-02,UPI,Delivered
51614,1883,2025-09-16,Debit Card,Delivered
51615,1111,2025-09-22,UPI,Shipped
51616,1108,2025-11-27,Net Banking,Delivered
51617,1994,2024-11-25,Credit Card,Processing
51618,1575,2024-05-20,UPI,Delivered
51619,1451,2024-04-01,Credit Card,Delivered
51620,1156,2024-04-30,UPI,Delivered
51621,1289,2025-12-25,UPI,Delivered
51622,1687,2025-03-04,Credit Card,Delivered
51623,1822,2024-09-13,Debit Card,Delivered
51624,1917,2024-11-23,Net Banking,Processing
51625,1408,2024-05-06,Credit Card,Delivered
51626,1455,2025-02-20,UPI,Delivered
51627,1164,2024-11-06,Credit Card,Delivered
51628,1084,2025-08-05,Credit Card,Shipped
51629,1438,2024-01-16,UPI,Delivered
51630,1580,2025-11-11,Cash on Delivery,Delivered
51631,1105,2024-02-14,Cash on Delivery,Delivered
51632,1409,2024-10-31,UPI,Delivered
51633,1642,2024-09-05,Net Banking,Delivered
51634,1811,2025-06-08,Debit Card,Delivered
51635,1939,2025-04-25,UPI,Delivered
51636,1341,2024-05-23,Debit Card,Shipped
51637,1392,2024-12-24,UPI,Delivered
51638,1875,2025-01-25,UPI,Delivered
51639,1694,2024-12-04,Cash on Delivery,Delivered
51640,1274,2024-01-16,Debit Card,Processing
51641,1686,2024-05-10,UPI,Delivered
51642,1158,2025-01-02,Credit Card,Delivered
51643,1450,2024-07-09,Cash on Delivery,Processing
51644,1307,2025-02-02,Credit Card,Delivered
51645,1993,2024-04-29,Cash on Delivery,Delivered
51646,1035,2025-06-20,Net Banking,Delivered
51647,1857,2024-05-17,UPI,Delivered
51648,1282,2025-04-19,Debit Card,Delivered
51649,1037,2025-09-02,Debit Card,Delivered
51650,1661,2024-09-18,Debit Card,Delivered
51651,1679,2024-04-11,UPI,Delivered
51652,1143,2024-01-05,UPI,Cancelled
51653,1039,2024-09-20,UPI,Delivered
51654,1112,2024-03-25,Debit Card,Returned
51655,1409,2025-10-05,Debit Card,Delivered
51656,1133,2025-12-11,Debit Card,Shipped
51657,1704,2025-12-16,Credit Card,Cancelled
51658,1078,2025-11-04,UPI,Delivered
51659,1789,2025-03-04,UPI,Delivered
51660,1875,2024-08-25,Net Banking,Delivered
51661,1717,2024-11-21,Credit Card,Delivered
51662,1945,2024-07-07,Net Banking,Delivered
51663,1940,2025-09-05,UPI,Returned
51664,1047,2024-11-14,Credit Card,Delivered
51665,1342,2024-10-08,Cash on Delivery,Delivered
51666,1761,2025-05-18,UPI,Delivered
51667,1340,2024-09-29,UPI,Delivered
51668,1738,2024-09-17,Debit Card,Delivered
51669,1775,2024-06-14,Credit Card,Delivered
51670,1997,2024-02-19,Cash on Delivery,Delivered
51671,1330,2024-01-28,Cash on Delivery,Delivered
51672,1348,2024-10-21,Debit Card,Delivered
51673,1025,2025-12-27,UPI,Delivered
51674,1286,2024-07-09,Credit Card,Delivered
51675,1281,2025-04-12,Cash on Delivery,Delivered
51676,1454,2024-08-25,Credit Card,Delivered
51677,1422,2024-08-08,Cash on Delivery,Delivered
51678,1857,2024-04-28,Debit Card,Shipped
51679,1774,2025-02-15,UPI,Delivered
51680,1729,2025-04-25,Credit Card,Delivered
51681,1006,2024-09-12,Debit Card,Cancelled
51682,1472,2025-01-19,UPI,Cancelled
51683,1730,2024-12-13,UPI,Delivered
51684,1245,2024-07-16,Debit Card,Cancelled
51685,1425,2025-05-19,UPI,Delivered
51686,1728,2025-02-08,UPI,Delivered
51687,1795,2024-02-18,Debit Card,Delivered
51688,1855,2024-12-25,Debit Card,Delivered
51689,1430,2024-10-11,Credit Card,Delivered
51690,1400,2025-08-04,Cash on Delivery,Cancelled
51691,1383,2024-08-11,Cash on Delivery,Delivered
51692,1669,2025-11-28,Credit Card,Delivered
51693,1420,2025-03-24,UPI,Delivered
51694,1401,2024-04-05,Debit Card,Delivered
51695,1169,2024-10-21,UPI,Shipped
51696,1479,2025-10-07,Net Banking,Delivered
51697,1238,2024-07-04,Credit Card,Delivered
51698,1525,2025-05-29,Credit Card,Delivered
51699,1889,2025-07-25,Credit Card,Delivered
51700,1776,2025-05-20,Credit Card,Delivered
51701,1479,2024-03-06,Cash on Delivery,Delivered
51702,1978,2024-09-30,UPI,Delivered
51703,1981,2024-09-11,Cash on Delivery,Delivered
51704,1445,2024-09-08,UPI,Delivered
51705,1764,2025-10-03,Debit Card,Delivered
51706,1343,2024-01-05,Cash on Delivery,Delivered
51707,1879,2025-01-28,Credit Card,Processing
51708,1374,2025-12-18,UPI,Delivered
51709,1259,2025-10-01,Net Banking,Delivered
51710,1134,2025-03-18,Net Banking,Returned
51711,1843,2025-12-29,UPI,Delivered
51712,1297,2024-10-20,Credit Card,Processing
51713,1814,2025-03-22,Net Banking,Delivered
51714,1087,2025-01-31,UPI,Cancelled
51715,1501,2024-02-04,Debit Card,Delivered
51716,1428,2024-01-30,Credit Card,Shipped
51717,1439,2025-10-16,UPI,Delivered
51718,1168,2024-05-06,Net Banking,Delivered
51719,1074,2024-09-16,UPI,Delivered
51720,1347,2025-03-31,Cash on Delivery,Delivered
51721,1471,2025-02-24,Credit Card,Delivered
51722,1794,2025-01-10,Credit Card,Cancelled
51723,1463,2025-12-15,Credit Card,Delivered
51724,1246,2025-07-28,Credit Card,Delivered
51725,1263,2025-11-18,Net Banking,Delivered
51726,1612,2025-04-25,Debit Card,Delivered
51727,1436,2025-12-15,Debit Card,Returned
51728,1902,2025-03-15,Credit Card,Delivered
51729,1440,2025-01-30,UPI,Delivered
51730,1567,2025-08-18,UPI,Delivered
51731,1064,2025-09-26,Debit Card,Delivered
51732,1194,2024-02-19,Credit Card,Delivered
51733,1851,2025-10-26,Credit Card,Delivered
51734,1345,2025-05-19,Credit Card,Delivered
51735,1422,2025-10-17,Credit Card,Shipped
51736,1591,2025-06-06,Debit Card,Delivered
51737,1058,2025-11-07,Debit Card,Delivered
51738,1507,2024-07-19,Cash on Delivery,Delivered
51739,1347,2024-05-16,UPI,Delivered
51740,1149,2024-05-22,Credit Card,Shipped
51741,1419,2024-07-03,UPI,Delivered
51742,1447,2024-06-05,Net Banking,Delivered
51743,1187,2024-11-18,Debit Card,Delivered
51744,1544,2024-05-24,Credit Card,Delivered
51745,1747,2024-04-25,Net Banking,Delivered
51746,1268,2025-01-17,Credit Card,Delivered
51747,1967,2025-08-02,UPI,Delivered
51748,1613,2024-04-09,Credit Card,Delivered
51749,1774,2025-01-08,UPI,Delivered
51750,1071,2025-04-26,Cash on Delivery,Delivered
51751,1768,2025-05-30,Debit Card,Delivered
51752,1337,2024-03-17,Debit Card,Delivered
51753,1711,2025-06-19,Net Banking,Delivered
51754,1805,2024-01-20,Net Banking,Delivered
51755,1251,2024-06-21,Credit Card,Delivered
51756,1260,2024-08-21,UPI,Delivered
51757,1060,2025-09-14,UPI,Delivered
51758,1606,2024-05-20,Cash on Delivery,Delivered
51759,1775,2025-07-25,Cash on Delivery,Delivered
51760,1411,2025-12-22,Debit Card,Delivered
51761,1161,2025-12-01,UPI,Delivered
51762,1317,2024-08-09,UPI,Delivered
51763,1403,2024-03-10,Net Banking,Delivered
51764,1917,2024-06-11,UPI,Delivered
51765,1125,2025-07-15,Credit Card,Delivered
51766,1344,2024-05-23,UPI,Delivered
51767,1639,2025-04-16,UPI,Cancelled
51768,1237,2024-09-29,Debit Card,Delivered
51769,1885,2025-07-13,Cash on Delivery,Delivered
51770,1910,2025-03-18,Debit Card,Delivered
51771,1381,2025-03-03,Credit Card,Processing
51772,1746,2025-07-24,Credit Card,Delivered
51773,1756,2025-11-28,Cash on Delivery,Delivered
51774,1682,2024-09-23,Credit Card,Delivered
51775,1187,2025-01-21,Credit Card,Delivered
51776,1050,2025-04-01,Debit Card,Delivered
51777,1348,2025-08-23,UPI,Delivered
51778,1132,2024-12-17,UPI,Delivered
51779,1293,2024-09-30,Net Banking,Delivered
51780,1639,2025-09-09,Debit Card,Delivered
51781,1589,2025-11-26,UPI,Delivered
51782,1210,2025-02-19,UPI,Delivered
51783,1018,2024-03-16,Cash on Delivery,Delivered
51784,1226,2024-07-30,Debit Card,Processing
51785,1455,2024-12-03,Debit Card,Delivered
51786,1780,2025-05-28,UPI,Cancelled
51787,1366,2025-05-03,Cash on Delivery,Delivered
51788,1286,2025-08-21,Cash on Delivery,Delivered
51789,1552,2024-01-22,Credit Card,Delivered
51790,1072,2024-12-05,UPI,Delivered
51791,1226,2025-05-26,Debit Card,Delivered
51792,1037,2025-12-21,Net Banking,Delivered
51793,1526,2024-04-13,Net Banking,Delivered
51794,1444,2025-10-03,Cash on Delivery,Delivered
51795,1583,2024-01-06,Debit Card,Shipped
51796,1618,2024-05-23,UPI,Delivered
51797,1396,2025-09-10,Credit Card,Delivered
51798,1869,2025-07-28,Net Banking,Shipped
51799,1919,2025-12-11,UPI,Delivered
51800,1111,2025-03-14,UPI,Delivered
51801,1921,2025-03-25,Debit Card,Delivered
51802,1197,2025-01-25,Credit Card,Delivered
51803,1249,2025-01-08,Net Banking,Processing
51804,1530,2025-01-10,UPI,Delivered
51805,1030,2024-08-01,UPI,Delivered
51806,1365,2025-09-14,UPI,Delivered
51807,1195,2024-09-17,Debit Card,Delivered
51808,1483,2025-03-21,Debit Card,Shipped
51809,1815,2025-05-03,Credit Card,Delivered
51810,1925,2025-01-27,Credit Card,Delivered
51811,1213,2025-03-22,UPI,Returned
51812,1545,2024-02-05,Debit Card,Delivered
51813,1475,2024-08-18,Cash on Delivery,Processing
51814,1416,2024-11-23,Debit Card,Delivered
51815,1633,2024-10-14,UPI,Delivered
51816,1990,2025-10-24,Debit Card,Shipped
51817,1406,2025-10-16,UPI,Delivered
51818,1066,2025-06-03,UPI,Returned
51819,1916,2024-09-14,UPI,Delivered
51820,1933,2024-02-07,UPI,Delivered
51821,1323,2025-07-05,UPI,Shipped
51822,1502,2025-10-07,Net Banking,Delivered
51823,1863,2024-12-23,UPI,Delivered
51824,1504,2025-08-26,Debit Card,Delivered
51825,1482,2025-11-10,Cash on Delivery,Delivered
51826,1922,2025-02-03,Credit Card,Delivered
51827,1829,2024-06-01,Credit Card,Shipped
51828,1508,2024-01-17,Debit Card,Delivered
51829,1162,2025-07-06,UPI,Delivered
51830,1439,2025-02-14,Credit Card,Delivered
51831,1677,2024-04-22,Credit Card,Delivered
51832,1273,2024-02-09,Net Banking,Delivered
51833,1538,2025-12-08,Net Banking,Delivered
51834,1659,2024-08-21,Net Banking,Shipped
51835,1086,2024-08-26,Debit Card,Delivered
51836,1570,2025-04-04,Credit Card,Delivered
51837,1738,2024-09-23,Net Banking,Cancelled
51838,1215,2025-10-28,Net Banking,Delivered
51839,1549,2025-05-12,Credit Card,Delivered
51840,1710,2024-09-18,Cash on Delivery,Returned
51841,1045,2024-07-13,Net Banking,Delivered
51842,1645,2025-09-19,Credit Card,Delivered
51843,1260,2025-03-07,UPI,Delivered
51844,1398,2025-11-01,UPI,Shipped
51845,1649,2024-09-08,Debit Card,Processing
51846,1005,2024-01-16,UPI,Delivered
51847,1017,2025-10-18,Credit Card,Returned
51848,1447,2024-06-23,Debit Card,Delivered
51849,1950,2025-09-09,Net Banking,Delivered
51850,1007,2025-06-02,Net Banking,Delivered
51851,1789,2024-06-18,Debit Card,Cancelled
51852,1075,2025-07-06,Credit Card,Cancelled
51853,1489,2024-02-29,UPI,Delivered
51854,1431,2024-10-13,Debit Card,Shipped
51855,1469,2024-09-17,UPI,Delivered
51856,1082,2025-04-24,Credit Card,Delivered
51857,1754,2025-01-25,Cash on Delivery,Delivered
51858,1276,2025-03-22,Credit Card,Returned
51859,1772,2024-12-13,Debit Card,Delivered
51860,1656,2025-06-24,Debit Card,Delivered
51861,1552,2024-04-26,Net Banking,Returned
51862,1309,2025-06-08,Credit Card,Delivered
51863,1653,2024-02-06,Credit Card,Delivered
51864,1998,2024-03-03,UPI,Delivered
51865,1924,2025-06-12,Debit Card,Delivered
51866,1917,2024-04-25,UPI,Delivered
51867,1220,2025-07-16,Credit Card,Delivered
51868,1586,2024-04-06,Debit Card,Shipped
51869,1398,2024-04-17,UPI,Delivered
51870,1967,2025-11-11,Credit Card,Delivered
51871,1951,2024-05-09,UPI,Processing
51872,1869,2025-10-28,UPI,Delivered
51873,1163,2024-09-11,UPI,Processing
51874,1319,2025-08-05,UPI,Delivered
51875,1712,2025-11-16,Cash on Delivery,Cancelled
51876,1750,2024-03-26,Cash on Delivery,Delivered
51877,1351,2024-08-29,Debit Card,Delivered
51878,1137,2025-02-23,Debit Card,Delivered
51879,1137,2025-09-23,Debit Card,Cancelled
51880,1685,2024-05-16,Cash on Delivery,Returned
51881,1455,2024-05-16,Credit Card,Delivered
51882,1492,2024-09-25,UPI,Delivered
51883,1816,2024-05-29,Debit Card,Delivered
51884,1017,2024-07-13,Cash on Delivery,Delivered
51885,1755,2024-04-04,UPI,Shipped
51886,1275,2025-08-28,Credit Card,Shipped
51887,1932,2025-08-04,UPI,Delivered
51888,1956,2024-04-15,Credit Card,Returned
51889,1503,2025-01-26,Debit Card,Delivered
51890,1316,2025-04-16,UPI,Delivered
51891,1234,2025-04-03,Cash on Delivery,Delivered
51892,1182,2025-12-19,Net Banking,Delivered
51893,2000,2025-04-13,UPI,Delivered
51894,1188,2025-05-16,Net Banking,Delivered
51895,1447,2024-01-24,Debit Card,Delivered
51896,1480,2024-02-27,Credit Card,Delivered
51897,1680,2025-03-27,Credit Card,Delivered
51898,1843,2025-10-24,Net Banking,Delivered
51899,1558,2024-10-18,Credit Card,Delivered
51900,1759,2025-04-14,UPI,Delivered
51901,1567,2024-06-02,UPI,Delivered
51902,1437,2024-11-29,UPI,Shipped
51903,1158,2025-07-02,Debit Card,Delivered
51904,1209,2025-04-26,UPI,Delivered
51905,1433,2024-03-24,Debit Card,Delivered
51906,1047,2025-10-03,Credit Card,Delivered
51907,1317,2025-11-07,Net Banking,Delivered
51908,1463,2024-12-14,Credit Card,Delivered
51909,1473,2024-09-05,Cash on Delivery,Delivered
51910,1815,2025-01-22,Cash on Delivery,Delivered
51911,1968,2025-08-07,UPI,Delivered
51912,1730,2024-11-26,Debit Card,Returned
51913,1080,2024-01-22,UPI,Delivered
51914,1409,2024-02-22,Net Banking,Delivered
51915,1730,2025-08-15,Debit Card,Delivered
51916,1595,2025-07-28,UPI,Delivered
51917,1458,2025-07-17,UPI,Delivered
51918,1437,2024-04-02,Credit Card,Processing
51919,1406,2024-05-04,Net Banking,Delivered
51920,1580,2024-10-15,Net Banking,Delivered
51921,1179,2024-06-17,UPI,Cancelled
51922,1518,2024-10-09,UPI,Delivered
51923,1206,2025-02-11,Credit Card,Delivered
51924,1681,2024-07-23,Credit Card,Delivered
51925,1865,2024-03-31,UPI,Delivered
51926,1508,2024-10-20,UPI,Shipped
51927,1388,2025-06-11,Cash on Delivery,Delivered
51928,1941,2025-03-27,Credit Card,Returned
51929,1660,2024-08-22,Debit Card,Delivered
51930,1429,2024-08-15,Credit Card,Delivered
51931,1029,2025-03-02,Credit Card,Delivered
51932,1016,2024-05-05,Debit Card,Delivered
51933,1222,2025-08-31,UPI,Delivered
51934,1237,2025-09-26,UPI,Delivered
51935,1722,2024-01-19,Cash on Delivery,Delivered
51936,1501,2025-12-09,Net Banking,Delivered
51937,2000,2024-01-18,Debit Card,Returned
51938,1541,2024-11-30,UPI,Delivered
51939,1904,2025-05-02,UPI,Delivered
51940,1553,2024-08-26,UPI,Shipped
51941,1359,2024-05-28,Cash on Delivery,Delivered
51942,1715,2024-02-04,Net Banking,Processing
51943,1450,2025-06-14,Credit Card,Cancelled
51944,1275,2024-01-27,Cash on Delivery,Delivered
51945,1474,2024-12-19,UPI,Delivered
51946,1665,2024-10-13,Credit Card,Delivered
51947,1376,2025-12-07,UPI,Delivered
51948,1705,2025-11-10,UPI,Delivered
51949,1981,2025-08-19,Cash on Delivery,Delivered
51950,1412,2025-06-17,Net Banking,Cancelled
51951,1296,2025-01-31,UPI,Delivered
51952,1403,2024-09-11,UPI,Delivered
51953,1839,2024-05-01,Credit Card,Delivered
51954,1179,2025-12-07,UPI,Returned
51955,1974,2024-10-07,Credit Card,Delivered
51956,1414,2024-11-08,Credit Card,Shipped
51957,1842,2024-04-13,UPI,Shipped
51958,1787,2024-07-21,UPI,Delivered
51959,1784,2025-04-08,UPI,Delivered
51960,1909,2024-11-07,Cash on Delivery,Delivered
51961,1185,2025-03-03,Credit Card,Delivered
51962,1594,2024-06-03,Credit Card,Delivered
51963,1100,2024-02-29,UPI,Delivered
51964,1300,2025-10-08,Debit Card,Returned
51965,1041,2024-11-11,UPI,Delivered
51966,1683,2024-09-20,UPI,Delivered
51967,1608,2024-07-27,Debit Card,Delivered
51968,1741,2025-04-25,Debit Card,Delivered
51969,1177,2025-02-15,UPI,Delivered
51970,1333,2024-10-11,UPI,Delivered
51971,1677,2025-11-10,Cash on Delivery,Delivered
51972,1827,2025-10-20,UPI,Delivered
51973,1886,2024-05-24,UPI,Delivered
51974,1074,2025-04-13,Credit Card,Delivered
51975,1403,2025-12-07,UPI,Delivered
51976,1011,2024-12-22,Debit Card,Delivered
51977,1819,2024-01-23,Debit Card,Delivered
51978,1123,2024-04-06,Credit Card,Processing
51979,1823,2025-05-02,Debit Card,Delivered
51980,1157,2025-10-20,Credit Card,Delivered
51981,1016,2024-04-03,Debit Card,Shipped
51982,1879,2025-02-03,UPI,Delivered
51983,1439,2024-12-28,UPI,Cancelled
51984,1425,2024-07-27,Debit Card,Delivered
51985,1647,2025-04-06,UPI,Delivered
51986,1275,2025-10-02,UPI,Delivered
51987,1691,2024-06-23,UPI,Delivered
51988,1430,2024-02-09,Debit Card,Processing
51989,1273,2024-09-19,UPI,Cancelled
51990,1395,2024-08-17,Debit Card,Delivered
51991,1007,2025-06-14,Debit Card,Delivered
51992,1302,2025-01-26,Debit Card,Delivered
51993,1592,2024-01-14,UPI,Delivered
51994,1138,2024-09-05,Net Banking,Delivered
51995,1119,2025-06-20,UPI,Cancelled
51996,1656,2024-12-14,Cash on Delivery,Delivered
51997,1429,2025-02-14,Debit Card,Delivered
51998,1137,2024-07-11,UPI,Delivered
51999,1748,2024-08-21,Net Banking,Returned
52000,1776,2024-04-04,Credit Card,Cancelled
52001,1035,2024-02-29,Credit Card,Delivered
52002,1202,2024-01-27,Credit Card,Delivered
52003,1371,2025-03-31,Debit Card,Shipped
52004,1732,2024-04-25,Debit Card,Delivered
52005,1075,2025-02-22,Cash on Delivery,Returned
52006,1806,2025-11-26,UPI,Processing
52007,1320,2025-05-23,Debit Card,Delivered
52008,1126,2025-02-24,Debit Card,Delivered
52009,1864,2024-03-26,Debit Card,Delivered
52010,1087,2024-12-22,Credit Card,Returned
52011,1130,2025-10-12,Credit Card,Delivered
52012,1950,2024-10-07,Debit Card,Processing
52013,1520,2025-08-26,UPI,Delivered
52014,1464,2025-06-01,UPI,Returned
52015,1688,2024-07-13,Credit Card,Delivered
52016,1631,2024-04-13,UPI,Delivered
52017,1614,2024-01-13,UPI,Delivered
52018,1024,2024-07-20,UPI,Delivered
52019,1552,2024-08-31,Debit Card,Delivered
52020,1279,2025-04-23,Cash on Delivery,Cancelled
52021,1808,2025-02-21,Credit Card,Delivered
52022,1506,2024-12-15,UPI,Cancelled
52023,1124,2025-06-11,Net Banking,Delivered
52024,1887,2025-07-16,UPI,Delivered
52025,1285,2025-06-04,Cash on Delivery,Returned
52026,1272,2025-10-16,Credit Card,Delivered
52027,1937,2024-09-19,UPI,Processing
52028,1776,2025-08-24,Credit Card,Returned
52029,1860,2024-11-03,UPI,Delivered
52030,1663,2024-05-14,Debit Card,Shipped
52031,1911,2024-04-16,UPI,Delivered
52032,1116,2024-03-07,Net Banking,Delivered
52033,1600,2025-11-28,Debit Card,Delivered
52034,1294,2024-05-03,Net Banking,Shipped
52035,1399,2025-09-01,Cash on Delivery,Delivered
52036,1238,2025-07-25,UPI,Delivered
52037,1206,2024-11-16,Credit Card,Cancelled
52038,1443,2025-10-29,Net Banking,Delivered
52039,1919,2025-10-25,UPI,Cancelled
52040,1636,2025-11-06,UPI,Delivered
52041,1350,2024-12-28,UPI,Delivered
52042,1434,2024-08-05,UPI,Delivered
52043,1530,2024-02-01,Net Banking,Delivered
52044,1245,2025-09-05,Credit Card,Delivered
52045,1522,2025-09-29,Debit Card,Delivered
52046,1696,2025-01-26,Cash on Delivery,Shipped
52047,1244,2024-02-21,UPI,Delivered
52048,1585,2025-08-23,Debit Card,Delivered
52049,1709,2024-08-05,UPI,Delivered
52050,1520,2025-02-04,UPI,Delivered
52051,1292,2025-04-26,UPI,Delivered
52052,1555,2024-04-16,UPI,Delivered
52053,1794,2024-02-15,Credit Card,Shipped
52054,1222,2024-02-27,Credit Card,Cancelled
52055,1575,2025-12-01,UPI,Shipped
52056,1681,2025-11-29,UPI,Delivered
52057,1322,2024-11-07,Debit Card,Delivered
52058,1388,2024-11-06,UPI,Delivered
52059,1889,2024-10-23,Net Banking,Delivered
52060,1364,2024-09-12,Cash on Delivery,Delivered
52061,1599,2025-01-31,Debit Card,Cancelled
52062,1150,2024-09-17,Credit Card,Delivered
52063,1926,2025-03-25,Debit Card,Delivered
52064,1597,2024-10-03,Debit Card,Delivered
52065,1761,2025-04-04,Cash on Delivery,Cancelled
52066,1603,2025-11-20,Cash on Delivery,Delivered
52067,1356,2024-05-30,Credit Card,Shipped
52068,1341,2024-02-15,Debit Card,Delivered
52069,1702,2025-01-19,Net Banking,Delivered
52070,1860,2024-03-27,UPI,Processing
52071,1128,2024-06-17,Credit Card,Delivered
52072,1846,2025-07-30,Debit Card,Delivered
52073,1831,2024-11-01,Debit Card,Delivered
52074,1110,2025-02-05,UPI,Delivered
52075,1109,2025-07-20,UPI,Delivered
52076,1696,2024-04-03,UPI,Processing
52077,1843,2024-12-15,Credit Card,Shipped
52078,1394,2024-01-26,Cash on Delivery,Delivered
52079,1641,2024-12-30,Cash on Delivery,Delivered
52080,2000,2024-06-12,UPI,Delivered
52081,1323,2025-10-27,UPI,Delivered
52082,1226,2024-07-09,Net Banking,Delivered
52083,1992,2024-05-26,Debit Card,Delivered
52084,1281,2024-01-11,Credit Card,Cancelled
52085,1473,2024-04-07,Credit Card,Delivered
52086,1443,2024-06-06,UPI,Delivered
52087,1524,2024-06-15,Net Banking,Processing
52088,1269,2025-06-22,Debit Card,Delivered
52089,1680,2025-10-09,UPI,Delivered
52090,1692,2025-09-16,Cash on Delivery,Delivered
52091,1201,2025-11-29,Debit Card,Delivered
52092,1481,2025-10-17,Cash on Delivery,Delivered
52093,1058,2024-11-28,Credit Card,Delivered
52094,1221,2024-10-11,Credit Card,Delivered
52095,1988,2025-04-18,Cash on Delivery,Delivered
52096,1507,2024-08-21,Cash on Delivery,Delivered
52097,1623,2025-03-16,Cash on Delivery,Delivered
52098,1889,2025-12-30,Net Banking,Delivered
52099,1714,2024-05-24,Credit Card,Delivered
52100,1793,2025-07-15,UPI,Delivered
52101,1713,2025-11-13,Credit Card,Delivered
52102,1499,2025-01-27,Cash on Delivery,Delivered
52103,1633,2024-09-16,UPI,Delivered
52104,1289,2024-07-04,Debit Card,Delivered
52105,1891,2024-05-02,Cash on Delivery,Delivered
52106,1180,2024-08-22,Cash on Delivery,Processing
52107,1885,2025-06-28,Cash on Delivery,Delivered
52108,1879,2025-01-11,Credit Card,Delivered
52109,1143,2024-06-10,Credit Card,Delivered
52110,1711,2025-01-30,Cash on Delivery,Delivered
52111,1990,2025-08-13,UPI,Delivered
52112,1573,2024-01-10,UPI,Delivered
52113,1341,2024-01-16,Cash on Delivery,Delivered
52114,1880,2025-12-01,Debit Card,Returned
52115,1513,2025-06-30,Credit Card,Delivered
52116,1122,2025-02-24,UPI,Shipped
52117,1250,2025-10-23,Credit Card,Delivered
52118,1683,2025-03-06,Cash on Delivery,Delivered
52119,1456,2025-01-15,Debit Card,Delivered
52120,1217,2024-06-03,Credit Card,Delivered
52121,1800,2025-08-14,Credit Card,Delivered
52122,1121,2025-07-12,Cash on Delivery,Delivered
52123,1220,2024-08-03,Cash on Delivery,Delivered
52124,1466,2025-06-22,Credit Card,Delivered
52125,1040,2025-06-14,Debit Card,Delivered
52126,1388,2024-03-10,UPI,Delivered
52127,1910,2024-04-27,Credit Card,Delivered
52128,1942,2025-03-10,UPI,Processing
52129,1872,2025-03-31,Credit Card,Delivered
52130,1324,2025-04-25,Credit Card,Returned
52131,1065,2024-09-29,UPI,Delivered
52132,1815,2025-09-01,UPI,Delivered
52133,1374,2024-11-21,UPI,Delivered
52134,1749,2024-05-30,UPI,Delivered
52135,1120,2024-03-25,Debit Card,Delivered
52136,1668,2025-10-02,UPI,Delivered
52137,1587,2025-05-31,UPI,Delivered
52138,1921,2024-12-02,Cash on Delivery,Delivered
52139,1102,2024-06-01,UPI,Delivered
52140,1408,2024-03-11,Cash on Delivery,Delivered
52141,1990,2024-04-21,Debit Card,Delivered
52142,1390,2024-03-18,Debit Card,Returned
52143,1659,2025-01-21,Credit Card,Delivered
52144,1161,2024-05-24,UPI,Delivered
52145,1729,2024-04-03,Net Banking,Delivered
52146,1276,2024-07-25,Net Banking,Delivered
52147,1573,2025-05-25,UPI,Cancelled
52148,1880,2024-12-28,Debit Card,Delivered
52149,1662,2024-04-22,Credit Card,Delivered
52150,1475,2025-06-30,Cash on Delivery,Delivered
52151,1191,2024-12-23,Net Banking,Delivered
52152,1342,2024-05-16,UPI,Delivered
52153,1850,2025-05-19,Net Banking,Delivered
52154,1217,2025-12-25,Cash on Delivery,Delivered
52155,1657,2025-01-29,Debit Card,Delivered
52156,1485,2024-04-27,UPI,Cancelled
52157,1321,2024-08-13,Net Banking,Shipped
52158,1717,2025-03-13,Debit Card,Delivered
52159,1363,2025-12-30,UPI,Delivered
52160,1287,2025-11-09,Cash on Delivery,Delivered
52161,1530,2025-11-12,Credit Card,Delivered
52162,1758,2025-08-30,Net Banking,Delivered
52163,1865,2025-02-23,Debit Card,Delivered
52164,1630,2025-04-17,UPI,Delivered
52165,1662,2025-06-19,Cash on Delivery,Delivered
52166,1788,2025-06-06,Credit Card,Delivered
52167,1270,2025-04-11,Credit Card,Delivered
52168,1251,2024-04-07,Credit Card,Delivered
52169,1484,2025-10-04,UPI,Delivered
52170,1632,2024-01-08,Debit Card,Returned
52171,1646,2024-11-06,Credit Card,Delivered
52172,1154,2024-11-12,Cash on Delivery,Delivered
52173,1781,2025-12-28,Cash on Delivery,Cancelled
52174,1364,2024-03-06,Debit Card,Delivered
52175,1878,2024-12-13,UPI,Returned
52176,1725,2024-09-18,Debit Card,Returned
52177,1983,2024-03-12,UPI,Shipped
52178,1632,2024-06-12,Net Banking,Returned
52179,1528,2024-11-04,Credit Card,Delivered
52180,1188,2025-10-30,Cash on Delivery,Delivered
52181,1399,2024-10-10,UPI,Cancelled
52182,1859,2025-10-04,UPI,Shipped
52183,1383,2025-06-19,Cash on Delivery,Delivered
52184,1054,2025-08-20,Credit Card,Delivered
52185,1246,2025-09-15,Net Banking,Delivered
52186,1596,2025-06-05,Cash on Delivery,Processing
52187,1630,2025-06-19,Credit Card,Delivered
52188,1984,2024-04-22,Credit Card,Delivered
52189,1934,2025-06-07,Credit Card,Delivered
52190,1532,2024-02-05,Net Banking,Delivered
52191,1555,2025-06-22,Cash on Delivery,Returned
52192,1801,2025-04-22,UPI,Delivered
52193,1049,2025-07-06,Debit Card,Delivered
52194,1596,2025-04-13,UPI,Delivered
52195,1475,2024-09-26,Debit Card,Shipped
52196,1784,2024-09-26,Net Banking,Delivered
52197,1801,2025-03-11,Cash on Delivery,Delivered
52198,1656,2024-12-11,Credit Card,Delivered
52199,1658,2024-09-05,UPI,Processing
52200,1692,2024-12-23,UPI,Delivered
52201,1581,2025-01-26,UPI,Delivered
52202,1228,2024-06-24,UPI,Delivered
52203,1285,2025-04-10,Net Banking,Returned
52204,1742,2024-08-17,Credit Card,Delivered
52205,1619,2024-07-14,UPI,Delivered
52206,1238,2024-11-01,Debit Card,Returned
52207,1878,2024-03-16,UPI,Processing
52208,1981,2025-03-16,UPI,Delivered
52209,1627,2025-06-19,Cash on Delivery,Delivered
52210,1228,2025-11-28,UPI,Delivered
52211,1939,2024-07-26,Credit Card,Delivered
52212,1237,2025-01-28,Credit Card,Delivered
52213,1433,2025-01-02,UPI,Delivered
52214,1859,2025-06-17,UPI,Delivered
52215,1521,2025-04-01,UPI,Delivered
52216,1243,2025-08-12,UPI,Cancelled
52217,1081,2025-09-12,Cash on Delivery,Delivered
52218,1361,2024-03-23,Credit Card,Shipped
52219,1673,2024-09-16,Credit Card,Delivered
52220,1715,2025-04-21,Credit Card,Delivered
52221,1223,2025-01-31,Cash on Delivery,Delivered
52222,1159,2024-12-17,UPI,Delivered
52223,1702,2024-05-06,Net Banking,Delivered
52224,1160,2025-02-21,UPI,Delivered
52225,1065,2025-06-24,Cash on Delivery,Delivered
52226,1487,2024-01-29,UPI,Delivered
52227,1571,2025-03-07,UPI,Delivered
52228,1244,2025-10-23,Credit Card,Delivered
52229,1212,2025-02-22,UPI,Delivered
52230,1236,2025-11-26,Debit Card,Delivered
52231,1343,2024-09-14,Debit Card,Delivered
52232,1010,2024-01-03,Debit Card,Delivered
52233,1012,2025-05-12,UPI,Delivered
52234,1371,2024-06-04,Debit Card,Processing
52235,1020,2024-01-08,UPI,Delivered
52236,1319,2024-05-11,Cash on Delivery,Delivered
52237,1581,2025-11-12,Debit Card,Delivered
52238,1032,2025-07-24,Credit Card,Delivered
52239,1618,2024-07-19,Net Banking,Delivered
52240,1622,2025-03-12,Credit Card,Delivered
52241,1574,2024-09-04,Credit Card,Delivered
52242,1627,2024-05-09,UPI,Returned
52243,1810,2025-12-22,Debit Card,Delivered
52244,1071,2025-08-17,UPI,Delivered
52245,1169,2024-09-22,UPI,Cancelled
52246,1318,2024-09-15,Net Banking,Delivered
52247,1689,2025-08-18,UPI,Delivered
52248,1873,2024-12-02,Debit Card,Delivered
52249,1919,2024-10-02,UPI,Delivered
52250,1583,2024-10-09,Credit Card,Returned
52251,1411,2024-11-22,Net Banking,Delivered
52252,1412,2025-01-15,UPI,Delivered
52253,1060,2024-01-30,Debit Card,Delivered
52254,1466,2024-12-16,Debit Card,Delivered
52255,1513,2024-11-17,Net Banking,Delivered
52256,1209,2024-07-19,UPI,Delivered
52257,1768,2024-09-16,Net Banking,Delivered
52258,1812,2024-11-05,Credit Card,Delivered
52259,1303,2024-09-24,Credit Card,Processing
52260,1915,2025-10-25,UPI,Processing
52261,1108,2025-01-20,Credit Card,Shipped
52262,1911,2025-01-02,Credit Card,Delivered
52263,1769,2024-07-10,UPI,Shipped
52264,1224,2025-10-30,Credit Card,Cancelled
52265,1651,2024-01-17,Debit Card,Delivered
52266,1311,2025-02-05,Credit Card,Delivered
52267,1800,2024-05-03,UPI,Delivered
52268,1161,2025-07-15,UPI,Returned
52269,1245,2024-10-03,Credit Card,Cancelled
52270,1308,2024-08-02,Debit Card,Shipped
52271,1200,2024-02-12,Cash on Delivery,Delivered
52272,1333,2025-07-31,Credit Card,Cancelled
52273,1603,2024-10-16,Debit Card,Delivered
52274,1634,2024-07-11,UPI,Delivered
52275,1554,2025-09-08,Cash on Delivery,Delivered
52276,1190,2024-01-15,UPI,Shipped
52277,1203,2024-12-08,UPI,Processing
52278,1920,2024-04-27,UPI,Delivered
52279,1252,2024-04-02,UPI,Delivered
52280,1104,2024-01-16,Net Banking,Delivered
52281,1454,2024-05-16,UPI,Delivered
52282,1007,2025-11-22,UPI,Processing
52283,1343,2024-11-21,UPI,Delivered
52284,1855,2025-12-30,Cash on Delivery,Delivered
52285,1268,2024-07-14,Net Banking,Delivered
52286,1704,2025-07-10,Cash on Delivery,Delivered
52287,1490,2024-03-06,Net Banking,Processing
52288,1356,2024-03-19,Cash on Delivery,Delivered
52289,1662,2024-01-12,Credit Card,Delivered
52290,1596,2025-10-18,UPI,Cancelled
52291,1319,2025-05-05,UPI,Delivered
52292,1224,2025-06-26,UPI,Delivered
52293,1917,2025-11-07,Debit Card,Delivered
52294,1169,2024-08-30,UPI,Returned
52295,1960,2025-06-11,UPI,Delivered
52296,1472,2025-01-01,Debit Card,Delivered
52297,1997,2025-01-31,UPI,Delivered
52298,1354,2025-04-28,UPI,Delivered
52299,1566,2024-12-09,UPI,Delivered
52300,1616,2024-01-18,Debit Card,Delivered
52301,1339,2024-02-24,UPI,Delivered
52302,1219,2025-01-01,UPI,Delivered
52303,1521,2025-02-20,UPI,Delivered
52304,1663,2025-06-18,Debit Card,Delivered
52305,1262,2025-02-21,UPI,Delivered
52306,1767,2024-05-17,UPI,Shipped
52307,1639,2024-09-24,Cash on Delivery,Delivered
52308,1167,2024-11-19,Net Banking,Processing
52309,1939,2025-12-19,UPI,Processing
52310,1044,2025-01-23,UPI,Cancelled
52311,1654,2025-04-08,UPI,Delivered
52312,1440,2025-06-20,Debit Card,Delivered
52313,1654,2024-09-21,UPI,Delivered
52314,1775,2025-12-05,Cash on Delivery,Delivered
52315,1688,2025-05-07,Net Banking,Delivered
52316,1651,2025-09-11,Credit Card,Delivered
52317,1841,2025-06-30,UPI,Delivered
52318,1702,2025-03-29,Cash on Delivery,Shipped
52319,1814,2024-01-23,Debit Card,Delivered
52320,1403,2025-03-02,Net Banking,Cancelled
52321,1203,2024-04-04,UPI,Shipped
52322,1235,2025-03-16,Debit Card,Delivered
52323,1613,2025-05-27,Net Banking,Delivered
52324,1532,2025-02-01,Cash on Delivery,Delivered
52325,1078,2024-08-13,Credit Card,Cancelled
52326,1205,2024-02-13,Credit Card,Delivered
52327,1968,2025-05-04,Credit Card,Delivered
52328,1727,2025-05-24,Debit Card,Delivered
52329,1755,2024-12-14,Cash on Delivery,Delivered
52330,1197,2025-06-06,Credit Card,Cancelled
52331,1065,2025-07-22,UPI,Cancelled
52332,1292,2025-01-09,UPI,Delivered
52333,1857,2024-02-04,Debit Card,Delivered
52334,1507,2025-09-27,Net Banking,Delivered
52335,1785,2024-12-06,UPI,Delivered
52336,1487,2025-05-05,Credit Card,Delivered
52337,1491,2025-10-26,Cash on Delivery,Delivered
52338,1601,2024-09-21,Credit Card,Shipped
52339,1959,2025-03-30,UPI,Cancelled
52340,1438,2024-01-15,UPI,Delivered
52341,1596,2025-10-08,Credit Card,Delivered
52342,1920,2024-02-13,UPI,Delivered
52343,1373,2025-01-30,Debit Card,Returned
52344,1840,2024-09-13,Credit Card,Shipped
52345,1536,2024-01-27,Debit Card,Delivered
52346,1880,2024-12-03,Debit Card,Delivered
52347,1468,2025-11-13,UPI,Delivered
52348,1630,2024-05-01,UPI,Delivered
52349,1324,2024-08-01,UPI,Delivered
52350,1636,2024-05-18,UPI,Delivered
52351,1327,2024-04-01,Debit Card,Delivered
52352,1610,2024-06-17,UPI,Delivered
52353,1789,2025-02-21,Debit Card,Delivered
52354,1435,2025-07-23,UPI,Delivered
52355,1430,2025-05-18,UPI,Delivered
52356,1323,2025-07-17,UPI,Delivered
52357,1731,2025-06-06,Credit Card,Cancelled
52358,1593,2024-10-06,Debit Card,Delivered
52359,1517,2025-10-19,Net Banking,Delivered
52360,1026,2024-05-05,UPI,Delivered
52361,1111,2025-05-25,Debit Card,Delivered
52362,1008,2024-03-21,Debit Card,Delivered
52363,1851,2025-07-12,UPI,Delivered
52364,1852,2024-03-04,UPI,Delivered
52365,1068,2024-06-06,UPI,Delivered
52366,1047,2024-10-12,UPI,Delivered
52367,1782,2025-05-21,Cash on Delivery,Delivered
52368,1525,2024-02-03,UPI,Delivered
52369,1309,2024-07-06,Credit Card,Delivered
52370,1615,2024-08-31,Debit Card,Delivered
52371,1237,2025-06-17,UPI,Delivered
52372,1199,2025-12-02,Debit Card,Delivered
52373,1368,2025-03-24,UPI,Delivered
52374,1896,2025-01-05,Credit Card,Shipped
52375,1768,2024-09-02,UPI,Delivered
52376,1191,2025-08-23,UPI,Delivered
52377,1562,2024-03-19,UPI,Returned
52378,1885,2024-04-04,Debit Card,Processing
52379,1952,2024-05-26,Debit Card,Delivered
52380,1763,2024-07-14,Debit Card,Cancelled
52381,1129,2024-12-02,UPI,Delivered
52382,1241,2025-11-21,Cash on Delivery,Processing
52383,1219,2025-04-19,UPI,Delivered
52384,1151,2024-10-06,Net Banking,Delivered
52385,1176,2024-06-03,Debit Card,Returned
52386,1317,2025-04-18,Credit Card,Delivered
52387,1556,2024-07-03,Credit Card,Shipped
52388,1398,2025-12-13,Debit Card,Delivered
52389,1421,2024-12-14,Debit Card,Delivered
52390,1246,2025-02-06,UPI,Cancelled
52391,1152,2025-10-21,Net Banking,Delivered
52392,1999,2024-08-10,UPI,Processing
52393,1599,2024-12-10,Credit Card,Processing
52394,1230,2025-01-23,Debit Card,Delivered
52395,1810,2024-07-16,Net Banking,Delivered
52396,1831,2024-02-09,Credit Card,Delivered
52397,1967,2024-07-26,UPI,Delivered
52398,1160,2024-03-23,Credit Card,Delivered
52399,1640,2025-05-08,UPI,Delivered
52400,1981,2024-01-06,Credit Card,Shipped
52401,1807,2024-08-19,Credit Card,Delivered
52402,1226,2025-10-07,Net Banking,Delivered
52403,1894,2025-02-19,UPI,Delivered
52404,1422,2025-05-05,UPI,Delivered
52405,1489,2025-05-03,Credit Card,Delivered
52406,1559,2024-08-05,UPI,Delivered
52407,1772,2025-04-06,UPI,Delivered
52408,1121,2024-06-10,UPI,Delivered
52409,1540,2025-04-08,Credit Card,Shipped
52410,1817,2025-05-13,UPI,Shipped
52411,1549,2025-10-01,Credit Card,Delivered
52412,1275,2025-11-02,Net Banking,Processing
52413,1057,2024-01-18,Credit Card,Cancelled
52414,1550,2024-08-06,UPI,Delivered
52415,1704,2025-02-03,UPI,Cancelled
52416,1550,2024-08-22,UPI,Delivered
52417,1980,2025-03-27,Credit Card,Delivered
52418,1603,2025-09-15,Debit Card,Delivered
52419,1509,2024-07-07,UPI,Shipped
52420,1056,2025-10-14,UPI,Shipped
52421,1559,2025-10-05,UPI,Returned
52422,1169,2025-10-29,UPI,Returned
52423,1725,2024-02-23,Cash on Delivery,Delivered
52424,1162,2024-08-02,UPI,Delivered
52425,1907,2024-03-31,UPI,Delivered
52426,1303,2024-03-28,UPI,Delivered
52427,1434,2024-02-08,UPI,Delivered
52428,1145,2024-11-17,UPI,Cancelled
52429,1211,2024-03-04,Credit Card,Delivered
52430,1922,2024-08-03,UPI,Delivered
52431,1284,2025-12-17,UPI,Returned
52432,1513,2025-10-07,Debit Card,Shipped
52433,1982,2025-11-15,Credit Card,Delivered
52434,1624,2024-01-27,UPI,Delivered
52435,1042,2025-04-27,Net Banking,Delivered
52436,1358,2025-04-07,UPI,Delivered
52437,1387,2024-04-06,Cash on Delivery,Delivered
52438,1277,2025-10-23,Cash on Delivery,Delivered
52439,1242,2024-10-22,Credit Card,Delivered
52440,1504,2025-12-13,UPI,Delivered
52441,1378,2024-03-24,Net Banking,Delivered
52442,1295,2025-04-19,UPI,Delivered
52443,1413,2024-04-05,UPI,Delivered
52444,1344,2025-11-24,Credit Card,Delivered
52445,1229,2025-03-19,Credit Card,Delivered
52446,1453,2024-02-25,Net Banking,Delivered
52447,1943,2024-06-05,Debit Card,Delivered
52448,1506,2024-09-19,Net Banking,Returned
52449,1598,2024-01-10,Debit Card,Delivered
52450,1985,2024-01-07,Debit Card,Delivered
52451,1614,2025-11-06,Credit Card,Delivered
52452,1224,2025-12-17,Cash on Delivery,Delivered
52453,1399,2025-01-26,Cash on Delivery,Delivered
52454,1488,2025-10-20,Net Banking,Delivered
52455,1475,2025-04-23,Debit Card,Processing
52456,1150,2024-01-21,Credit Card,Delivered
52457,1106,2025-06-05,UPI,Delivered
52458,1350,2024-01-14,Net Banking,Delivered
52459,1915,2025-08-19,UPI,Cancelled
52460,1718,2024-09-24,UPI,Cancelled
52461,1842,2024-04-13,Credit Card,Delivered
52462,1175,2024-07-07,Credit Card,Delivered
52463,1415,2025-05-13,Credit Card,Processing
52464,1582,2025-09-10,UPI,Returned
52465,1435,2025-02-20,UPI,Delivered
52466,1417,2024-04-27,UPI,Returned
52467,1360,2025-10-19,UPI,Delivered
52468,1052,2025-07-31,UPI,Delivered
52469,1858,2024-10-26,Debit Card,Delivered
52470,1934,2025-02-08,UPI,Delivered
52471,1081,2025-12-04,UPI,Shipped
52472,1414,2024-10-02,UPI,Delivered
52473,1518,2024-01-19,Credit Card,Delivered
52474,1784,2024-04-16,Net Banking,Delivered
52475,1987,2025-03-14,UPI,Delivered
52476,1417,2025-12-29,UPI,Delivered
52477,1749,2025-06-24,Debit Card,Delivered
52478,1938,2025-03-27,UPI,Delivered
52479,1831,2024-08-23,Net Banking,Delivered
52480,1291,2024-11-16,Cash on Delivery,Delivered
52481,1818,2024-01-29,Debit Card,Delivered
52482,1413,2024-09-27,Cash on Delivery,Delivered
52483,1018,2025-03-31,Credit Card,Cancelled
52484,1759,2025-10-23,Credit Card,Delivered
52485,1836,2025-11-04,UPI,Delivered
52486,1344,2025-08-22,UPI,Delivered
52487,1451,2024-01-16,UPI,Delivered
52488,1365,2025-08-15,Credit Card,Processing
52489,1118,2024-06-08,Credit Card,Delivered
52490,1995,2025-03-25,UPI,Delivered
52491,1023,2025-11-21,Debit Card,Delivered
52492,1556,2025-10-10,UPI,Delivered
52493,1015,2025-04-30,UPI,Delivered
52494,1690,2024-08-06,UPI,Delivered
52495,1901,2025-01-15,Debit Card,Delivered
52496,1644,2025-05-28,Credit Card,Delivered
52497,1607,2025-01-10,Debit Card,Delivered
52498,1828,2024-10-22,UPI,Shipped
52499,1975,2024-10-21,Credit Card,Returned
52500,1862,2025-03-13,Cash on Delivery,Delivered
52501,1232,2024-01-27,UPI,Delivered
52502,1564,2025-12-29,Credit Card,Delivered
52503,1819,2024-03-15,UPI,Delivered
52504,1295,2025-12-19,UPI,Processing
52505,1676,2024-01-26,Credit Card,Delivered
52506,1023,2025-01-09,UPI,Delivered
52507,1878,2024-10-31,Credit Card,Delivered
52508,1615,2025-02-22,Cash on Delivery,Delivered
52509,1744,2024-11-12,UPI,Delivered
52510,1826,2025-10-17,UPI,Cancelled
52511,1219,2024-01-13,Net Banking,Delivered
52512,1451,2025-12-20,Credit Card,Delivered
52513,1859,2025-05-18,Cash on Delivery,Processing
52514,1165,2025-07-22,UPI,Delivered
52515,1823,2024-04-12,Debit Card,Delivered
52516,1289,2024-02-17,Cash on Delivery,Delivered
52517,1576,2024-10-16,UPI,Delivered
52518,1510,2024-08-23,Net Banking,Delivered
52519,1687,2025-07-25,Debit Card,Delivered
52520,1837,2025-10-16,Net Banking,Delivered
52521,1349,2024-11-08,UPI,Delivered
52522,1172,2025-07-14,Credit Card,Delivered
52523,1423,2024-02-13,UPI,Processing
52524,1613,2025-06-25,Cash on Delivery,Delivered
52525,1751,2024-03-13,UPI,Delivered
52526,1754,2025-05-02,UPI,Shipped
52527,1340,2024-10-05,Cash on Delivery,Delivered
52528,1937,2024-10-30,UPI,Delivered
52529,1084,2024-07-20,Credit Card,Delivered
52530,1117,2024-10-21,UPI,Delivered
52531,1025,2025-09-30,Debit Card,Returned
52532,1927,2025-08-13,UPI,Delivered
52533,1181,2024-09-05,Credit Card,Processing
52534,1602,2024-08-02,Credit Card,Delivered
52535,1813,2025-01-06,UPI,Delivered
52536,1767,2025-05-14,UPI,Delivered
52537,1949,2024-05-13,UPI,Delivered
52538,1054,2025-06-14,Debit Card,Delivered
52539,1408,2025-11-23,UPI,Delivered
52540,1507,2025-09-08,UPI,Delivered
52541,1697,2025-02-04,UPI,Shipped
52542,1623,2024-08-21,Credit Card,Processing
52543,1560,2024-08-24,Debit Card,Delivered
52544,1307,2025-06-25,Credit Card,Returned
52545,1107,2024-11-28,Net Banking,Delivered
52546,1432,2024-03-18,Debit Card,Delivered
52547,1260,2025-05-09,Net Banking,Delivered
52548,1555,2024-04-10,Debit Card,Delivered
52549,1798,2025-12-21,UPI,Delivered
52550,1553,2024-10-31,Cash on Delivery,Delivered
52551,1584,2024-09-06,Net Banking,Processing
52552,1042,2024-02-10,Credit Card,Delivered
52553,1645,2024-05-02,UPI,Shipped
52554,1440,2025-11-22,UPI,Delivered
52555,1124,2025-01-27,Debit Card,Delivered
52556,1214,2025-10-20,Credit Card,Delivered
52557,1781,2025-11-28,Debit Card,Delivered
52558,1917,2024-02-05,UPI,Delivered
52559,1508,2024-10-04,Credit Card,Delivered
52560,1977,2025-09-03,UPI,Delivered
52561,1181,2024-12-27,UPI,Delivered
52562,1300,2025-01-06,UPI,Delivered
52563,1931,2025-02-20,Net Banking,Delivered
52564,1176,2025-05-27,Credit Card,Cancelled
52565,1660,2025-11-16,Cash on Delivery,Delivered
52566,1220,2025-10-09,Debit Card,Delivered
52567,1332,2025-04-01,Debit Card,Delivered
52568,1478,2025-02-25,Credit Card,Delivered
52569,1360,2024-09-20,Net Banking,Delivered
52570,1875,2024-03-25,Cash on Delivery,Delivered
52571,1973,2025-06-01,Debit Card,Returned
52572,1501,2024-01-02,UPI,Delivered
52573,1526,2025-05-24,Debit Card,Delivered
52574,1056,2024-12-28,UPI,Delivered
52575,1235,2025-07-28,UPI,Delivered
52576,1040,2025-11-23,Debit Card,Delivered
52577,1857,2025-02-07,Net Banking,Delivered
52578,1228,2025-02-22,UPI,Delivered
52579,1341,2024-12-21,UPI,Delivered
52580,1843,2024-09-29,Cash on Delivery,Delivered
52581,1714,2024-03-05,UPI,Delivered
52582,1622,2024-01-23,UPI,Delivered
52583,1039,2025-06-11,Debit Card,Shipped
52584,1563,2025-10-29,Net Banking,Processing
52585,1561,2024-02-09,Credit Card,Delivered
52586,1319,2024-08-26,Credit Card,Delivered
52587,1745,2025-03-19,UPI,Delivered
52588,1930,2025-05-29,UPI,Cancelled
52589,1260,2025-06-20,Debit Card,Delivered
52590,1332,2025-05-21,Net Banking,Delivered
52591,1323,2024-03-02,UPI,Delivered
52592,1835,2024-07-04,UPI,Processing
52593,1078,2024-12-08,UPI,Delivered
52594,1896,2024-02-16,UPI,Shipped
52595,1776,2024-09-07,UPI,Delivered
52596,1484,2024-10-08,UPI,Delivered
52597,1584,2025-12-15,Net Banking,Delivered
52598,1895,2024-08-19,UPI,Delivered
52599,1770,2025-12-10,Debit Card,Delivered
52600,1277,2025-05-26,Credit Card,Delivered
52601,1051,2025-05-20,Net Banking,Delivered
52602,1659,2025-08-21,Cash on Delivery,Delivered
52603,1146,2025-09-06,UPI,Delivered
52604,1088,2024-06-11,UPI,Delivered
52605,1983,2024-11-03,Debit Card,Delivered
52606,1474,2025-01-20,UPI,Delivered
52607,1651,2025-12-14,UPI,Shipped
52608,1218,2024-01-30,UPI,Processing
52609,1102,2024-12-14,Cash on Delivery,Processing
52610,1063,2024-06-05,UPI,Delivered
52611,1355,2024-05-30,Credit Card,Delivered
52612,1004,2025-07-10,Credit Card,Processing
52613,1421,2024-05-27,Debit Card,Delivered
52614,1325,2025-08-02,UPI,Delivered
52615,1527,2025-12-26,Net Banking,Delivered
52616,1590,2025-07-20,Debit Card,Delivered
52617,1309,2024-05-04,Credit Card,Delivered
52618,1456,2024-04-13,UPI,Returned
52619,1079,2024-11-15,Net Banking,Delivered
52620,1302,2025-02-06,Debit Card,Delivered
52621,1979,2025-07-22,Credit Card,Delivered
52622,1992,2024-11-04,UPI,Shipped
52623,1486,2024-05-01,UPI,Delivered
52624,1940,2025-12-24,UPI,Cancelled
52625,1502,2025-10-22,UPI,Delivered
52626,1126,2025-04-22,UPI,Shipped
52627,1868,2025-05-22,UPI,Shipped
52628,1416,2025-11-13,Net Banking,Delivered
52629,1613,2024-12-12,Net Banking,Delivered
52630,1649,2024-04-16,Net Banking,Delivered
52631,1309,2025-03-18,Debit Card,Shipped
52632,1734,2024-11-25,Debit Card,Shipped
52633,1502,2025-08-06,UPI,Delivered
52634,1367,2025-07-17,Debit Card,Delivered
52635,1298,2024-12-10,UPI,Returned
52636,1747,2024-09-25,Credit Card,Cancelled
52637,1250,2024-11-04,Cash on Delivery,Delivered
52638,1125,2025-04-06,Net Banking,Returned
52639,1882,2025-04-10,UPI,Delivered
52640,1332,2025-01-08,Debit Card,Delivered
52641,1642,2025-01-23,UPI,Delivered
52642,1717,2025-12-25,UPI,Delivered
52643,1839,2024-07-04,UPI,Delivered
52644,1626,2024-05-06,UPI,Delivered
52645,1708,2025-08-06,Debit Card,Delivered
52646,1838,2025-11-13,UPI,Delivered
52647,1944,2025-03-20,UPI,Delivered
52648,1047,2024-10-20,Cash on Delivery,Shipped
52649,1744,2024-09-11,Credit Card,Returned
52650,1175,2024-12-07,Credit Card,Delivered
52651,1892,2024-02-08,Credit Card,Shipped
52652,1049,2025-01-20,Credit Card,Delivered
52653,1247,2024-07-15,Credit Card,Delivered
52654,1193,2024-07-12,Debit Card,Delivered
52655,1604,2025-02-13,Cash on Delivery,Delivered
52656,1005,2025-12-04,UPI,Shipped
52657,1018,2024-05-30,Credit Card,Delivered
52658,1505,2025-10-27,UPI,Delivered
52659,1972,2025-01-14,Net Banking,Delivered
52660,1529,2025-12-11,UPI,Delivered
52661,1446,2024-10-06,UPI,Delivered
52662,1658,2025-12-28,Cash on Delivery,Delivered
52663,1552,2025-04-26,Credit Card,Delivered
52664,1385,2025-05-03,UPI,Delivered
52665,1589,2025-02-15,UPI,Delivered
52666,1004,2024-11-25,UPI,Delivered
52667,1245,2025-01-18,Cash on Delivery,Delivered
52668,1674,2025-09-13,Credit Card,Delivered
52669,1342,2025-08-01,UPI,Delivered
52670,1055,2024-01-18,Credit Card,Delivered
52671,1125,2025-05-22,Credit Card,Processing
52672,1867,2025-09-01,UPI,Delivered
52673,1330,2025-06-27,Net Banking,Shipped
52674,1023,2024-12-29,UPI,Delivered
52675,1729,2024-09-01,Cash on Delivery,Delivered
52676,1531,2025-05-06,Net Banking,Delivered
52677,1452,2025-04-29,UPI,Delivered
52678,1895,2024-09-30,Debit Card,Delivered
52679,1314,2024-10-23,Debit Card,Delivered
52680,1573,2024-09-26,Debit Card,Delivered
52681,1745,2024-02-02,Credit Card,Delivered
52682,1609,2024-01-24,UPI,Delivered
52683,1208,2024-03-01,UPI,Shipped
52684,1682,2024-11-05,Debit Card,Processing
52685,1744,2025-01-07,UPI,Delivered
52686,1123,2024-10-25,UPI,Delivered
52687,1166,2025-11-28,Credit Card,Delivered
52688,1675,2024-06-13,UPI,Processing
52689,1119,2024-10-13,Net Banking,Delivered
52690,1881,2024-06-29,Net Banking,Delivered
52691,1110,2024-08-06,Net Banking,Returned
52692,1975,2025-03-02,UPI,Delivered
52693,1672,2024-08-14,Credit Card,Delivered
52694,1444,2024-08-19,Net Banking,Processing
52695,1269,2025-05-04,UPI,Cancelled
52696,1345,2025-08-29,Debit Card,Delivered
52697,1749,2024-06-04,Credit Card,Delivered
52698,1754,2024-03-22,UPI,Delivered
52699,1209,2024-06-23,UPI,Delivered
52700,1543,2025-02-25,Debit Card,Delivered
52701,1993,2025-12-01,UPI,Delivered
52702,1258,2024-04-26,Net Banking,Delivered
52703,1694,2024-02-01,Credit Card,Delivered
52704,1173,2025-01-20,UPI,Returned
52705,1835,2025-12-24,Debit Card,Shipped
52706,1171,2025-02-07,Credit Card,Delivered
52707,1298,2025-11-05,UPI,Delivered
52708,1460,2025-04-13,Cash on Delivery,Delivered
52709,1371,2024-01-24,Debit Card,Delivered
52710,1171,2024-11-08,Credit Card,Delivered
52711,1641,2025-07-16,Net Banking,Delivered
52712,1020,2025-01-06,Credit Card,Delivered
52713,1984,2024-05-22,Credit Card,Delivered
52714,1053,2024-05-12,UPI,Delivered
52715,1334,2025-04-29,UPI,Returned
52716,1930,2024-12-04,Credit Card,Delivered
52717,1156,2025-02-23,Credit Card,Delivered
52718,1073,2024-09-29,Debit Card,Delivered
52719,1744,2024-09-04,Credit Card,Processing
52720,1074,2025-05-01,Credit Card,Delivered
52721,1900,2024-01-06,Net Banking,Delivered
52722,1452,2024-11-13,Cash on Delivery,Delivered
52723,1870,2024-09-27,UPI,Delivered
52724,1246,2025-07-22,Cash on Delivery,Delivered
52725,1142,2025-06-15,Net Banking,Processing
52726,1963,2024-11-06,UPI,Delivered
52727,1763,2024-07-10,UPI,Delivered
52728,1911,2024-06-21,UPI,Delivered
52729,1320,2024-06-03,Debit Card,Delivered
52730,1405,2024-07-18,Credit Card,Delivered
52731,1578,2025-07-09,Credit Card,Delivered
52732,1449,2024-02-03,Debit Card,Processing
52733,1243,2024-01-20,UPI,Delivered
52734,1376,2025-01-29,Credit Card,Shipped
52735,1609,2024-06-12,Net Banking,Returned
52736,1038,2025-08-29,Cash on Delivery,Delivered
52737,1336,2025-07-03,Debit Card,Delivered
52738,1293,2025-07-15,UPI,Returned
52739,1071,2024-11-29,UPI,Shipped
52740,1123,2024-11-15,UPI,Delivered
52741,1496,2024-11-06,Credit Card,Processing
52742,1103,2024-05-23,UPI,Delivered
52743,1345,2025-02-18,Cash on Delivery,Delivered
52744,1561,2025-09-22,Debit Card,Delivered
52745,1874,2024-07-06,Credit Card,Delivered
52746,1099,2024-02-11,UPI,Delivered
52747,1435,2025-02-16,Credit Card,Delivered
52748,1103,2024-10-18,Credit Card,Delivered
52749,1429,2025-08-05,Debit Card,Shipped
52750,1481,2025-09-17,UPI,Delivered
52751,1800,2025-11-24,Net Banking,Delivered
52752,1443,2024-10-14,UPI,Delivered
52753,1936,2025-10-20,UPI,Delivered
52754,1138,2024-03-27,Cash on Delivery,Delivered
52755,1054,2024-09-29,UPI,Delivered
52756,1005,2024-07-13,UPI,Delivered
52757,1357,2025-11-04,Debit Card,Returned
52758,1193,2025-03-14,Credit Card,Delivered
52759,1092,2024-09-24,UPI,Delivered
52760,1236,2024-04-20,UPI,Processing
52761,1975,2025-07-25,UPI,Delivered
52762,1801,2025-04-23,Credit Card,Delivered
52763,1019,2025-09-14,UPI,Delivered
52764,1916,2024-11-15,Debit Card,Delivered
52765,1206,2024-04-19,Net Banking,Delivered
52766,1406,2024-09-01,UPI,Shipped
52767,1328,2025-03-28,UPI,Delivered
52768,1406,2024-06-24,UPI,Processing
52769,1761,2024-02-21,UPI,Delivered
52770,1713,2025-08-24,UPI,Delivered
52771,1595,2025-01-22,Net Banking,Delivered
52772,1627,2024-10-16,UPI,Delivered
52773,1728,2025-02-07,Credit Card,Delivered
52774,1185,2025-06-23,Debit Card,Delivered
52775,1396,2024-01-01,Net Banking,Delivered
52776,1108,2024-11-17,UPI,Delivered
52777,1705,2024-07-04,UPI,Delivered
52778,1438,2024-03-08,Cash on Delivery,Delivered
52779,1638,2024-01-27,UPI,Delivered
52780,1565,2024-11-17,Debit Card,Delivered
52781,1274,2025-02-01,Debit Card,Delivered
52782,1139,2025-01-05,Credit Card,Delivered
52783,1973,2025-07-25,UPI,Delivered
52784,1294,2024-11-30,UPI,Delivered
52785,1110,2025-03-06,Credit Card,Delivered
52786,1306,2025-08-18,Credit Card,Delivered
52787,1903,2025-04-24,Debit Card,Returned
52788,1262,2025-10-26,Debit Card,Shipped
52789,1987,2024-06-10,Cash on Delivery,Delivered
52790,1461,2025-07-28,Cash on Delivery,Delivered
52791,1862,2025-05-23,Debit Card,Delivered
52792,1654,2025-03-01,UPI,Delivered
52793,1044,2024-01-03,Credit Card,Delivered
52794,1510,2025-01-30,Debit Card,Delivered
52795,1417,2025-09-18,Credit Card,Delivered
52796,1202,2025-04-15,UPI,Delivered
52797,1550,2024-01-04,Credit Card,Delivered
52798,1103,2024-07-29,UPI,Delivered
52799,1699,2025-02-19,UPI,Shipped
52800,1822,2025-08-15,Net Banking,Returned
52801,1093,2024-11-20,Credit Card,Delivered
52802,1480,2025-09-17,Credit Card,Shipped
52803,1656,2025-08-03,Credit Card,Shipped
52804,1063,2024-07-14,Credit Card,Delivered
52805,1390,2024-05-22,UPI,Delivered
52806,1259,2025-10-21,Credit Card,Shipped
52807,1040,2025-03-06,UPI,Delivered
52808,1805,2025-09-11,Debit Card,Delivered
52809,1445,2025-11-04,UPI,Delivered
52810,1752,2024-11-05,Cash on Delivery,Delivered
52811,1588,2024-02-03,Debit Card,Delivered
52812,1876,2025-10-25,Credit Card,Returned
52813,1998,2025-03-02,UPI,Delivered
52814,1603,2024-03-28,Credit Card,Delivered
52815,1353,2025-01-21,Debit Card,Delivered
52816,1423,2024-01-21,Debit Card,Delivered
52817,1826,2024-07-30,Debit Card,Delivered
52818,1427,2024-09-10,Cash on Delivery,Delivered
52819,1520,2024-11-27,Credit Card,Delivered
52820,1195,2025-02-16,Debit Card,Delivered
52821,1991,2025-09-04,Credit Card,Cancelled
52822,1651,2024-09-13,Debit Card,Cancelled
52823,1331,2025-06-20,Credit Card,Delivered
52824,1586,2025-11-18,Debit Card,Delivered
52825,1402,2025-06-30,UPI,Delivered
52826,1155,2024-07-04,UPI,Cancelled
52827,1875,2025-05-09,UPI,Shipped
52828,1886,2024-07-24,Cash on Delivery,Delivered
52829,1835,2024-12-14,Credit Card,Processing
52830,1369,2025-04-08,UPI,Delivered
52831,1257,2024-08-02,Credit Card,Delivered
52832,1050,2024-01-03,Credit Card,Delivered
52833,1732,2025-09-03,Net Banking,Delivered
52834,1328,2025-06-15,Cash on Delivery,Delivered
52835,1893,2024-03-30,Net Banking,Delivered
52836,1870,2024-10-02,Net Banking,Shipped
52837,1129,2024-07-10,UPI,Cancelled
52838,1917,2025-12-14,UPI,Delivered
52839,1141,2025-11-18,Credit Card,Delivered
52840,1491,2025-05-19,Debit Card,Delivered
52841,1474,2024-11-17,UPI,Delivered
52842,1957,2024-02-08,Debit Card,Shipped
52843,1658,2024-06-29,UPI,Delivered
52844,1876,2024-03-08,UPI,Delivered
52845,1596,2025-07-30,UPI,Processing
52846,1826,2024-03-05,Net Banking,Delivered
52847,1853,2025-05-09,Debit Card,Delivered
52848,1860,2025-11-26,Credit Card,Delivered
52849,1412,2024-08-12,Net Banking,Shipped
52850,1382,2025-05-14,Net Banking,Cancelled
52851,1985,2025-10-03,Credit Card,Delivered
52852,1757,2024-11-08,Net Banking,Delivered
52853,1918,2024-11-23,UPI,Delivered
52854,1578,2024-05-26,Credit Card,Delivered
52855,1930,2024-11-08,UPI,Delivered
52856,1720,2025-09-29,Credit Card,Delivered
52857,1743,2025-04-29,Credit Card,Delivered
52858,1178,2024-05-27,UPI,Delivered
52859,1567,2025-01-19,Credit Card,Delivered
52860,1732,2025-05-30,Debit Card,Delivered
52861,1761,2024-02-26,Debit Card,Delivered
52862,1958,2025-07-11,UPI,Delivered
52863,1327,2024-05-26,UPI,Delivered
52864,1303,2024-08-03,UPI,Delivered
52865,1970,2024-10-30,Net Banking,Delivered
52866,1987,2025-01-03,Net Banking,Delivered
52867,1180,2025-10-30,UPI,Delivered
52868,1379,2024-06-11,Debit Card,Delivered
52869,1949,2024-07-05,Credit Card,Delivered
52870,1200,2024-10-03,Cash on Delivery,Delivered
52871,1784,2025-09-17,UPI,Delivered
52872,1113,2025-12-05,Credit Card,Delivered
52873,1179,2024-11-27,Credit Card,Delivered
52874,1785,2025-05-20,UPI,Delivered
52875,1608,2025-10-31,UPI,Shipped
52876,1555,2025-09-10,UPI,Delivered
52877,1857,2025-05-12,Credit Card,Cancelled
52878,1308,2025-01-29,Debit Card,Delivered
52879,1504,2025-12-19,Debit Card,Processing
52880,1609,2024-06-23,UPI,Shipped
52881,1740,2024-09-21,Net Banking,Delivered
52882,1333,2025-06-04,UPI,Delivered
52883,1634,2024-01-16,Cash on Delivery,Delivered
52884,1449,2024-12-31,UPI,Delivered
52885,1542,2025-09-15,Net Banking,Delivered
52886,1863,2024-05-09,Cash on Delivery,Cancelled
52887,1394,2025-08-09,Net Banking,Delivered
52888,1669,2024-10-28,Net Banking,Returned
52889,1942,2025-09-20,UPI,Shipped
52890,1763,2025-04-08,Debit Card,Shipped
52891,1989,2024-04-24,Credit Card,Delivered
52892,1584,2025-06-20,Credit Card,Delivered
52893,1282,2024-02-10,Cash on Delivery,Processing
52894,1992,2024-06-26,UPI,Delivered
52895,1645,2025-10-10,Credit Card,Delivered
52896,1242,2025-10-01,Cash on Delivery,Delivered
52897,1318,2024-02-03,UPI,Delivered
52898,1263,2024-10-04,UPI,Cancelled
52899,1834,2024-03-09,UPI,Delivered
52900,1093,2024-07-16,Debit Card,Delivered
52901,1740,2025-12-07,Net Banking,Delivered
52902,1555,2024-05-22,UPI,Delivered
52903,1074,2025-04-13,Debit Card,Delivered
52904,1614,2025-08-10,Credit Card,Delivered
52905,1754,2025-10-05,Debit Card,Delivered
52906,1726,2024-09-15,Debit Card,Delivered
52907,1529,2025-05-23,Cash on Delivery,Delivered
52908,1336,2024-12-18,UPI,Delivered
52909,1164,2024-03-19,UPI,Delivered
52910,1013,2024-06-11,Credit Card,Processing
52911,1360,2025-06-30,Credit Card,Processing
52912,1633,2025-05-15,Credit Card,Delivered
52913,1038,2025-01-15,UPI,Delivered
52914,1999,2025-07-24,UPI,Delivered
52915,1586,2025-05-19,Cash on Delivery,Cancelled
52916,1295,2024-09-04,UPI,Returned
52917,1963,2024-08-02,Credit Card,Delivered
52918,1184,2025-11-20,Debit Card,Delivered
52919,1958,2025-12-10,UPI,Delivered
52920,1282,2024-01-23,UPI,Delivered
52921,1380,2025-07-31,UPI,Returned
52922,1426,2024-04-07,Credit Card,Cancelled
52923,1995,2025-09-20,UPI,Returned
52924,1251,2025-03-05,Debit Card,Delivered
52925,1973,2025-05-17,UPI,Delivered
52926,1347,2025-05-27,UPI,Processing
52927,1286,2025-03-17,UPI,Delivered
52928,1639,2024-07-01,UPI,Delivered
52929,1694,2025-08-12,UPI,Delivered
52930,1346,2025-02-08,Cash on Delivery,Delivered
52931,1135,2025-02-01,UPI,Delivered
52932,1397,2024-08-20,Credit Card,Processing
52933,1541,2024-01-08,Credit Card,Delivered
52934,1041,2025-02-08,Debit Card,Delivered
52935,1079,2024-09-08,Debit Card,Delivered
52936,1918,2025-04-26,UPI,Delivered
52937,1036,2024-09-23,Debit Card,Delivered
52938,1407,2025-12-11,UPI,Delivered
52939,1764,2025-05-12,Debit Card,Delivered
52940,1329,2024-11-28,UPI,Delivered
52941,1495,2025-05-31,Debit Card,Delivered
52942,1087,2025-04-18,Debit Card,Delivered
52943,1795,2025-03-28,Debit Card,Delivered
52944,1635,2025-02-25,UPI,Delivered
52945,1852,2025-11-11,Debit Card,Delivered
52946,1864,2024-08-19,Debit Card,Delivered
52947,1351,2024-11-11,Credit Card,Delivered
52948,1042,2024-07-03,UPI,Delivered
52949,1347,2025-02-19,UPI,Delivered
52950,1146,2025-12-22,UPI,Delivered
52951,1534,2025-03-20,Debit Card,Delivered
52952,1147,2024-05-31,Credit Card,Delivered
52953,1922,2025-11-03,Debit Card,Delivered
52954,1603,2025-07-30,Debit Card,Delivered
52955,1254,2024-11-17,Debit Card,Delivered
52956,1922,2024-04-17,Debit Card,Processing
52957,1770,2024-10-20,Debit Card,Delivered
52958,1438,2025-08-10,Credit Card,Delivered
52959,1147,2025-02-25,UPI,Delivered
52960,1344,2024-05-15,Net Banking,Delivered
52961,1585,2024-04-25,Cash on Delivery,Cancelled
52962,1766,2025-12-07,Credit Card,Cancelled
52963,1262,2024-11-22,Cash on Delivery,Shipped
52964,1743,2025-05-15,Cash on Delivery,Delivered
52965,1283,2024-09-20,Credit Card,Cancelled
52966,1247,2024-03-06,Debit Card,Delivered
52967,1448,2024-10-27,Debit Card,Processing
52968,1161,2025-05-21,UPI,Delivered
52969,1405,2024-08-31,UPI,Processing
52970,1358,2025-03-16,Credit Card,Delivered
52971,1281,2024-11-15,Net Banking,Delivered
52972,1776,2024-09-03,UPI,Returned
52973,1332,2024-07-05,Net Banking,Delivered
52974,1696,2024-07-09,Debit Card,Processing
52975,1721,2024-07-05,Debit Card,Delivered
52976,1666,2025-06-08,UPI,Delivered
52977,1270,2024-09-03,Credit Card,Delivered
52978,1830,2025-06-25,UPI,Delivered
52979,1237,2024-08-15,UPI,Delivered
52980,1278,2024-08-26,UPI,Delivered
52981,1875,2025-11-05,UPI,Delivered
52982,1340,2025-10-01,UPI,Delivered
52983,1698,2024-10-19,Credit Card,Delivered
52984,1043,2024-07-15,Credit Card,Shipped
52985,1615,2025-06-06,UPI,Processing
52986,1869,2024-02-21,Net Banking,Delivered
52987,1709,2024-11-29,Credit Card,Delivered
52988,1583,2025-03-13,Cash on Delivery,Delivered
52989,1850,2025-05-08,Debit Card,Delivered
52990,1299,2024-03-19,UPI,Processing
52991,1377,2024-01-03,Cash on Delivery,Delivered
52992,1070,2024-07-20,Net Banking,Delivered
52993,1699,2024-03-28,Debit Card,Delivered
52994,1724,2025-01-05,Credit Card,Delivered
52995,1752,2025-11-02,Credit Card,Shipped
52996,1749,2024-07-28,Credit Card,Delivered
52997,1128,2024-11-27,Debit Card,Delivered
52998,1667,2024-06-05,Credit Card,Delivered
52999,1764,2024-02-02,UPI,Delivered
53000,1204,2025-05-28,UPI,Delivered
53001,1477,2024-07-06,UPI,Delivered
53002,1914,2025-02-03,UPI,Delivered
53003,1415,2025-05-13,UPI,Delivered
53004,1754,2025-09-05,Cash on Delivery,Delivered
53005,1531,2024-05-15,UPI,Shipped
53006,1658,2025-02-28,UPI,Delivered
53007,1627,2025-10-26,UPI,Delivered
53008,1651,2024-12-18,Credit Card,Delivered
53009,1780,2024-01-30,Debit Card,Delivered
53010,1905,2024-07-09,Credit Card,Shipped
53011,1296,2025-08-03,Cash on Delivery,Shipped
53012,1929,2025-08-01,Cash on Delivery,Processing
53013,1628,2024-08-17,Net Banking,Delivered
53014,1596,2024-05-23,Net Banking,Delivered
53015,1328,2024-07-31,UPI,Processing
53016,1417,2024-06-25,Credit Card,Delivered
53017,1652,2025-06-24,UPI,Delivered
53018,1364,2025-09-06,Net Banking,Delivered
53019,1288,2024-02-04,UPI,Delivered
53020,1820,2025-06-25,UPI,Delivered
53021,1416,2025-07-03,UPI,Cancelled
53022,1645,2025-03-23,Debit Card,Delivered
53023,1032,2025-09-28,Debit Card,Delivered
53024,1078,2024-01-29,UPI,Returned
53025,1849,2025-05-25,Credit Card,Delivered
53026,1143,2024-04-02,UPI,Delivered
53027,1796,2025-10-16,Net Banking,Delivered
53028,1901,2024-12-30,UPI,Delivered
53029,1482,2024-03-07,UPI,Delivered
53030,1885,2025-06-28,Debit Card,Delivered
53031,1428,2025-06-30,Credit Card,Delivered
53032,1952,2024-12-04,Net Banking,Delivered
53033,1238,2024-08-14,Credit Card,Delivered
53034,1428,2024-01-13,Cash on Delivery,Delivered
53035,1389,2025-10-24,UPI,Delivered
53036,1785,2024-05-14,Credit Card,Delivered
53037,1044,2025-09-07,Cash on Delivery,Delivered
53038,1829,2025-03-05,UPI,Processing
53039,1024,2025-05-15,Net Banking,Delivered
53040,1316,2025-05-21,UPI,Shipped
53041,1597,2025-09-18,Credit Card,Delivered
53042,1146,2024-01-25,UPI,Delivered
53043,1491,2025-12-24,Credit Card,Delivered
53044,1998,2024-02-01,Net Banking,Delivered
53045,1824,2025-12-30,UPI,Delivered
53046,1031,2024-07-09,UPI,Delivered
53047,1592,2025-09-09,UPI,Shipped
53048,1598,2024-03-01,UPI,Returned
53049,1069,2024-12-02,Credit Card,Cancelled
53050,1651,2025-01-30,Cash on Delivery,Delivered
53051,1522,2025-11-27,UPI,Delivered
53052,1682,2024-03-31,Credit Card,Delivered
53053,1298,2024-01-27,Credit Card,Delivered
53054,1256,2025-04-18,UPI,Processing
53055,1736,2024-02-05,UPI,Delivered
53056,1722,2025-07-21,Debit Card,Delivered
53057,1162,2024-01-28,Debit Card,Delivered
53058,1217,2025-12-09,Net Banking,Processing
53059,1587,2025-01-23,Credit Card,Delivered
53060,1830,2025-11-23,Debit Card,Delivered
53061,1202,2024-04-02,Cash on Delivery,Delivered
53062,1220,2024-07-18,Net Banking,Delivered
53063,1808,2024-11-28,Cash on Delivery,Delivered
53064,1697,2024-01-22,UPI,Delivered
53065,1903,2024-03-16,Cash on Delivery,Delivered
53066,1784,2024-08-28,Net Banking,Delivered
53067,1954,2025-06-22,Net Banking,Delivered
53068,1189,2025-06-01,Debit Card,Delivered
53069,1272,2024-03-04,Cash on Delivery,Delivered
53070,1238,2024-02-13,Credit Card,Delivered
53071,1056,2025-04-23,Debit Card,Delivered
53072,1780,2024-09-19,Debit Card,Delivered
53073,1662,2025-08-01,Debit Card,Shipped
53074,1086,2024-08-05,Debit Card,Delivered
53075,1199,2024-09-21,UPI,Delivered
53076,1191,2024-06-09,UPI,Returned
53077,1403,2024-07-13,Credit Card,Returned
53078,1456,2025-05-30,Debit Card,Delivered
53079,1289,2024-12-10,Debit Card,Delivered
53080,1931,2025-04-26,Net Banking,Delivered
53081,1213,2024-02-27,Net Banking,Processing
53082,1562,2025-01-25,Credit Card,Delivered
53083,1438,2024-11-30,UPI,Delivered
53084,1388,2025-10-26,Debit Card,Delivered
53085,1826,2024-11-05,Cash on Delivery,Delivered
53086,1979,2024-03-16,Debit Card,Delivered
53087,1006,2025-05-23,Cash on Delivery,Shipped
53088,1464,2024-04-19,Cash on Delivery,Delivered
53089,1120,2025-10-25,UPI,Processing
53090,1434,2024-10-06,Debit Card,Delivered
53091,1618,2025-07-26,Credit Card,Processing
53092,1412,2025-04-23,Credit Card,Delivered
53093,1310,2024-12-05,UPI,Delivered
53094,1313,2025-03-02,UPI,Returned
53095,1300,2024-05-13,UPI,Cancelled
53096,1326,2024-02-24,Debit Card,Shipped
53097,1374,2025-07-13,UPI,Cancelled
53098,1688,2025-11-30,Credit Card,Delivered
53099,1097,2025-09-21,Credit Card,Delivered
53100,1041,2024-08-10,Credit Card,Delivered
53101,1517,2024-09-18,Net Banking,Processing
53102,1682,2024-09-19,Credit Card,Shipped
53103,1259,2025-05-27,UPI,Returned
53104,1202,2025-03-31,Cash on Delivery,Shipped
53105,1625,2025-08-04,Net Banking,Delivered
53106,1385,2025-11-20,Debit Card,Delivered
53107,1737,2024-10-13,Debit Card,Delivered
53108,1147,2025-04-28,UPI,Delivered
53109,1122,2024-12-31,Debit Card,Delivered
53110,1553,2025-11-27,UPI,Delivered
53111,1393,2024-09-15,Credit Card,Cancelled
53112,1730,2024-05-16,UPI,Delivered
53113,1507,2024-10-03,Debit Card,Delivered
53114,1355,2025-03-27,UPI,Processing
53115,1160,2025-11-26,UPI,Delivered
53116,1164,2025-08-28,UPI,Delivered
53117,1756,2024-01-14,Debit Card,Delivered
53118,1227,2025-01-06,UPI,Delivered
53119,1503,2024-04-26,Credit Card,Delivered
53120,1819,2024-09-21,UPI,Delivered
53121,1898,2025-11-20,Debit Card,Delivered
53122,1268,2025-12-19,UPI,Returned
53123,1110,2024-04-22,Cash on Delivery,Processing
53124,1775,2024-04-12,UPI,Delivered
53125,1688,2025-05-23,UPI,Returned
53126,1332,2024-10-26,UPI,Delivered
53127,1594,2024-11-11,UPI,Delivered
53128,1189,2025-09-29,Credit Card,Delivered
53129,1701,2025-11-03,UPI,Processing
53130,1728,2025-10-19,Cash on Delivery,Cancelled
53131,1300,2025-07-25,Credit Card,Shipped
53132,1469,2025-12-16,UPI,Delivered
53133,1335,2025-06-09,Credit Card,Delivered
53134,1032,2025-10-07,UPI,Delivered
53135,1128,2025-01-29,UPI,Delivered
53136,1960,2024-02-07,UPI,Delivered
53137,1457,2025-08-19,UPI,Delivered
53138,1148,2025-11-09,UPI,Delivered
53139,1045,2024-08-15,Cash on Delivery,Delivered
53140,1354,2024-11-08,Debit Card,Delivered
53141,1983,2025-02-21,Cash on Delivery,Delivered
53142,1385,2025-04-20,UPI,Delivered
53143,2000,2025-05-07,Net Banking,Delivered
53144,1490,2024-10-14,UPI,Delivered
53145,1764,2025-09-15,UPI,Delivered
53146,1786,2025-08-16,Net Banking,Delivered
53147,1029,2025-11-18,UPI,Cancelled
53148,1007,2025-02-24,Credit Card,Delivered
53149,1923,2024-02-26,Net Banking,Delivered
53150,1933,2025-09-09,Debit Card,Delivered
53151,1133,2024-02-28,Credit Card,Delivered
53152,1646,2024-05-21,UPI,Delivered
53153,1924,2024-07-27,UPI,Delivered
53154,1951,2024-05-15,Cash on Delivery,Cancelled
53155,1297,2025-06-12,UPI,Delivered
53156,1818,2024-11-17,UPI,Delivered
53157,1647,2024-06-09,UPI,Shipped
53158,1928,2024-01-04,Cash on Delivery,Delivered
53159,1147,2024-06-06,Debit Card,Delivered
53160,1602,2025-05-20,Credit Card,Delivered
53161,1025,2025-08-02,Cash on Delivery,Delivered
53162,1358,2024-08-04,UPI,Delivered
53163,1012,2024-02-23,Cash on Delivery,Returned
53164,1443,2025-02-10,UPI,Delivered
53165,1812,2025-07-25,Credit Card,Shipped
53166,1659,2024-02-21,UPI,Delivered
53167,1317,2025-08-03,Cash on Delivery,Delivered
53168,1427,2024-05-04,Cash on Delivery,Delivered
53169,1368,2024-07-07,Credit Card,Delivered
53170,1732,2025-03-30,UPI,Delivered
53171,1267,2024-02-07,UPI,Delivered
53172,1092,2024-08-11,Credit Card,Delivered
53173,1507,2024-04-11,UPI,Delivered
53174,1830,2024-06-05,UPI,Shipped
53175,1478,2025-07-18,Debit Card,Delivered
53176,1205,2024-06-16,Debit Card,Delivered
53177,1047,2024-02-01,Cash on Delivery,Cancelled
53178,1944,2024-06-05,Credit Card,Delivered
53179,1761,2024-03-04,UPI,Delivered
53180,1156,2025-03-30,Credit Card,Shipped
53181,1074,2025-12-11,UPI,Delivered
53182,1130,2024-05-02,Debit Card,Delivered
53183,1377,2025-06-16,Debit Card,Delivered
53184,1812,2024-09-21,UPI,Delivered
53185,1160,2024-02-22,UPI,Delivered
53186,1819,2025-05-17,Net Banking,Delivered
53187,1002,2024-06-02,Credit Card,Returned
53188,1739,2025-01-09,Credit Card,Delivered
53189,1283,2025-01-05,Debit Card,Delivered
53190,1961,2025-03-12,Credit Card,Delivered
53191,1476,2024-04-08,UPI,Delivered
53192,1271,2024-07-02,Net Banking,Shipped
53193,1243,2025-06-22,Cash on Delivery,Delivered
53194,1827,2025-11-11,UPI,Delivered
53195,1403,2024-01-09,UPI,Delivered
53196,1353,2024-10-29,Debit Card,Returned
53197,1736,2025-10-05,Debit Card,Delivered
53198,1538,2024-07-28,Credit Card,Processing
53199,1664,2024-11-22,Credit Card,Delivered
53200,1446,2025-10-22,Debit Card,Delivered
53201,1065,2025-12-08,Credit Card,Delivered
53202,1006,2025-04-23,UPI,Delivered
53203,1040,2025-05-21,UPI,Delivered
53204,1575,2025-03-24,Credit Card,Delivered
53205,1514,2024-07-26,Cash on Delivery,Delivered
53206,1748,2025-10-09,Credit Card,Delivered
53207,1895,2024-01-25,UPI,Shipped
53208,1175,2024-02-12,Cash on Delivery,Cancelled
53209,1958,2025-03-15,Credit Card,Delivered
53210,1932,2025-09-03,Credit Card,Delivered
53211,1616,2025-08-17,UPI,Returned
53212,1531,2025-05-09,Debit Card,Delivered
53213,1177,2024-10-01,Debit Card,Shipped
53214,1179,2024-09-19,Net Banking,Delivered
53215,1019,2024-11-06,UPI,Processing
53216,1646,2024-07-06,Credit Card,Delivered
53217,1434,2024-11-01,UPI,Delivered
53218,1192,2024-03-17,Cash on Delivery,Delivered
53219,1134,2024-08-21,UPI,Delivered
53220,1064,2025-11-17,Debit Card,Delivered
53221,1641,2025-05-31,Debit Card,Returned
53222,1686,2024-04-13,UPI,Delivered
53223,1632,2024-07-27,UPI,Delivered
53224,1111,2024-07-08,UPI,Delivered
53225,1042,2024-07-24,Credit Card,Delivered
53226,1107,2025-05-19,Cash on Delivery,Delivered
53227,1752,2025-10-15,Credit Card,Delivered
53228,1740,2025-06-02,Cash on Delivery,Shipped
53229,1295,2024-12-22,UPI,Shipped
53230,1056,2024-04-27,Credit Card,Delivered
53231,1320,2024-04-14,Cash on Delivery,Shipped
53232,1810,2025-08-17,Net Banking,Delivered
53233,1144,2025-05-09,UPI,Delivered
53234,1797,2025-01-07,Debit Card,Cancelled
53235,1464,2025-02-25,Cash on Delivery,Processing
53236,1142,2025-09-11,Debit Card,Delivered
53237,1934,2025-08-17,Debit Card,Delivered
53238,1519,2024-03-04,UPI,Delivered
53239,1672,2024-10-15,UPI,Delivered
53240,1097,2024-02-01,Debit Card,Delivered
53241,1372,2024-10-07,Credit Card,Delivered
53242,1633,2025-04-10,UPI,Cancelled
53243,1646,2024-06-01,UPI,Delivered
53244,1063,2024-04-19,Credit Card,Delivered
53245,1605,2024-12-24,Credit Card,Processing
53246,1945,2025-01-18,Credit Card,Delivered
53247,1787,2025-06-05,Credit Card,Delivered
53248,1208,2024-01-11,UPI,Delivered
53249,1913,2024-06-30,Net Banking,Processing
53250,1683,2025-07-23,Debit Card,Returned
53251,1057,2025-05-12,UPI,Delivered
53252,1129,2025-10-18,Credit Card,Delivered
53253,1922,2025-08-17,Credit Card,Processing
53254,1210,2025-09-04,Debit Card,Returned
53255,1097,2025-01-07,Debit Card,Delivered
53256,1451,2025-11-30,Debit Card,Delivered
53257,1526,2024-10-30,Debit Card,Processing
53258,1574,2025-10-21,UPI,Delivered
53259,1659,2024-10-13,UPI,Delivered
53260,1999,2024-11-20,UPI,Delivered
53261,1760,2025-05-15,Credit Card,Delivered
53262,1026,2024-10-17,Credit Card,Delivered
53263,1089,2024-04-17,Debit Card,Delivered
53264,1001,2025-10-16,UPI,Shipped
53265,1396,2024-11-26,Debit Card,Delivered
53266,1351,2025-11-07,UPI,Shipped
53267,1934,2024-10-18,Credit Card,Delivered
53268,1367,2025-12-11,Debit Card,Delivered
53269,1031,2025-03-16,UPI,Returned
53270,1884,2025-07-14,UPI,Shipped
53271,1261,2025-07-05,Credit Card,Delivered
53272,1913,2024-05-27,Debit Card,Delivered
53273,1775,2025-08-18,UPI,Delivered
53274,1881,2025-11-20,Cash on Delivery,Returned
53275,1820,2025-04-27,Cash on Delivery,Delivered
53276,1144,2025-11-22,Net Banking,Cancelled
53277,1627,2025-09-09,UPI,Delivered
53278,1413,2025-05-01,Debit Card,Delivered
53279,1629,2024-12-14,UPI,Delivered
53280,1746,2025-09-17,Net Banking,Delivered
53281,1501,2024-05-15,Credit Card,Cancelled
53282,1313,2025-02-13,UPI,Delivered
53283,1917,2025-08-18,UPI,Cancelled
53284,1664,2025-11-20,Net Banking,Delivered
53285,1886,2024-07-13,Net Banking,Delivered
53286,1238,2024-03-09,Credit Card,Cancelled
53287,1839,2024-08-31,Credit Card,Delivered
53288,1324,2025-09-22,Debit Card,Delivered
53289,1461,2025-01-17,Net Banking,Delivered
53290,1861,2024-02-10,Debit Card,Delivered
53291,1355,2024-03-28,Credit Card,Processing
53292,1251,2024-09-04,Debit Card,Delivered
53293,1916,2024-09-07,Net Banking,Delivered
53294,1965,2024-04-08,UPI,Delivered
53295,1312,2024-12-26,Credit Card,Delivered
53296,1307,2024-12-15,UPI,Cancelled
53297,1228,2024-05-25,Credit Card,Shipped
53298,1024,2024-06-18,Debit Card,Delivered
53299,1553,2025-04-30,UPI,Delivered
53300,1255,2025-11-26,Credit Card,Delivered
53301,1850,2025-12-28,UPI,Processing
53302,1172,2025-02-12,Cash on Delivery,Delivered
53303,1636,2024-01-29,Net Banking,Delivered
53304,1507,2025-10-17,Credit Card,Delivered
53305,1612,2025-11-24,Debit Card,Returned
53306,1113,2024-07-21,UPI,Delivered
53307,1467,2024-10-19,Net Banking,Delivered
53308,1627,2024-01-19,Debit Card,Cancelled
53309,1341,2025-08-07,UPI,Returned
53310,1875,2025-07-20,Cash on Delivery,Delivered
53311,1530,2024-01-16,UPI,Shipped
53312,1363,2025-05-27,Debit Card,Delivered
53313,1031,2024-10-27,UPI,Delivered
53314,1169,2025-02-02,Debit Card,Delivered
53315,1477,2024-06-08,UPI,Delivered
53316,1401,2025-08-18,UPI,Delivered
53317,1872,2024-10-22,Credit Card,Delivered
53318,1786,2025-09-05,Cash on Delivery,Delivered
53319,1159,2024-04-18,UPI,Delivered
53320,1592,2025-03-05,Debit Card,Delivered
53321,1455,2024-08-14,Credit Card,Delivered
53322,1102,2025-12-06,Net Banking,Delivered
53323,1666,2025-02-10,UPI,Delivered
53324,1538,2025-06-09,Credit Card,Delivered
53325,1088,2024-03-03,Cash on Delivery,Delivered
53326,1469,2025-05-09,UPI,Delivered
53327,1732,2024-03-14,Credit Card,Delivered
53328,1328,2024-09-20,Cash on Delivery,Delivered
53329,1357,2024-06-11,UPI,Processing
53330,1111,2024-01-02,Credit Card,Delivered
53331,1205,2025-03-03,UPI,Delivered
53332,1982,2024-06-24,Net Banking,Delivered
53333,1621,2025-01-09,Cash on Delivery,Shipped
53334,1177,2025-07-11,Debit Card,Delivered
53335,1483,2024-05-10,Debit Card,Delivered
53336,1193,2025-06-02,Credit Card,Delivered
53337,1443,2024-08-04,UPI,Delivered
53338,1146,2024-08-29,UPI,Returned
53339,1619,2025-02-25,UPI,Delivered
53340,1571,2025-04-01,UPI,Delivered
53341,1634,2025-04-23,Debit Card,Delivered
53342,1444,2024-05-22,UPI,Delivered
53343,1286,2025-02-27,UPI,Delivered
53344,1250,2024-07-11,Credit Card,Delivered
53345,1216,2024-07-21,UPI,Delivered
53346,1430,2025-11-22,UPI,Processing
53347,1452,2024-03-14,UPI,Delivered
53348,1674,2024-10-28,UPI,Delivered
53349,1053,2024-11-16,Credit Card,Delivered
53350,1282,2024-06-27,Debit Card,Processing
53351,1853,2025-07-27,Net Banking,Processing
53352,1916,2024-12-21,Debit Card,Delivered
53353,1931,2025-06-09,Debit Card,Delivered
53354,1307,2024-10-09,Cash on Delivery,Delivered
53355,1138,2025-10-16,Credit Card,Delivered
53356,1199,2025-06-16,Debit Card,Processing
53357,1132,2024-08-31,Credit Card,Processing
53358,1955,2025-12-03,UPI,Delivered
53359,1884,2025-09-23,UPI,Processing
53360,1811,2025-03-07,UPI,Delivered
53361,1730,2024-01-13,Net Banking,Delivered
53362,1344,2025-03-07,UPI,Shipped
53363,1476,2025-05-19,Debit Card,Delivered
53364,1842,2024-09-23,Net Banking,Cancelled
53365,1815,2024-04-15,Credit Card,Delivered
53366,1519,2025-02-16,UPI,Delivered
53367,1838,2025-08-08,Credit Card,Delivered
53368,1347,2024-08-21,UPI,Shipped
53369,1414,2024-11-29,Cash on Delivery,Delivered
53370,1840,2024-01-01,Debit Card,Delivered
53371,1377,2025-05-28,Debit Card,Delivered
53372,1753,2025-09-24,Credit Card,Delivered
53373,1454,2025-07-20,Debit Card,Delivered
53374,1298,2024-11-09,Debit Card,Delivered
53375,1219,2024-02-02,UPI,Delivered
53376,1607,2024-12-25,UPI,Delivered
53377,1480,2025-11-17,UPI,Delivered
53378,1370,2024-03-01,Credit Card,Delivered
53379,1744,2024-06-05,Net Banking,Cancelled
53380,1002,2025-09-03,Debit Card,Shipped
53381,1093,2025-02-18,Credit Card,Delivered
53382,1962,2024-05-04,Cash on Delivery,Processing
53383,1664,2024-01-18,UPI,Shipped
53384,1550,2024-10-26,UPI,Delivered
53385,1015,2025-03-10,Cash on Delivery,Delivered
53386,1599,2025-09-05,Cash on Delivery,Delivered
53387,1435,2025-10-07,Debit Card,Delivered
53388,1600,2024-11-30,UPI,Delivered
53389,1042,2024-11-04,Cash on Delivery,Delivered
53390,1551,2025-11-10,Debit Card,Delivered
53391,1578,2025-07-21,Debit Card,Delivered
53392,1291,2024-06-01,UPI,Delivered
53393,1055,2025-05-12,Credit Card,Delivered
53394,1972,2025-06-06,Net Banking,Delivered
53395,1710,2024-06-19,Net Banking,Shipped
53396,1622,2025-12-14,Credit Card,Delivered
53397,1768,2024-08-04,Credit Card,Delivered
53398,1671,2025-02-05,Debit Card,Delivered
53399,1135,2024-12-26,Credit Card,Delivered
53400,1455,2025-05-20,Credit Card,Shipped
53401,1889,2025-10-20,UPI,Delivered
53402,1288,2024-10-14,UPI,Processing
53403,1973,2024-10-07,Debit Card,Returned
53404,1065,2025-07-02,UPI,Delivered
53405,1331,2025-11-26,UPI,Delivered
53406,1351,2025-10-25,Cash on Delivery,Delivered
53407,1618,2025-07-03,Debit Card,Delivered
53408,1177,2025-05-28,UPI,Delivered
53409,1230,2025-07-15,UPI,Delivered
53410,1663,2025-11-14,Debit Card,Delivered
53411,1285,2024-01-08,Credit Card,Delivered
53412,1880,2025-03-05,Credit Card,Delivered
53413,1871,2024-01-25,Credit Card,Delivered
53414,1303,2025-02-25,UPI,Delivered
53415,1560,2024-10-15,Debit Card,Delivered
53416,1333,2024-08-10,UPI,Delivered
53417,1345,2025-10-12,Credit Card,Delivered
53418,1671,2025-06-02,UPI,Delivered
53419,1294,2025-02-18,UPI,Delivered
53420,1150,2025-10-05,UPI,Delivered
53421,1260,2024-03-12,Net Banking,Delivered
53422,1930,2025-04-16,UPI,Delivered
53423,1260,2024-04-24,UPI,Delivered
53424,1364,2024-06-19,UPI,Delivered
53425,1629,2024-05-15,Debit Card,Delivered
53426,1102,2025-02-01,Credit Card,Delivered
53427,1269,2025-04-04,Cash on Delivery,Cancelled
53428,1175,2025-07-05,Debit Card,Delivered
53429,1925,2024-11-17,Credit Card,Delivered
53430,1933,2025-11-16,Debit Card,Delivered
53431,1756,2024-09-29,UPI,Delivered
53432,1248,2024-04-24,Cash on Delivery,Cancelled
53433,1617,2024-01-27,Cash on Delivery,Returned
53434,1663,2024-04-03,UPI,Delivered
53435,1870,2024-11-20,Debit Card,Processing
53436,1157,2024-10-28,UPI,Delivered
53437,1737,2025-09-15,Credit Card,Delivered
53438,1195,2024-04-01,Debit Card,Delivered
53439,1569,2024-07-10,Cash on Delivery,Delivered
53440,1880,2025-12-16,UPI,Delivered
53441,1063,2024-01-21,Debit Card,Delivered
53442,1149,2024-11-05,Debit Card,Delivered
53443,1814,2024-05-24,UPI,Returned
53444,1019,2025-01-24,Debit Card,Delivered
53445,1686,2025-12-11,Debit Card,Delivered
53446,1502,2024-06-14,Debit Card,Cancelled
53447,1347,2024-09-27,Cash on Delivery,Delivered
53448,1863,2024-11-23,UPI,Delivered
53449,1849,2025-08-05,UPI,Delivered
53450,1326,2025-12-19,UPI,Delivered
53451,1005,2024-03-11,UPI,Delivered
53452,1129,2024-12-22,Credit Card,Delivered
53453,1108,2025-07-03,Net Banking,Delivered
53454,1983,2024-01-07,Credit Card,Delivered
53455,1597,2025-08-11,Debit Card,Processing
53456,1677,2024-06-26,UPI,Cancelled
53457,1231,2025-01-13,UPI,Delivered
53458,1851,2025-12-15,Net Banking,Cancelled
53459,1723,2025-04-08,Debit Card,Processing
53460,1753,2025-12-23,UPI,Cancelled
53461,1469,2025-03-16,Cash on Delivery,Delivered
53462,1699,2024-06-02,Credit Card,Delivered
53463,1545,2025-05-20,UPI,Delivered
53464,1385,2025-03-25,Credit Card,Processing
53465,1595,2024-08-14,Debit Card,Delivered
53466,1325,2024-02-26,UPI,Processing
53467,1953,2025-04-18,Net Banking,Delivered
53468,1717,2025-02-25,Credit Card,Delivered
53469,1739,2025-07-18,Credit Card,Delivered
53470,1717,2024-04-01,Net Banking,Returned
53471,1449,2025-01-28,Credit Card,Delivered
53472,1951,2025-08-20,Credit Card,Delivered
53473,1208,2025-10-12,UPI,Returned
53474,1569,2025-11-16,UPI,Delivered
53475,1070,2024-06-03,Credit Card,Delivered
53476,1295,2024-05-06,UPI,Delivered
53477,1575,2025-02-24,Credit Card,Shipped
53478,1490,2024-12-03,UPI,Delivered
53479,1942,2024-06-20,UPI,Delivered
53480,1614,2024-03-15,Credit Card,Delivered
53481,1412,2024-04-14,UPI,Delivered
53482,1427,2024-09-04,Debit Card,Delivered
53483,1612,2025-06-23,Debit Card,Delivered
53484,1792,2024-02-17,UPI,Shipped
53485,1277,2024-03-17,UPI,Delivered
53486,1585,2024-07-12,Credit Card,Shipped
53487,1575,2025-09-29,UPI,Cancelled
53488,1010,2025-12-23,Credit Card,Delivered
53489,1913,2024-11-17,Debit Card,Delivered
53490,1570,2024-02-02,Debit Card,Delivered
53491,1243,2024-01-09,Credit Card,Delivered
53492,1634,2025-09-19,Cash on Delivery,Delivered
53493,1678,2024-11-20,UPI,Delivered
53494,1916,2024-02-26,Cash on Delivery,Delivered
53495,1035,2025-08-31,Net Banking,Delivered
53496,1414,2025-01-21,Credit Card,Delivered
53497,1181,2024-09-12,UPI,Delivered
53498,1575,2024-11-26,UPI,Delivered
53499,1502,2024-06-13,Cash on Delivery,Delivered
53500,1475,2025-11-11,UPI,Delivered
53501,1983,2025-07-29,Net Banking,Delivered
53502,1532,2024-05-25,Credit Card,Delivered
53503,1412,2025-06-20,Credit Card,Delivered
53504,1068,2024-05-11,Debit Card,Delivered
53505,1290,2024-11-26,UPI,Delivered
53506,1898,2025-06-30,Credit Card,Returned
53507,1452,2024-01-27,Cash on Delivery,Delivered
53508,1911,2025-06-13,UPI,Delivered
53509,1533,2024-06-13,Cash on Delivery,Delivered
53510,1549,2025-05-25,Cash on Delivery,Processing
53511,1430,2024-12-30,UPI,Cancelled
53512,1557,2024-01-20,Credit Card,Delivered
53513,1067,2025-07-10,UPI,Delivered
53514,1058,2024-07-08,Debit Card,Delivered
53515,1476,2025-11-26,Cash on Delivery,Delivered
53516,1598,2025-09-05,Cash on Delivery,Delivered
53517,1551,2024-05-20,Cash on Delivery,Processing
53518,1430,2025-03-14,UPI,Delivered
53519,1295,2024-09-21,Credit Card,Delivered
53520,1710,2025-03-15,UPI,Delivered
53521,1605,2025-02-10,Cash on Delivery,Delivered
53522,1048,2024-08-04,UPI,Delivered
53523,1453,2025-04-20,UPI,Delivered
53524,1711,2024-07-08,UPI,Delivered
53525,1785,2025-10-24,UPI,Delivered
53526,1287,2025-11-21,UPI,Delivered
53527,1925,2024-05-01,UPI,Cancelled
53528,1652,2025-06-15,Net Banking,Shipped
53529,1438,2025-11-09,Debit Card,Delivered
53530,1628,2024-04-02,UPI,Delivered
53531,1872,2025-06-23,Net Banking,Processing
53532,1227,2025-11-15,Credit Card,Delivered
53533,1151,2024-06-13,Debit Card,Cancelled
53534,1441,2025-03-01,UPI,Shipped
53535,1084,2025-08-05,Credit Card,Delivered
53536,1836,2024-08-31,Credit Card,Delivered
53537,1971,2024-06-22,UPI,Delivered
53538,1606,2024-10-16,Credit Card,Delivered
53539,1980,2024-09-01,Debit Card,Delivered
53540,1069,2025-06-13,Debit Card,Returned
53541,1633,2024-09-27,UPI,Delivered
53542,1443,2024-10-01,Credit Card,Delivered
53543,1278,2025-11-20,Debit Card,Delivered
53544,1312,2025-02-26,UPI,Delivered
53545,1546,2025-11-09,UPI,Delivered
53546,1642,2025-06-02,UPI,Processing
53547,1165,2025-10-08,UPI,Delivered
53548,1615,2024-05-22,UPI,Shipped
53549,1927,2025-11-15,UPI,Shipped
53550,1011,2025-11-20,Credit Card,Delivered
53551,1879,2024-01-30,Debit Card,Shipped
53552,1608,2024-09-17,Net Banking,Delivered
53553,1343,2024-10-28,Debit Card,Delivered
53554,1735,2024-11-02,Credit Card,Delivered
53555,1618,2025-07-22,Cash on Delivery,Delivered
53556,1769,2025-05-24,Debit Card,Delivered
53557,1082,2024-06-04,Credit Card,Delivered
53558,1059,2025-03-20,UPI,Delivered
53559,1643,2025-12-12,Debit Card,Cancelled
53560,1304,2024-11-17,Credit Card,Delivered
53561,1239,2025-11-08,Debit Card,Delivered
53562,1422,2025-04-19,Net Banking,Cancelled
53563,1726,2025-11-06,Cash on Delivery,Delivered
53564,1180,2025-10-21,Cash on Delivery,Delivered
53565,1974,2024-01-13,Debit Card,Delivered
53566,1421,2025-08-07,Cash on Delivery,Delivered
53567,1151,2024-05-18,Cash on Delivery,Delivered
53568,1072,2025-08-24,UPI,Shipped
53569,1858,2025-08-12,Debit Card,Delivered
53570,1114,2024-07-07,UPI,Delivered
53571,1419,2024-02-18,UPI,Delivered
53572,1669,2024-11-02,UPI,Delivered
53573,1514,2024-08-09,Credit Card,Delivered
53574,1263,2025-02-08,UPI,Delivered
53575,1108,2024-02-29,UPI,Processing
53576,1712,2024-02-02,UPI,Cancelled
53577,1491,2024-11-15,Debit Card,Delivered
53578,1049,2025-07-15,Cash on Delivery,Delivered
53579,1182,2024-08-17,Cash on Delivery,Delivered
53580,1563,2024-08-24,Credit Card,Delivered
53581,1169,2024-04-29,UPI,Delivered
53582,1392,2024-07-25,Net Banking,Delivered
53583,1125,2024-08-06,UPI,Delivered
53584,1797,2024-07-08,Cash on Delivery,Delivered
53585,1631,2024-09-07,Debit Card,Delivered
53586,1784,2024-07-25,Credit Card,Shipped
53587,1053,2025-05-11,UPI,Delivered
53588,1376,2024-09-03,UPI,Delivered
53589,1268,2025-07-04,Credit Card,Delivered
53590,1623,2025-03-17,Credit Card,Processing
53591,1822,2025-04-12,Net Banking,Delivered
53592,1228,2025-03-02,Debit Card,Delivered
53593,1770,2025-11-04,Credit Card,Delivered
53594,1581,2024-07-05,UPI,Delivered
53595,1825,2025-12-18,Credit Card,Shipped
53596,1082,2024-05-30,UPI,Delivered
53597,1991,2024-04-10,Debit Card,Delivered
53598,1435,2025-08-26,Debit Card,Delivered
53599,1281,2025-10-16,Net Banking,Delivered
53600,1183,2024-03-08,Credit Card,Delivered
53601,1985,2025-03-13,UPI,Delivered
53602,1884,2025-01-09,Net Banking,Delivered
53603,1132,2024-06-09,Debit Card,Cancelled
53604,1445,2025-01-15,Debit Card,Delivered
53605,1734,2025-05-15,Credit Card,Delivered
53606,1591,2025-02-23,Net Banking,Cancelled
53607,1190,2025-01-14,UPI,Delivered
53608,1361,2025-10-08,Credit Card,Delivered
53609,1369,2024-06-13,Net Banking,Delivered
53610,1289,2025-03-31,UPI,Delivered
53611,1961,2024-08-19,Net Banking,Shipped
53612,1203,2025-12-11,UPI,Delivered
53613,1707,2024-07-02,UPI,Cancelled
53614,1912,2025-09-28,UPI,Delivered
53615,1795,2025-04-06,Net Banking,Delivered
53616,1800,2024-06-05,Debit Card,Delivered
53617,1159,2025-07-07,UPI,Delivered
53618,1134,2024-06-25,UPI,Delivered
53619,1783,2024-07-10,UPI,Shipped
53620,1747,2024-09-08,UPI,Delivered
53621,1742,2025-05-12,Debit Card,Returned
53622,1419,2024-10-12,UPI,Delivered
53623,1524,2025-02-19,UPI,Delivered
53624,1016,2025-02-07,UPI,Delivered
53625,1292,2024-05-23,Credit Card,Delivered
53626,1529,2024-06-18,Debit Card,Delivered
53627,1126,2024-08-11,Debit Card,Delivered
53628,1131,2024-06-11,Credit Card,Delivered
53629,1046,2025-11-01,Cash on Delivery,Delivered
53630,1210,2024-10-05,Credit Card,Delivered
53631,1993,2024-10-22,Net Banking,Delivered
53632,1697,2025-05-05,Debit Card,Delivered
53633,1949,2025-07-29,UPI,Delivered
53634,1258,2025-05-17,Net Banking,Delivered
53635,1599,2025-02-06,Credit Card,Cancelled
53636,1892,2025-12-13,Debit Card,Delivered
53637,1353,2025-10-18,UPI,Delivered
53638,1658,2024-05-27,Credit Card,Delivered
53639,1693,2024-04-26,Cash on Delivery,Delivered
53640,1833,2024-10-13,UPI,Delivered
53641,1970,2025-09-01,UPI,Delivered
53642,1616,2025-12-05,UPI,Delivered
53643,1583,2025-05-27,Credit Card,Delivered
53644,1869,2025-05-18,Net Banking,Delivered
53645,1685,2024-06-19,Debit Card,Delivered
53646,1362,2025-03-08,Cash on Delivery,Delivered
53647,1631,2024-05-14,Credit Card,Cancelled
53648,1550,2025-01-28,Credit Card,Shipped
53649,1229,2024-05-21,UPI,Delivered
53650,1516,2024-02-25,UPI,Delivered
53651,1624,2025-12-07,Debit Card,Delivered
53652,1904,2025-10-14,UPI,Returned
53653,1581,2025-05-15,UPI,Delivered
53654,1165,2025-04-01,Cash on Delivery,Delivered
53655,1988,2024-06-24,Credit Card,Delivered
53656,1579,2025-02-21,UPI,Delivered
53657,1288,2025-06-30,Debit Card,Delivered
53658,1755,2025-01-28,Credit Card,Delivered
53659,1385,2024-07-24,Net Banking,Shipped
53660,1371,2024-10-13,Debit Card,Delivered
53661,1840,2025-09-05,UPI,Shipped
53662,1868,2024-07-04,UPI,Delivered
53663,1524,2025-12-02,UPI,Delivered
53664,1374,2025-07-05,Debit Card,Delivered
53665,1864,2025-10-11,Credit Card,Delivered
53666,1174,2025-01-06,Debit Card,Delivered
53667,1748,2024-06-12,Credit Card,Delivered
53668,1585,2024-01-25,UPI,Delivered
53669,1855,2025-01-25,UPI,Delivered
53670,1421,2024-10-18,UPI,Shipped
53671,1833,2024-03-23,Credit Card,Delivered
53672,1016,2025-11-08,Credit Card,Delivered
53673,1759,2025-12-09,Cash on Delivery,Delivered
53674,1070,2024-09-29,UPI,Delivered
53675,1643,2025-05-02,Debit Card,Processing
53676,1196,2024-10-28,UPI,Delivered
53677,1964,2024-12-28,Debit Card,Cancelled
53678,1770,2025-03-31,UPI,Processing
53679,1105,2024-10-30,Debit Card,Delivered
53680,1893,2025-08-08,UPI,Delivered
53681,1252,2024-05-18,UPI,Delivered
53682,1546,2025-05-02,Credit Card,Delivered
53683,1086,2025-12-18,UPI,Delivered
53684,1106,2025-09-12,Credit Card,Delivered
53685,1242,2024-02-03,UPI,Delivered
53686,1535,2024-03-24,Cash on Delivery,Delivered
53687,1543,2025-04-03,UPI,Delivered
53688,1856,2025-11-05,Credit Card,Delivered
53689,1166,2025-09-08,Net Banking,Delivered
53690,1750,2025-10-21,Debit Card,Delivered
53691,1006,2024-04-19,UPI,Cancelled
53692,1292,2025-01-13,Credit Card,Delivered
53693,1176,2025-06-13,UPI,Delivered
53694,1124,2025-04-01,Credit Card,Delivered
53695,1585,2025-07-21,Credit Card,Delivered
53696,1901,2024-06-04,Debit Card,Delivered
53697,1667,2024-11-29,Net Banking,Delivered
53698,1855,2024-11-23,UPI,Shipped
53699,1592,2025-11-17,UPI,Delivered
53700,1054,2024-05-27,Credit Card,Delivered
53701,1346,2024-08-26,Credit Card,Delivered
53702,1824,2024-01-17,UPI,Delivered
53703,1045,2024-04-20,Debit Card,Delivered
53704,1098,2025-12-17,Credit Card,Delivered
53705,1834,2025-09-10,Cash on Delivery,Delivered
53706,1064,2024-07-08,Credit Card,Delivered
53707,1960,2025-05-27,UPI,Processing
53708,1759,2025-03-08,UPI,Processing
53709,1666,2025-10-23,Debit Card,Delivered
53710,1537,2024-08-07,UPI,Delivered
53711,1090,2025-12-26,UPI,Delivered
53712,1415,2024-09-27,UPI,Shipped
53713,1808,2025-06-07,Debit Card,Processing
53714,1904,2024-10-17,Cash on Delivery,Delivered
53715,1447,2025-05-05,UPI,Delivered
53716,1840,2024-09-01,UPI,Delivered
53717,1777,2025-09-07,Credit Card,Delivered
53718,1058,2025-04-10,UPI,Delivered
53719,1621,2024-07-29,Cash on Delivery,Delivered
53720,1617,2025-12-02,Credit Card,Delivered
53721,1543,2025-06-01,Debit Card,Delivered
53722,1773,2024-11-08,Cash on Delivery,Delivered
53723,1890,2024-04-09,Debit Card,Delivered
53724,1551,2025-12-11,UPI,Shipped
53725,1321,2025-07-05,Debit Card,Delivered
53726,1984,2025-05-02,Credit Card,Delivered
53727,1964,2025-08-31,Credit Card,Shipped
53728,1687,2025-03-19,Cash on Delivery,Delivered
53729,1641,2024-06-18,UPI,Delivered
53730,1105,2024-06-22,Credit Card,Delivered
53731,1402,2024-02-27,UPI,Delivered
53732,1199,2024-02-15,UPI,Returned
53733,1515,2025-06-15,Debit Card,Delivered
53734,1827,2025-09-13,Debit Card,Delivered
53735,1225,2024-04-29,Debit Card,Delivered
53736,1997,2025-02-23,UPI,Returned
53737,1130,2024-03-31,UPI,Processing
53738,1099,2024-10-29,Credit Card,Delivered
53739,1975,2025-07-31,Credit Card,Delivered
53740,1101,2025-08-15,Debit Card,Delivered
53741,1736,2025-11-23,Debit Card,Delivered
53742,1764,2024-08-14,Net Banking,Delivered
53743,1331,2025-11-23,Net Banking,Delivered
53744,1065,2025-07-26,UPI,Delivered
53745,1309,2024-09-04,Debit Card,Cancelled
53746,1069,2024-08-27,Debit Card,Delivered
53747,1673,2024-03-19,Cash on Delivery,Delivered
53748,1889,2025-11-03,Credit Card,Cancelled
53749,1998,2024-05-28,Debit Card,Delivered
53750,1801,2024-07-14,Credit Card,Delivered
53751,1775,2024-10-28,Debit Card,Delivered
53752,1882,2024-04-10,Cash on Delivery,Delivered
53753,1770,2025-08-11,Cash on Delivery,Delivered
53754,1651,2025-05-24,UPI,Delivered
53755,1997,2024-04-24,UPI,Delivered
53756,1323,2024-04-28,Debit Card,Delivered
53757,1413,2024-01-17,Debit Card,Shipped
53758,1907,2025-11-24,Cash on Delivery,Delivered
53759,1312,2024-11-14,UPI,Delivered
53760,1299,2025-04-23,Net Banking,Delivered
53761,1153,2024-04-19,Debit Card,Delivered
53762,1276,2024-06-17,UPI,Delivered
53763,1594,2025-01-30,UPI,Delivered
53764,1887,2024-06-01,Debit Card,Delivered
53765,1137,2025-03-23,UPI,Delivered
53766,1681,2025-11-05,Net Banking,Delivered
53767,1767,2024-08-10,Credit Card,Cancelled
53768,1896,2025-03-19,Credit Card,Delivered
53769,1751,2025-10-30,UPI,Cancelled
53770,1156,2025-10-14,Cash on Delivery,Delivered
53771,1489,2024-01-06,Debit Card,Delivered
53772,1953,2024-03-21,Debit Card,Delivered
53773,1909,2025-12-20,Debit Card,Shipped
53774,1613,2025-11-06,Credit Card,Delivered
53775,1964,2024-08-22,Cash on Delivery,Returned
53776,1669,2025-01-14,Credit Card,Delivered
53777,1065,2025-02-22,Credit Card,Delivered
53778,1915,2025-05-02,UPI,Processing
53779,1169,2025-07-01,UPI,Cancelled
53780,1381,2024-09-29,Debit Card,Shipped
53781,1239,2025-10-11,UPI,Delivered
53782,1720,2024-02-13,Debit Card,Shipped
53783,1030,2024-01-24,Cash on Delivery,Delivered
53784,1641,2025-11-30,Credit Card,Processing
53785,1865,2024-05-09,UPI,Returned
53786,1788,2025-12-27,Debit Card,Delivered
53787,1307,2024-07-27,UPI,Delivered
53788,1897,2024-09-23,Net Banking,Delivered
53789,1363,2024-01-21,Credit Card,Cancelled
53790,1681,2025-11-20,Credit Card,Processing
53791,1507,2024-09-19,Credit Card,Delivered
53792,1068,2024-05-02,Credit Card,Cancelled
53793,1003,2024-12-18,UPI,Delivered
53794,1184,2024-04-22,UPI,Processing
53795,1935,2025-07-30,Credit Card,Delivered
53796,1954,2024-02-23,Cash on Delivery,Delivered
53797,1411,2024-12-30,UPI,Delivered
53798,1969,2024-10-12,UPI,Delivered
53799,1050,2024-01-28,UPI,Delivered
53800,1968,2024-02-08,Credit Card,Shipped
53801,1231,2025-01-13,UPI,Delivered
53802,1037,2024-10-15,Debit Card,Delivered
53803,1758,2024-04-04,UPI,Delivered
53804,1383,2024-04-11,Debit Card,Shipped
53805,1293,2025-08-10,UPI,Delivered
53806,1760,2025-06-17,Credit Card,Delivered
53807,1334,2025-03-19,UPI,Delivered
53808,1753,2025-08-31,Debit Card,Delivered
53809,1196,2024-02-20,Cash on Delivery,Delivered
53810,1086,2025-05-17,UPI,Delivered
53811,1325,2025-07-03,Cash on Delivery,Delivered
53812,1610,2024-05-26,UPI,Delivered
53813,1225,2025-01-26,Credit Card,Delivered
53814,1143,2025-07-13,Debit Card,Delivered
53815,1750,2025-03-16,UPI,Delivered
53816,1494,2024-07-01,Credit Card,Delivered
53817,1432,2025-04-30,UPI,Delivered
53818,1240,2025-07-08,Debit Card,Delivered
53819,1018,2024-01-08,Credit Card,Delivered
53820,1054,2025-02-18,Cash on Delivery,Delivered
53821,1682,2025-01-03,UPI,Delivered
53822,1081,2024-09-24,Cash on Delivery,Delivered
53823,1247,2024-02-02,UPI,Delivered
53824,1911,2024-03-01,Debit Card,Delivered
53825,1344,2025-07-01,UPI,Delivered
53826,1745,2025-08-27,UPI,Delivered
53827,1344,2024-11-02,UPI,Shipped
53828,1932,2025-11-16,Debit Card,Delivered
53829,1822,2025-11-08,UPI,Delivered
53830,1470,2025-05-01,Credit Card,Delivered
53831,1685,2025-02-28,Cash on Delivery,Cancelled
53832,1414,2025-12-05,UPI,Delivered
53833,1945,2025-03-21,UPI,Delivered
53834,1359,2025-11-12,UPI,Processing
53835,1837,2025-12-15,UPI,Delivered
53836,1617,2024-05-22,Credit Card,Delivered
53837,1644,2025-04-27,Debit Card,Delivered
53838,1352,2025-06-17,UPI,Delivered
53839,1833,2025-08-21,UPI,Shipped
53840,1747,2024-09-11,Debit Card,Delivered
53841,1816,2025-09-20,UPI,Delivered
53842,1802,2024-12-21,Credit Card,Delivered
53843,1158,2024-10-09,Cash on Delivery,Returned
53844,1876,2024-04-24,UPI,Delivered
53845,1842,2024-08-22,Credit Card,Delivered
53846,1243,2025-12-12,Net Banking,Cancelled
53847,1982,2025-06-06,Debit Card,Delivered
53848,1528,2025-06-14,Debit Card,Shipped
53849,1322,2025-10-15,Debit Card,Delivered
53850,1224,2024-07-13,Credit Card,Delivered
53851,1365,2025-04-27,Credit Card,Delivered
53852,1038,2024-09-28,Debit Card,Returned
53853,1691,2025-09-11,Debit Card,Delivered
53854,1708,2024-11-04,Debit Card,Delivered
53855,1668,2025-09-16,Credit Card,Shipped
53856,1549,2025-06-29,Net Banking,Delivered
53857,1363,2025-07-17,UPI,Delivered
53858,1724,2025-11-06,UPI,Delivered
53859,1872,2025-07-31,UPI,Shipped
53860,1088,2024-08-22,UPI,Delivered
53861,1383,2025-01-15,Debit Card,Cancelled
53862,1996,2024-12-10,UPI,Delivered
53863,1862,2024-02-17,Debit Card,Returned
53864,1995,2025-03-09,Credit Card,Delivered
53865,1184,2024-11-15,UPI,Delivered
53866,1465,2024-10-14,UPI,Delivered
53867,1131,2024-03-21,Credit Card,Delivered
53868,1867,2025-01-03,Debit Card,Delivered
53869,1519,2025-02-26,Credit Card,Delivered
53870,1244,2024-03-18,UPI,Delivered
53871,1091,2025-04-08,UPI,Delivered
53872,1738,2024-05-02,UPI,Delivered
53873,1812,2024-04-15,UPI,Delivered
53874,1880,2024-10-19,Cash on Delivery,Delivered
53875,1972,2024-10-11,UPI,Delivered
53876,1815,2025-10-29,UPI,Delivered
53877,1787,2024-02-19,Net Banking,Delivered
53878,1812,2024-09-12,Debit Card,Returned
53879,1999,2025-06-20,Credit Card,Returned
53880,1464,2024-07-01,Debit Card,Delivered
53881,1759,2025-12-17,Cash on Delivery,Delivered
53882,1820,2025-06-26,UPI,Delivered
53883,1117,2025-11-21,UPI,Delivered
53884,1691,2025-11-23,Net Banking,Delivered
53885,1339,2024-03-20,Net Banking,Cancelled
53886,1133,2024-12-01,Cash on Delivery,Returned
53887,1171,2025-06-27,UPI,Delivered
53888,1115,2024-01-07,Cash on Delivery,Delivered
53889,1898,2024-11-25,UPI,Delivered
53890,1772,2025-05-17,Debit Card,Delivered
53891,1103,2025-08-01,Cash on Delivery,Delivered
53892,1626,2024-10-29,UPI,Delivered
53893,1661,2025-09-22,UPI,Delivered
53894,1520,2025-05-06,Credit Card,Processing
53895,1607,2024-02-03,Net Banking,Delivered
53896,1908,2024-07-21,UPI,Delivered
53897,1519,2025-11-15,Net Banking,Cancelled
53898,1660,2024-01-02,UPI,Delivered
53899,1572,2024-03-19,Credit Card,Delivered
53900,1397,2024-09-08,UPI,Delivered
53901,1891,2025-12-26,Cash on Delivery,Delivered
53902,1414,2025-05-29,UPI,Delivered
53903,1800,2024-04-17,Credit Card,Cancelled
53904,1606,2024-10-13,UPI,Delivered
53905,1685,2025-11-16,Cash on Delivery,Delivered
53906,1761,2024-06-08,Net Banking,Delivered
53907,1736,2025-02-24,UPI,Delivered
53908,1565,2024-12-04,UPI,Processing
53909,1616,2025-07-09,Credit Card,Delivered
53910,1509,2025-07-03,Credit Card,Delivered
53911,1340,2025-08-31,Net Banking,Delivered
53912,1727,2024-03-28,Credit Card,Delivered
53913,1879,2024-11-27,Credit Card,Cancelled
53914,1706,2025-05-19,Debit Card,Delivered
53915,1773,2024-11-01,Credit Card,Delivered
53916,1831,2025-05-02,UPI,Delivered
53917,1368,2025-04-09,UPI,Delivered
53918,1063,2024-09-27,UPI,Delivered
53919,1338,2024-03-14,Debit Card,Delivered
53920,1755,2025-12-09,UPI,Delivered
53921,1816,2025-08-25,Credit Card,Processing
53922,1514,2025-10-15,UPI,Delivered
53923,1779,2024-08-06,Debit Card,Delivered
53924,1075,2024-08-18,UPI,Delivered
53925,1645,2024-08-24,Credit Card,Shipped
53926,1680,2024-01-23,UPI,Delivered
53927,1508,2024-05-03,UPI,Delivered
53928,1717,2024-08-13,UPI,Delivered
53929,1492,2025-12-21,Credit Card,Delivered
53930,1524,2024-05-29,Debit Card,Delivered
53931,1604,2025-01-05,UPI,Delivered
53932,1794,2025-02-03,Debit Card,Processing
53933,1249,2024-09-19,Credit Card,Delivered
53934,1301,2025-11-01,Credit Card,Returned
53935,1419,2024-03-09,Credit Card,Delivered
53936,1202,2025-09-27,UPI,Delivered
53937,1335,2025-06-26,Debit Card,Delivered
53938,1351,2024-08-11,Debit Card,Delivered
53939,1315,2025-07-14,Debit Card,Shipped
53940,1411,2024-11-08,UPI,Delivered
53941,1505,2025-12-09,Debit Card,Processing
53942,1696,2024-01-27,UPI,Delivered
53943,1303,2024-01-22,Credit Card,Delivered
53944,1846,2025-02-01,UPI,Delivered
53945,1480,2025-11-10,UPI,Delivered
53946,1721,2024-02-16,Debit Card,Delivered
53947,1115,2025-07-21,Net Banking,Cancelled
53948,1174,2025-11-16,UPI,Delivered
53949,1454,2024-12-21,Credit Card,Delivered
53950,1367,2025-09-24,Debit Card,Delivered
53951,1497,2025-07-06,Cash on Delivery,Delivered
53952,1159,2024-06-05,Debit Card,Shipped
53953,1474,2025-09-15,UPI,Delivered
53954,1687,2025-05-25,UPI,Delivered
53955,1729,2024-01-10,Debit Card,Delivered
53956,1249,2025-02-18,UPI,Returned
53957,1345,2025-04-22,Cash on Delivery,Delivered
53958,1526,2025-08-07,Cash on Delivery,Shipped
53959,1518,2025-07-17,Cash on Delivery,Delivered
53960,1792,2024-12-13,UPI,Shipped
53961,1391,2024-08-06,Debit Card,Processing
53962,1671,2024-05-19,Debit Card,Processing
53963,1884,2024-03-05,UPI,Delivered
53964,1299,2025-04-12,UPI,Delivered
53965,1823,2025-12-01,UPI,Shipped
53966,1333,2024-02-28,UPI,Delivered
53967,1335,2025-05-27,Cash on Delivery,Delivered
53968,1654,2025-03-02,Net Banking,Delivered
53969,1622,2024-05-05,UPI,Delivered
53970,1550,2024-06-04,Credit Card,Delivered
53971,1232,2024-07-26,UPI,Delivered
53972,1097,2025-05-15,UPI,Delivered
53973,1909,2024-08-06,UPI,Delivered
53974,1874,2025-08-27,Debit Card,Shipped
53975,1887,2024-09-26,Debit Card,Delivered
53976,1513,2024-03-20,Net Banking,Processing
53977,1885,2024-03-10,Net Banking,Delivered
53978,1474,2024-10-19,UPI,Delivered
53979,1076,2024-10-24,Debit Card,Delivered
53980,1199,2025-06-19,UPI,Delivered
53981,1273,2024-12-15,UPI,Delivered
53982,1377,2024-04-29,Credit Card,Delivered
53983,1940,2024-06-04,UPI,Delivered
53984,1333,2025-02-17,UPI,Delivered
53985,1613,2024-08-31,UPI,Delivered
53986,1271,2025-05-05,UPI,Shipped
53987,1644,2025-11-04,Cash on Delivery,Delivered
53988,1568,2024-09-15,UPI,Delivered
53989,1151,2025-02-06,Credit Card,Delivered
53990,1463,2025-08-30,Cash on Delivery,Delivered
53991,1106,2024-06-02,Credit Card,Delivered
53992,1890,2025-01-07,Credit Card,Delivered
53993,1705,2024-08-10,Cash on Delivery,Shipped
53994,1942,2025-04-02,UPI,Delivered
53995,1876,2025-06-26,UPI,Delivered
53996,1220,2024-04-12,Credit Card,Delivered
53997,1708,2024-05-16,Credit Card,Cancelled
53998,1101,2024-01-17,Net Banking,Delivered
53999,1961,2024-01-09,UPI,Delivered
54000,1786,2024-02-07,Debit Card,Delivered
54001,1681,2025-05-30,Debit Card,Delivered
54002,1995,2025-10-21,Cash on Delivery,Delivered
54003,1847,2024-10-26,UPI,Delivered
54004,1864,2025-10-06,UPI,Delivered
54005,1101,2025-06-16,Cash on Delivery,Delivered
54006,1024,2025-08-12,Debit Card,Delivered
54007,1962,2025-06-24,UPI,Delivered
54008,1252,2024-05-25,UPI,Delivered
54009,1427,2025-01-17,Net Banking,Delivered
54010,1044,2025-01-18,Credit Card,Delivered
54011,1624,2025-04-13,Credit Card,Processing
54012,1821,2025-08-04,Net Banking,Shipped
54013,1842,2024-03-23,UPI,Delivered
54014,1582,2025-05-07,UPI,Delivered
54015,1662,2025-08-31,Debit Card,Cancelled
54016,1514,2024-03-25,Cash on Delivery,Delivered
54017,1447,2024-10-29,UPI,Delivered
54018,1555,2025-10-15,Debit Card,Delivered
54019,1936,2024-01-18,UPI,Delivered
54020,1253,2024-04-27,UPI,Delivered
54021,1471,2025-08-09,Cash on Delivery,Cancelled
54022,1602,2024-05-05,UPI,Processing
54023,1571,2025-05-27,UPI,Delivered
54024,1031,2025-10-19,Debit Card,Delivered
54025,1288,2024-12-29,UPI,Delivered
54026,1647,2024-12-19,Credit Card,Delivered
54027,1695,2024-11-08,Net Banking,Delivered
54028,1735,2024-09-29,UPI,Cancelled
54029,1992,2024-10-04,Debit Card,Delivered
54030,1674,2025-02-08,UPI,Delivered
54031,1580,2025-10-15,UPI,Delivered
54032,1333,2025-12-17,Debit Card,Delivered
54033,1371,2025-09-24,UPI,Delivered
54034,1827,2024-03-28,Net Banking,Delivered
54035,1469,2024-08-11,Cash on Delivery,Delivered
54036,1716,2025-07-06,Net Banking,Delivered
54037,1125,2025-02-02,UPI,Shipped
54038,1129,2024-09-01,UPI,Delivered
54039,1216,2024-08-15,Cash on Delivery,Shipped
54040,1196,2024-03-26,Credit Card,Delivered
54041,1607,2024-08-30,Debit Card,Delivered
54042,1638,2024-11-04,Net Banking,Delivered
54043,1558,2024-10-30,UPI,Returned
54044,1290,2025-02-04,UPI,Delivered
54045,1577,2024-07-18,Debit Card,Delivered
54046,1120,2024-05-30,Credit Card,Cancelled
54047,1473,2025-10-09,UPI,Cancelled
54048,1155,2024-10-22,Credit Card,Delivered
54049,1077,2024-07-04,Net Banking,Delivered
54050,1166,2025-04-09,UPI,Delivered
54051,1112,2025-01-30,UPI,Delivered
54052,1478,2025-02-24,Debit Card,Delivered
54053,1546,2024-06-10,Net Banking,Returned
54054,1608,2025-06-11,Cash on Delivery,Delivered
54055,1440,2024-05-20,UPI,Delivered
54056,1177,2025-09-02,Cash on Delivery,Delivered
54057,1021,2024-11-05,Debit Card,Delivered
54058,1713,2024-10-25,Debit Card,Delivered
54059,1983,2024-10-10,UPI,Delivered
54060,1282,2024-11-04,UPI,Cancelled
54061,1205,2025-04-30,Credit Card,Delivered
54062,1312,2024-12-28,UPI,Delivered
54063,1215,2024-04-02,UPI,Delivered
54064,1224,2025-02-17,Cash on Delivery,Returned
54065,1495,2024-07-13,UPI,Delivered
54066,1786,2024-03-20,Cash on Delivery,Delivered
54067,1713,2025-09-05,Credit Card,Delivered
54068,1960,2024-08-16,Net Banking,Delivered
54069,1358,2025-03-10,UPI,Delivered
54070,1493,2024-05-05,Debit Card,Delivered
54071,1381,2024-09-04,Credit Card,Delivered
54072,1043,2024-10-08,Cash on Delivery,Cancelled
54073,1389,2024-04-07,UPI,Cancelled
54074,1261,2025-12-11,UPI,Delivered
54075,1479,2024-08-15,Cash on Delivery,Returned
54076,1159,2025-03-01,UPI,Delivered
54077,1742,2025-02-16,Debit Card,Delivered
54078,1843,2024-11-09,UPI,Cancelled
54079,1961,2025-03-03,UPI,Delivered
54080,1085,2025-02-17,Credit Card,Delivered
54081,1118,2024-02-28,Credit Card,Delivered
54082,1967,2025-05-03,Credit Card,Delivered
54083,1849,2024-03-24,Credit Card,Delivered
54084,1589,2024-11-13,Debit Card,Returned
54085,1322,2024-09-23,Cash on Delivery,Delivered
54086,1518,2024-11-22,UPI,Delivered
54087,1536,2024-02-22,UPI,Delivered
54088,1848,2025-05-27,UPI,Delivered
54089,1530,2024-11-01,Debit Card,Delivered
54090,1028,2024-02-14,UPI,Delivered
54091,1700,2024-01-03,Debit Card,Delivered
54092,1778,2025-01-29,Credit Card,Delivered
54093,1299,2025-05-01,Debit Card,Delivered
54094,1117,2025-02-03,Net Banking,Delivered
54095,1143,2025-06-09,Credit Card,Delivered
54096,1841,2025-07-06,Credit Card,Shipped
54097,1448,2025-09-28,UPI,Delivered
54098,1530,2025-12-18,Credit Card,Delivered
54099,1961,2025-10-07,UPI,Delivered
54100,1062,2025-08-03,Net Banking,Processing
54101,1206,2024-11-10,Credit Card,Returned
54102,1834,2025-01-02,UPI,Delivered
54103,1541,2025-03-25,UPI,Delivered
54104,1028,2024-05-03,Credit Card,Delivered
54105,1703,2025-05-09,Cash on Delivery,Returned
54106,1139,2025-03-05,UPI,Delivered
54107,1783,2025-01-14,UPI,Delivered
54108,1798,2025-09-01,Credit Card,Cancelled
54109,1825,2025-05-16,Cash on Delivery,Delivered
54110,1465,2025-11-11,Net Banking,Delivered
54111,1268,2025-12-13,UPI,Delivered
54112,1882,2025-08-25,Debit Card,Cancelled
54113,1559,2024-08-05,Net Banking,Delivered
54114,1636,2024-05-17,Debit Card,Processing
54115,1137,2024-08-06,Credit Card,Delivered
54116,1624,2025-06-04,Debit Card,Delivered
54117,1581,2025-09-22,Credit Card,Cancelled
54118,1293,2025-10-04,UPI,Delivered
54119,1767,2025-05-14,UPI,Delivered
54120,1134,2025-05-12,UPI,Delivered
54121,1720,2025-11-25,UPI,Shipped
54122,1962,2025-05-15,Credit Card,Delivered
54123,1568,2024-04-12,Net Banking,Delivered
54124,1105,2024-12-31,Net Banking,Processing
54125,1554,2024-09-18,UPI,Cancelled
54126,1530,2025-04-09,UPI,Processing
54127,1553,2025-04-09,Debit Card,Delivered
54128,1273,2024-08-02,Credit Card,Returned
54129,1627,2024-08-06,UPI,Processing
54130,1265,2024-03-05,Net Banking,Delivered
54131,1558,2024-08-02,UPI,Returned
54132,1595,2025-08-27,UPI,Delivered
54133,1646,2025-04-23,Debit Card,Cancelled
54134,1798,2025-11-19,Debit Card,Delivered
54135,1883,2025-11-07,Credit Card,Delivered
54136,1778,2025-09-17,Debit Card,Delivered
54137,1796,2024-05-11,Cash on Delivery,Delivered
54138,1869,2024-08-31,UPI,Delivered
54139,1243,2024-02-11,Debit Card,Delivered
54140,1293,2024-03-09,UPI,Processing
54141,1534,2024-06-17,Credit Card,Delivered
54142,1466,2024-07-23,Credit Card,Delivered
54143,1703,2024-01-12,Credit Card,Delivered
54144,1010,2025-09-07,UPI,Delivered
54145,1139,2025-01-19,Net Banking,Delivered
54146,1747,2025-04-23,UPI,Delivered
54147,1822,2025-04-22,Cash on Delivery,Delivered
54148,1303,2025-12-06,UPI,Delivered
54149,1311,2024-04-17,Net Banking,Processing
54150,1562,2024-09-07,Credit Card,Delivered
54151,1478,2024-08-13,Credit Card,Delivered
54152,1170,2025-02-06,Debit Card,Shipped
54153,1501,2025-01-19,Net Banking,Returned
54154,1820,2025-07-30,Credit Card,Delivered
54155,1730,2025-02-13,Credit Card,Processing
54156,1818,2024-06-19,Credit Card,Delivered
54157,1644,2025-02-16,Credit Card,Cancelled
54158,1878,2025-12-04,Credit Card,Delivered
54159,1250,2025-02-26,Debit Card,Delivered
54160,1046,2025-03-08,Credit Card,Delivered
54161,1115,2024-05-08,Credit Card,Delivered
54162,1993,2024-01-06,Debit Card,Processing
54163,1641,2024-06-01,Cash on Delivery,Delivered
54164,1248,2024-01-19,UPI,Delivered
54165,1855,2024-11-26,UPI,Delivered
54166,1310,2025-10-06,UPI,Delivered
54167,1598,2024-11-22,Debit Card,Cancelled
54168,1250,2025-04-16,Credit Card,Delivered
54169,1095,2025-09-16,Credit Card,Delivered
54170,1268,2025-07-11,UPI,Delivered
54171,1229,2025-04-19,Cash on Delivery,Processing
54172,1553,2025-07-26,Credit Card,Shipped
54173,1021,2024-07-23,Debit Card,Delivered
54174,1240,2024-11-02,UPI,Delivered
54175,1568,2024-10-18,UPI,Shipped
54176,1394,2025-08-05,UPI,Cancelled
54177,1636,2024-10-25,UPI,Delivered
54178,1656,2025-11-15,Credit Card,Delivered
54179,1966,2024-05-16,UPI,Delivered
54180,1837,2024-05-05,UPI,Delivered
54181,1229,2025-06-06,UPI,Delivered
54182,1693,2025-07-11,UPI,Returned
54183,1628,2025-05-10,UPI,Delivered
54184,1595,2024-08-12,UPI,Cancelled
54185,1799,2024-01-07,UPI,Delivered
54186,1148,2024-08-22,Debit Card,Delivered
54187,1376,2024-12-06,Cash on Delivery,Delivered
54188,1817,2024-10-28,Debit Card,Delivered
54189,1893,2025-11-04,UPI,Processing
54190,1038,2025-09-22,Cash on Delivery,Delivered
54191,1472,2025-07-19,Cash on Delivery,Delivered
54192,1265,2024-01-17,Credit Card,Cancelled
54193,1168,2024-04-03,UPI,Delivered
54194,1058,2024-11-12,Debit Card,Delivered
54195,1539,2025-03-29,Cash on Delivery,Processing
54196,1668,2025-05-11,Debit Card,Delivered
54197,1532,2024-08-04,Debit Card,Delivered
54198,1369,2024-03-21,Debit Card,Delivered
54199,1772,2024-08-27,Cash on Delivery,Delivered
54200,1653,2025-08-01,UPI,Delivered
54201,1909,2025-12-21,UPI,Cancelled
54202,1348,2025-11-18,Net Banking,Delivered
54203,1239,2025-03-09,UPI,Returned
54204,1456,2024-03-07,Credit Card,Delivered
54205,1507,2025-12-07,UPI,Delivered
54206,1458,2024-04-21,UPI,Delivered
54207,1833,2024-07-14,UPI,Delivered
54208,1046,2025-12-12,Credit Card,Delivered
54209,1528,2025-01-02,Credit Card,Processing
54210,1431,2024-05-24,Credit Card,Shipped
54211,1211,2025-01-01,UPI,Delivered
54212,1642,2024-02-27,Cash on Delivery,Delivered
54213,1802,2024-08-18,Credit Card,Processing
54214,1547,2025-11-26,Cash on Delivery,Delivered
54215,1085,2024-08-05,UPI,Delivered
54216,1076,2025-10-13,UPI,Delivered
54217,1422,2025-01-31,Net Banking,Delivered
54218,1669,2025-04-23,Net Banking,Delivered
54219,1314,2025-05-28,UPI,Cancelled
54220,1309,2025-02-06,Debit Card,Delivered
54221,1861,2024-01-26,Debit Card,Delivered
54222,1015,2025-11-02,UPI,Cancelled
54223,1080,2024-12-12,Credit Card,Delivered
54224,1156,2025-04-23,UPI,Delivered
54225,1984,2025-02-08,UPI,Delivered
54226,1498,2025-04-25,Net Banking,Shipped
54227,1159,2024-09-15,Credit Card,Delivered
54228,1311,2025-09-07,Net Banking,Delivered
54229,1970,2024-06-12,Debit Card,Delivered
54230,1695,2025-04-21,Cash on Delivery,Returned
54231,1224,2025-02-25,Credit Card,Processing
54232,1241,2025-01-02,Credit Card,Delivered
54233,1075,2024-01-17,UPI,Returned
54234,1773,2024-10-11,Debit Card,Delivered
54235,1138,2024-02-04,Credit Card,Cancelled
54236,1287,2025-01-02,Debit Card,Delivered
54237,1349,2025-05-17,UPI,Delivered
54238,1621,2025-01-16,UPI,Processing
54239,1607,2025-07-06,Net Banking,Delivered
54240,1800,2024-09-20,Net Banking,Delivered
54241,1298,2024-08-11,UPI,Delivered
54242,1386,2024-11-23,Debit Card,Delivered
54243,1389,2024-06-16,Credit Card,Delivered
54244,1047,2025-08-08,Debit Card,Delivered
54245,1738,2025-08-14,Credit Card,Delivered
54246,1536,2024-10-31,Credit Card,Delivered
54247,1476,2025-08-01,UPI,Delivered
54248,1996,2024-01-19,UPI,Delivered
54249,1179,2024-04-22,Net Banking,Shipped
54250,1969,2024-07-25,Credit Card,Delivered
54251,1681,2024-10-10,UPI,Delivered
54252,1222,2024-06-18,UPI,Delivered
54253,1679,2025-01-08,Credit Card,Delivered
54254,1756,2025-08-02,Debit Card,Delivered
54255,1363,2024-11-29,UPI,Delivered
54256,1345,2024-11-23,Debit Card,Delivered
54257,1836,2024-02-13,Net Banking,Delivered
54258,1161,2024-07-23,UPI,Delivered
54259,1014,2025-08-12,Net Banking,Delivered
54260,1666,2025-08-14,UPI,Shipped
54261,1907,2024-03-17,Credit Card,Delivered
54262,1501,2024-01-15,UPI,Cancelled
54263,1135,2025-08-29,UPI,Delivered
54264,1540,2024-05-07,UPI,Delivered
54265,1252,2025-02-23,UPI,Delivered
54266,1828,2025-08-26,Net Banking,Delivered
54267,1613,2025-07-28,Credit Card,Delivered
54268,1337,2025-02-05,Cash on Delivery,Delivered
54269,1625,2024-10-01,Credit Card,Delivered
54270,1668,2025-07-18,Debit Card,Delivered
54271,1679,2025-05-22,UPI,Delivered
54272,1367,2025-09-03,Credit Card,Delivered
54273,1571,2025-01-10,Credit Card,Delivered
54274,1043,2025-11-18,Cash on Delivery,Delivered
54275,1404,2025-07-15,Cash on Delivery,Delivered
54276,1379,2024-02-16,UPI,Delivered
54277,1535,2024-08-02,Debit Card,Delivered
54278,1951,2025-08-06,Debit Card,Delivered
54279,1954,2024-03-25,Credit Card,Returned
54280,1484,2025-06-01,UPI,Delivered
54281,1647,2024-09-05,Debit Card,Delivered
54282,1109,2024-05-31,Net Banking,Delivered
54283,1483,2025-01-29,UPI,Delivered
54284,1688,2025-11-11,Credit Card,Delivered
54285,1683,2025-10-17,UPI,Returned
54286,1964,2024-10-22,Cash on Delivery,Delivered
54287,1467,2024-01-03,UPI,Delivered
54288,1908,2025-10-09,UPI,Returned
54289,1979,2025-10-16,UPI,Delivered
54290,1572,2025-03-17,Net Banking,Delivered
54291,1092,2025-04-03,Debit Card,Delivered
54292,1377,2025-01-19,UPI,Delivered
54293,1765,2024-01-10,UPI,Cancelled
54294,1581,2024-04-26,Debit Card,Delivered
54295,1937,2024-04-14,Credit Card,Shipped
54296,1816,2025-10-29,UPI,Delivered
54297,1064,2024-02-06,Cash on Delivery,Shipped
54298,1862,2025-02-10,UPI,Shipped
54299,1358,2024-09-21,Credit Card,Shipped
54300,1819,2024-01-05,UPI,Processing
54301,1508,2025-11-02,Debit Card,Delivered
54302,1456,2024-01-14,Debit Card,Delivered
54303,1073,2025-09-16,Credit Card,Delivered
54304,1119,2025-07-21,Debit Card,Delivered
54305,1596,2025-08-02,Cash on Delivery,Delivered
54306,1570,2024-04-28,Net Banking,Delivered
54307,1555,2025-10-05,Credit Card,Delivered
54308,1157,2025-03-13,Credit Card,Delivered
54309,1510,2024-10-20,Cash on Delivery,Returned
54310,1061,2025-05-12,UPI,Delivered
54311,1145,2024-09-06,UPI,Shipped
54312,1499,2024-07-22,UPI,Delivered
54313,1617,2024-07-29,Net Banking,Returned
54314,1656,2025-02-19,UPI,Delivered
54315,1982,2025-03-14,UPI,Delivered
54316,1855,2024-06-24,Debit Card,Delivered
54317,1380,2024-06-28,UPI,Returned
54318,1783,2025-11-21,UPI,Delivered
54319,1096,2025-01-10,Credit Card,Shipped
54320,1858,2025-09-19,UPI,Shipped
54321,1387,2024-08-29,Cash on Delivery,Delivered
54322,1761,2024-07-29,UPI,Delivered
54323,1971,2024-07-25,Net Banking,Cancelled
54324,1704,2025-01-21,Credit Card,Cancelled
54325,1921,2025-07-22,UPI,Delivered
54326,1011,2024-12-31,UPI,Delivered
54327,1171,2024-08-03,Credit Card,Delivered
54328,1627,2025-12-01,UPI,Delivered
54329,1541,2025-02-21,UPI,Shipped
54330,1121,2024-10-14,Cash on Delivery,Shipped
54331,1719,2024-01-08,Credit Card,Delivered
54332,1059,2025-02-14,Cash on Delivery,Delivered
54333,1991,2025-03-29,UPI,Delivered
54334,1157,2025-11-08,UPI,Shipped
54335,1446,2024-06-17,Credit Card,Delivered
54336,1824,2024-04-28,UPI,Delivered
54337,1515,2025-12-30,UPI,Delivered
54338,1744,2025-02-05,UPI,Delivered
54339,1704,2024-01-20,UPI,Delivered
54340,1949,2024-03-18,Debit Card,Shipped
54341,1464,2024-12-13,UPI,Cancelled
54342,1979,2025-03-26,Cash on Delivery,Delivered
54343,1517,2024-06-26,UPI,Delivered
54344,1894,2024-09-23,UPI,Delivered
54345,1733,2025-06-21,UPI,Delivered
54346,1133,2025-12-07,Credit Card,Delivered
54347,1644,2024-12-24,Net Banking,Delivered
54348,1879,2024-10-30,Net Banking,Delivered
54349,1129,2024-09-20,UPI,Shipped
54350,1839,2024-04-09,Credit Card,Delivered
54351,1106,2024-02-08,Net Banking,Shipped
54352,1872,2025-08-31,UPI,Delivered
54353,1789,2024-01-28,Credit Card,Delivered
54354,1152,2025-08-22,UPI,Delivered
54355,1727,2024-06-29,Credit Card,Delivered
54356,1117,2025-05-22,Credit Card,Delivered
54357,1569,2025-11-25,Credit Card,Shipped
54358,1924,2025-06-30,Cash on Delivery,Cancelled
54359,1206,2025-06-16,Credit Card,Delivered
54360,1174,2024-07-12,Cash on Delivery,Delivered
54361,1423,2025-03-12,Debit Card,Delivered
54362,1369,2025-04-13,UPI,Delivered
54363,1049,2024-11-06,Credit Card,Delivered
54364,1456,2024-01-28,Credit Card,Delivered
54365,1260,2025-10-28,Net Banking,Processing
54366,1125,2024-05-23,UPI,Processing
54367,1277,2025-12-11,Cash on Delivery,Delivered
54368,1021,2025-11-11,Credit Card,Delivered
54369,1916,2024-01-14,Debit Card,Delivered
54370,1995,2025-06-23,Credit Card,Delivered
54371,1368,2025-04-07,Credit Card,Delivered
54372,1877,2024-06-17,Debit Card,Delivered
54373,1462,2025-08-16,Debit Card,Delivered
54374,1913,2024-03-22,UPI,Processing
54375,1174,2024-06-30,Credit Card,Delivered
54376,1285,2025-11-23,UPI,Shipped
54377,1740,2025-06-26,Debit Card,Delivered
54378,1221,2024-03-22,Credit Card,Delivered
54379,1824,2024-04-15,UPI,Delivered
54380,1426,2024-07-06,Debit Card,Delivered
54381,1404,2024-02-21,Credit Card,Delivered
54382,1454,2024-05-13,Credit Card,Delivered
54383,1798,2025-02-21,Debit Card,Shipped
54384,1006,2024-01-06,Debit Card,Delivered
54385,1751,2024-07-28,Debit Card,Delivered
54386,1780,2024-08-17,UPI,Delivered
54387,1822,2025-12-09,UPI,Delivered
54388,1997,2025-12-12,Debit Card,Delivered
54389,1783,2025-09-09,UPI,Delivered
54390,1529,2024-09-06,UPI,Delivered
54391,1467,2025-01-19,UPI,Delivered
54392,1389,2025-01-03,UPI,Delivered
54393,1828,2025-09-19,Cash on Delivery,Delivered
54394,1393,2025-06-28,UPI,Delivered
54395,1573,2025-10-23,UPI,Delivered
54396,1097,2025-02-06,Cash on Delivery,Shipped
54397,1318,2025-11-02,Cash on Delivery,Delivered
54398,1267,2025-06-26,UPI,Delivered
54399,1436,2025-06-23,Cash on Delivery,Cancelled
54400,1503,2025-04-27,UPI,Delivered
54401,1717,2024-09-02,Debit Card,Delivered
54402,1432,2025-03-20,UPI,Delivered
54403,1151,2024-09-17,Credit Card,Delivered
54404,1546,2025-04-19,UPI,Delivered
54405,1055,2024-07-04,Debit Card,Processing
54406,1850,2025-08-06,UPI,Delivered
54407,1771,2025-02-21,Credit Card,Delivered
54408,1226,2025-06-02,Debit Card,Delivered
54409,1264,2024-06-10,UPI,Delivered
54410,1028,2025-07-31,Cash on Delivery,Delivered
54411,1365,2025-08-08,UPI,Delivered
54412,1039,2024-04-16,UPI,Delivered
54413,1937,2024-09-12,UPI,Delivered
54414,1135,2025-05-09,UPI,Delivered
54415,1660,2025-09-29,UPI,Delivered
54416,1571,2025-06-22,Credit Card,Delivered
54417,1237,2024-12-10,Debit Card,Delivered
54418,1809,2024-08-06,Credit Card,Delivered
54419,1109,2025-10-26,Credit Card,Delivered
54420,1887,2025-09-30,Net Banking,Delivered
54421,1741,2025-10-16,UPI,Delivered
54422,1636,2024-08-10,Debit Card,Returned
54423,1880,2024-11-14,Cash on Delivery,Delivered
54424,1404,2024-06-26,UPI,Delivered
54425,1282,2025-11-27,Debit Card,Delivered
54426,1155,2025-09-24,Cash on Delivery,Delivered
54427,1925,2024-05-06,Credit Card,Delivered
54428,1402,2024-06-29,Cash on Delivery,Delivered
54429,1830,2025-02-06,UPI,Delivered
54430,1333,2024-10-30,Credit Card,Delivered
54431,1955,2024-12-01,UPI,Delivered
54432,1871,2024-09-25,UPI,Delivered
54433,1309,2025-05-06,Cash on Delivery,Cancelled
54434,1487,2025-10-17,UPI,Delivered
54435,1794,2025-10-31,Cash on Delivery,Delivered
54436,1227,2024-11-28,Debit Card,Delivered
54437,1024,2025-08-27,Cash on Delivery,Delivered
54438,1289,2025-05-21,Cash on Delivery,Shipped
54439,1591,2024-05-23,Credit Card,Delivered
54440,1137,2025-08-02,Cash on Delivery,Processing
54441,1334,2024-09-12,Debit Card,Delivered
54442,1919,2025-04-03,Credit Card,Delivered
54443,1076,2025-06-10,Debit Card,Processing
54444,1051,2025-11-19,UPI,Delivered
54445,1424,2025-11-23,UPI,Returned
54446,1013,2025-08-08,UPI,Cancelled
54447,1028,2025-01-04,Credit Card,Delivered
54448,1183,2024-10-19,UPI,Delivered
54449,1103,2024-11-18,Credit Card,Shipped
54450,1811,2025-11-25,Debit Card,Delivered
54451,1123,2024-05-29,Debit Card,Delivered
54452,1524,2025-01-17,Cash on Delivery,Delivered
54453,1706,2025-05-11,Cash on Delivery,Delivered
54454,1626,2024-01-17,Cash on Delivery,Delivered
54455,1654,2025-04-08,Debit Card,Delivered
54456,1358,2024-07-08,UPI,Delivered
54457,1889,2024-07-23,Cash on Delivery,Delivered
54458,1069,2025-03-29,UPI,Delivered
54459,1108,2024-01-07,UPI,Delivered
54460,1857,2024-04-24,UPI,Delivered
54461,1069,2024-11-28,Credit Card,Delivered
54462,1192,2025-03-02,Debit Card,Delivered
54463,1174,2024-03-20,UPI,Delivered
54464,1034,2024-09-20,Debit Card,Delivered
54465,1118,2024-08-12,UPI,Delivered
54466,1573,2025-01-25,UPI,Delivered
54467,1662,2024-08-07,UPI,Delivered
54468,1084,2024-01-02,UPI,Returned
54469,1943,2025-01-21,Debit Card,Delivered
54470,1096,2025-09-11,UPI,Delivered
54471,1688,2025-03-02,UPI,Processing
54472,1801,2024-09-21,UPI,Delivered
54473,1521,2024-12-18,Debit Card,Shipped
54474,1492,2024-04-12,Cash on Delivery,Delivered
54475,1110,2024-06-21,Debit Card,Delivered
54476,1242,2024-11-15,Credit Card,Delivered
54477,1851,2025-03-08,Cash on Delivery,Delivered
54478,1349,2024-12-20,UPI,Delivered
54479,1035,2025-12-03,UPI,Delivered
54480,1730,2025-04-10,Credit Card,Delivered
54481,1684,2024-01-17,UPI,Delivered
54482,1067,2025-01-17,Credit Card,Shipped
54483,1052,2025-03-01,Credit Card,Delivered
54484,1117,2024-02-01,UPI,Returned
54485,1051,2024-10-08,Credit Card,Delivered
54486,1617,2025-09-28,Credit Card,Delivered
54487,1133,2024-09-17,UPI,Delivered
54488,1607,2024-11-29,Net Banking,Delivered
54489,1177,2024-06-10,Debit Card,Shipped
54490,1973,2024-02-26,UPI,Delivered
54491,1726,2024-08-20,UPI,Delivered
54492,1375,2025-07-18,UPI,Delivered
54493,1429,2025-12-18,UPI,Delivered
54494,1066,2025-04-26,UPI,Delivered
54495,1055,2025-08-29,UPI,Delivered
54496,1538,2025-04-19,Net Banking,Delivered
54497,1023,2025-04-25,Net Banking,Delivered
54498,1639,2024-11-07,Net Banking,Delivered
54499,1383,2024-02-14,Debit Card,Delivered
54500,1140,2024-10-26,Debit Card,Delivered
54501,1536,2025-09-23,Debit Card,Delivered
54502,1553,2025-01-26,Cash on Delivery,Delivered
54503,1747,2025-07-10,Debit Card,Delivered
54504,1198,2024-02-06,Debit Card,Delivered
54505,1548,2024-05-26,Net Banking,Delivered
54506,1845,2024-08-06,Credit Card,Delivered
54507,1270,2024-09-19,UPI,Delivered
54508,1836,2025-12-22,UPI,Delivered
54509,1724,2024-12-03,Credit Card,Delivered
54510,1430,2025-04-28,UPI,Delivered
54511,1884,2025-04-15,UPI,Delivered
54512,1967,2024-11-01,UPI,Delivered
54513,1237,2025-12-06,UPI,Delivered
54514,1980,2024-06-11,Cash on Delivery,Delivered
54515,1003,2024-01-26,UPI,Delivered
54516,1130,2025-06-28,UPI,Delivered
54517,1044,2025-04-22,Credit Card,Returned
54518,1368,2024-07-09,UPI,Delivered
54519,1937,2025-09-25,Debit Card,Delivered
54520,1601,2024-04-28,Debit Card,Delivered
54521,1617,2024-07-02,UPI,Delivered
54522,1085,2024-04-22,Credit Card,Delivered
54523,1517,2024-05-15,UPI,Returned
54524,1383,2025-06-16,Debit Card,Delivered
54525,1480,2025-05-28,Cash on Delivery,Delivered
54526,1262,2025-04-14,Cash on Delivery,Delivered
54527,1202,2025-09-20,UPI,Delivered
54528,1953,2024-02-20,Debit Card,Delivered
54529,1559,2025-03-28,Net Banking,Cancelled
54530,1412,2024-03-24,Net Banking,Processing
54531,1074,2025-11-28,UPI,Delivered
54532,1763,2025-04-07,Credit Card,Delivered
54533,1473,2025-07-08,UPI,Delivered
54534,1387,2025-02-20,UPI,Delivered
54535,1667,2024-10-07,Debit Card,Delivered
54536,1132,2025-05-15,Credit Card,Delivered
54537,1534,2025-09-02,UPI,Cancelled
54538,1864,2024-05-09,Net Banking,Delivered
54539,1464,2025-09-28,Credit Card,Shipped
54540,1001,2025-06-14,Cash on Delivery,Shipped
54541,1230,2024-03-03,Net Banking,Delivered
54542,1056,2025-11-14,Net Banking,Delivered
54543,1501,2024-05-11,Debit Card,Delivered
54544,1365,2025-03-14,UPI,Cancelled
54545,1133,2024-04-04,UPI,Delivered
54546,1687,2024-05-23,Cash on Delivery,Shipped
54547,1177,2025-04-14,UPI,Delivered
54548,1342,2025-05-11,Credit Card,Delivered
54549,1988,2025-05-16,Debit Card,Processing
54550,1067,2024-09-07,UPI,Delivered
54551,1248,2025-08-21,UPI,Delivered
54552,1318,2024-02-05,Credit Card,Delivered
54553,1509,2025-09-15,UPI,Delivered
54554,1245,2024-08-08,Debit Card,Delivered
54555,1971,2025-03-29,UPI,Delivered
54556,1006,2025-10-23,Credit Card,Delivered
54557,1949,2024-07-05,UPI,Delivered
54558,1535,2024-10-27,Debit Card,Delivered
54559,1039,2025-08-27,UPI,Delivered
54560,1117,2025-09-23,UPI,Delivered
54561,1104,2024-06-20,Net Banking,Shipped
54562,1288,2025-01-06,UPI,Delivered
54563,1334,2024-08-31,Debit Card,Returned
54564,1642,2025-01-12,UPI,Delivered
54565,1312,2024-10-03,UPI,Delivered
54566,1726,2024-01-04,UPI,Delivered
54567,1294,2025-11-05,Cash on Delivery,Delivered
54568,1264,2025-04-10,Credit Card,Delivered
54569,1276,2024-12-03,UPI,Shipped
54570,1330,2024-03-19,Credit Card,Delivered
54571,1838,2024-02-22,Credit Card,Cancelled
54572,1247,2024-12-15,Net Banking,Delivered
54573,1274,2025-04-18,Cash on Delivery,Delivered
54574,1957,2024-07-09,Credit Card,Delivered
54575,1654,2025-06-27,Credit Card,Delivered
54576,1191,2024-10-13,UPI,Delivered
54577,1869,2024-01-09,Cash on Delivery,Cancelled
54578,1184,2025-01-27,Credit Card,Cancelled
54579,1163,2024-05-12,UPI,Delivered
54580,1446,2024-01-11,Cash on Delivery,Delivered
54581,1692,2024-04-04,Cash on Delivery,Delivered
54582,1190,2024-07-26,Credit Card,Delivered
54583,1754,2025-01-10,UPI,Delivered
54584,1157,2025-12-23,Debit Card,Delivered
54585,1782,2024-06-08,Net Banking,Processing
54586,1096,2024-02-11,Credit Card,Delivered
54587,1465,2024-05-19,UPI,Delivered
54588,1641,2024-08-21,UPI,Cancelled
54589,1266,2024-05-29,UPI,Delivered
54590,1613,2024-08-22,UPI,Delivered
54591,1689,2025-12-08,Debit Card,Returned
54592,1651,2024-10-03,UPI,Delivered
54593,1397,2025-04-08,Credit Card,Delivered
54594,1774,2025-05-14,Net Banking,Delivered
54595,1732,2024-04-05,Credit Card,Shipped
54596,1327,2024-06-29,UPI,Delivered
54597,1734,2024-10-30,Cash on Delivery,Delivered
54598,1919,2024-12-01,UPI,Delivered
54599,1817,2024-01-10,Cash on Delivery,Delivered
54600,1734,2025-04-15,UPI,Delivered
54601,1767,2024-08-07,Credit Card,Delivered
54602,1805,2024-08-23,Debit Card,Cancelled
54603,1290,2025-03-16,UPI,Delivered
54604,1721,2025-11-23,Credit Card,Shipped
54605,1200,2025-09-23,UPI,Processing
54606,1359,2025-12-16,Credit Card,Cancelled
54607,1935,2024-10-28,UPI,Delivered
54608,1284,2024-03-28,Net Banking,Delivered
54609,1844,2024-06-06,Credit Card,Shipped
54610,1423,2024-09-07,Credit Card,Delivered
54611,1210,2024-08-07,UPI,Delivered
54612,1098,2024-05-31,Credit Card,Delivered
54613,1549,2024-04-20,Credit Card,Delivered
54614,1452,2024-05-16,UPI,Delivered
54615,1512,2025-04-25,Debit Card,Shipped
54616,1044,2024-12-24,UPI,Delivered
54617,1269,2024-01-28,UPI,Delivered
54618,1004,2025-02-15,Debit Card,Delivered
54619,1303,2025-09-06,UPI,Processing
54620,1932,2024-11-06,UPI,Delivered
54621,1153,2024-08-20,Debit Card,Delivered
54622,1690,2024-07-17,Debit Card,Delivered
54623,1006,2024-10-03,UPI,Shipped
54624,1562,2024-07-22,UPI,Delivered
54625,1921,2025-11-05,Credit Card,Delivered
54626,1342,2025-12-25,Credit Card,Delivered
54627,1198,2024-09-07,Credit Card,Cancelled
54628,1571,2025-11-05,Debit Card,Delivered
54629,1279,2025-09-15,Debit Card,Delivered
54630,1892,2024-02-25,Cash on Delivery,Delivered
54631,1849,2024-12-24,UPI,Delivered
54632,1653,2025-04-24,UPI,Delivered
54633,1640,2024-11-04,UPI,Delivered
54634,1603,2024-11-29,UPI,Delivered
54635,1736,2024-12-26,Credit Card,Shipped
54636,1461,2025-05-17,Net Banking,Delivered
54637,1970,2024-08-02,UPI,Processing
54638,1346,2025-03-11,UPI,Delivered
54639,1009,2024-06-26,Credit Card,Delivered
54640,1699,2025-10-11,Cash on Delivery,Delivered
54641,1663,2024-03-02,UPI,Delivered
54642,1981,2024-02-18,Debit Card,Processing
54643,1396,2024-01-28,Net Banking,Delivered
54644,1425,2024-09-12,Credit Card,Cancelled
54645,1563,2025-03-18,Debit Card,Delivered
54646,1393,2025-12-20,Credit Card,Delivered
54647,1785,2024-11-27,UPI,Delivered
54648,1429,2024-05-13,Credit Card,Delivered
54649,1784,2024-09-25,UPI,Processing
54650,1426,2024-04-02,Debit Card,Delivered
54651,1226,2024-12-10,Net Banking,Delivered
54652,1991,2025-06-16,UPI,Shipped
54653,1527,2024-01-26,Credit Card,Delivered
54654,1707,2025-07-21,UPI,Delivered
54655,1592,2024-06-15,UPI,Delivered
54656,1360,2025-05-05,Debit Card,Delivered
54657,1973,2025-08-18,UPI,Delivered
54658,1372,2025-07-20,Net Banking,Delivered
54659,1994,2025-05-04,UPI,Delivered
54660,1431,2025-05-21,Net Banking,Returned
54661,1023,2024-05-16,UPI,Delivered
54662,1037,2024-04-09,UPI,Delivered
54663,1974,2024-10-05,Debit Card,Returned
54664,1528,2025-03-20,Credit Card,Delivered
54665,1388,2025-03-27,UPI,Delivered
54666,1812,2025-07-21,Net Banking,Delivered
54667,1618,2024-08-13,UPI,Delivered
54668,1661,2025-09-23,UPI,Returned
54669,1686,2024-11-23,Credit Card,Delivered
54670,1199,2024-06-28,Credit Card,Delivered
54671,1089,2025-06-20,Debit Card,Delivered
54672,1729,2024-04-03,Net Banking,Delivered
54673,1022,2024-10-22,Credit Card,Cancelled
54674,1720,2025-07-24,UPI,Delivered
54675,1130,2025-07-16,UPI,Delivered
54676,1263,2024-07-06,UPI,Delivered
54677,1708,2024-05-01,Debit Card,Delivered
54678,1623,2024-01-24,UPI,Delivered
54679,1782,2024-03-06,Debit Card,Delivered
54680,1611,2025-08-25,Credit Card,Delivered
54681,1048,2025-07-26,Net Banking,Returned
54682,1840,2025-01-04,UPI,Processing
54683,1216,2025-02-20,UPI,Delivered
54684,1137,2024-08-26,Cash on Delivery,Processing
54685,1879,2024-05-20,Credit Card,Delivered
54686,1195,2024-01-09,Credit Card,Delivered
54687,1537,2025-05-05,Debit Card,Delivered
54688,1486,2024-01-26,Cash on Delivery,Shipped
54689,1770,2024-03-17,UPI,Delivered
54690,1045,2025-08-01,Cash on Delivery,Delivered
54691,1107,2025-03-01,UPI,Delivered
54692,1416,2024-12-23,Cash on Delivery,Delivered
54693,1474,2024-06-08,UPI,Delivered
54694,1789,2024-04-19,UPI,Delivered
54695,1606,2024-12-06,UPI,Shipped
54696,1149,2024-09-18,Net Banking,Delivered
54697,1979,2025-01-24,Cash on Delivery,Delivered
54698,1460,2024-04-30,UPI,Shipped
54699,1965,2024-06-17,UPI,Delivered
54700,1990,2024-03-23,UPI,Delivered
54701,1052,2024-11-05,UPI,Delivered
54702,1506,2024-07-20,Net Banking,Delivered
54703,1423,2024-06-12,UPI,Delivered
54704,1499,2025-02-05,Cash on Delivery,Delivered
54705,1310,2024-12-29,Cash on Delivery,Shipped
54706,1559,2024-06-02,UPI,Shipped
54707,1493,2025-05-25,Credit Card,Delivered
54708,1187,2024-09-07,Cash on Delivery,Delivered
54709,1289,2024-09-06,Net Banking,Delivered
54710,1148,2024-12-14,Debit Card,Delivered
54711,1844,2024-04-11,UPI,Delivered
54712,1678,2024-11-02,UPI,Delivered
54713,1388,2025-03-01,Net Banking,Delivered
54714,1396,2024-04-03,UPI,Delivered
54715,1080,2025-02-16,Debit Card,Delivered
54716,1290,2024-01-29,Debit Card,Delivered
54717,1925,2025-03-16,Credit Card,Delivered
54718,1032,2024-01-26,UPI,Delivered
54719,1147,2024-05-07,Credit Card,Shipped
54720,1847,2024-09-12,Net Banking,Delivered
54721,1521,2025-03-24,UPI,Delivered
54722,1033,2025-06-08,UPI,Delivered
54723,1490,2024-12-08,Cash on Delivery,Delivered
54724,1750,2024-04-05,Debit Card,Delivered
54725,1346,2024-10-09,Credit Card,Delivered
54726,1382,2025-07-28,Net Banking,Delivered
54727,1632,2024-03-06,Credit Card,Delivered
54728,1599,2025-06-06,Cash on Delivery,Delivered
54729,1903,2024-10-08,Net Banking,Cancelled
54730,1248,2024-01-03,UPI,Delivered
54731,1277,2025-05-22,UPI,Delivered
54732,1156,2024-01-20,UPI,Delivered
54733,1665,2024-09-26,Debit Card,Delivered
54734,1534,2024-05-22,Debit Card,Returned
54735,1347,2025-03-02,Credit Card,Delivered
54736,1696,2024-02-10,Cash on Delivery,Delivered
54737,1377,2024-03-07,Credit Card,Delivered
54738,1196,2025-01-22,Net Banking,Delivered
54739,1540,2025-12-26,Debit Card,Delivered
54740,1437,2024-01-29,Credit Card,Delivered
54741,1406,2024-12-02,UPI,Delivered
54742,1445,2025-08-08,Debit Card,Delivered
54743,1915,2024-07-31,Debit Card,Delivered
54744,1216,2024-12-25,UPI,Delivered
54745,1276,2025-09-04,Net Banking,Delivered
54746,1566,2025-06-15,Credit Card,Delivered
54747,1047,2024-08-02,UPI,Delivered
54748,1146,2025-07-02,Net Banking,Delivered
54749,1567,2025-05-08,UPI,Delivered
54750,1510,2025-01-04,Debit Card,Delivered
54751,1653,2024-11-18,Debit Card,Cancelled
54752,1114,2025-11-06,UPI,Delivered
54753,1854,2025-09-30,Credit Card,Delivered
54754,1486,2025-12-23,UPI,Delivered
54755,1156,2025-05-08,UPI,Delivered
54756,1312,2024-09-19,Debit Card,Delivered
54757,1228,2024-03-21,UPI,Shipped
54758,1453,2024-04-01,Cash on Delivery,Delivered
54759,1470,2025-11-25,Credit Card,Returned
54760,1434,2024-09-22,UPI,Cancelled
54761,1462,2024-03-21,Cash on Delivery,Delivered
54762,1908,2024-06-12,Credit Card,Delivered
54763,1960,2024-01-16,Debit Card,Delivered
54764,1490,2025-01-22,Debit Card,Processing
54765,1964,2025-03-07,Net Banking,Delivered
54766,1819,2024-10-03,UPI,Delivered
54767,1820,2025-06-27,UPI,Delivered
54768,1226,2024-12-16,Cash on Delivery,Delivered
54769,1439,2025-12-01,UPI,Delivered
54770,1353,2025-07-11,Debit Card,Shipped
54771,1097,2024-02-24,Debit Card,Delivered
54772,1076,2024-07-19,Credit Card,Shipped
54773,1623,2025-07-04,Net Banking,Delivered
54774,1421,2025-01-27,Cash on Delivery,Delivered
54775,1826,2025-07-03,UPI,Delivered
54776,1669,2024-09-01,Debit Card,Delivered
54777,1086,2024-01-28,Debit Card,Delivered
54778,1839,2025-07-27,UPI,Delivered
54779,1497,2025-07-27,Cash on Delivery,Delivered
54780,1566,2025-04-11,Credit Card,Shipped
54781,1966,2024-10-22,UPI,Delivered
54782,1641,2024-01-07,Net Banking,Delivered
54783,1023,2025-06-15,Cash on Delivery,Delivered
54784,1178,2025-04-26,UPI,Delivered
54785,1427,2025-05-02,Debit Card,Processing
54786,1038,2024-05-04,UPI,Shipped
54787,1168,2025-06-17,UPI,Shipped
54788,1792,2025-06-12,UPI,Shipped
54789,1143,2025-09-17,Net Banking,Delivered
54790,1168,2025-02-18,UPI,Returned
54791,1505,2025-06-18,UPI,Delivered
54792,1092,2024-10-20,Debit Card,Delivered
54793,1256,2025-05-23,Credit Card,Delivered
54794,1938,2025-05-21,UPI,Delivered
54795,1632,2025-07-23,UPI,Delivered
54796,1964,2025-09-17,Net Banking,Delivered
54797,1355,2024-01-03,Debit Card,Delivered
54798,1617,2025-07-22,Debit Card,Processing
54799,1239,2025-08-01,UPI,Delivered
54800,1379,2025-02-02,Credit Card,Delivered
54801,1175,2025-01-14,Net Banking,Delivered
54802,1834,2025-06-11,UPI,Shipped
54803,1185,2024-11-28,UPI,Shipped
54804,1205,2024-10-29,Credit Card,Delivered
54805,1464,2025-08-09,UPI,Processing
54806,1430,2025-07-29,UPI,Delivered
54807,1314,2024-05-31,Cash on Delivery,Shipped
54808,1358,2025-08-28,Credit Card,Delivered
54809,1296,2024-08-26,Debit Card,Delivered
54810,1913,2024-04-10,UPI,Delivered
54811,1581,2025-10-03,Debit Card,Delivered
54812,1920,2024-06-22,Credit Card,Delivered
54813,1987,2024-05-28,Cash on Delivery,Delivered
54814,1651,2024-07-16,Credit Card,Delivered
54815,1826,2024-12-24,Net Banking,Delivered
54816,1111,2024-05-01,UPI,Delivered
54817,1950,2024-04-26,Credit Card,Delivered
54818,1483,2024-10-13,Cash on Delivery,Processing
54819,1714,2024-06-08,Debit Card,Delivered
54820,1246,2024-05-20,Debit Card,Delivered
54821,1096,2025-10-27,Net Banking,Cancelled
54822,1885,2025-03-10,Cash on Delivery,Delivered
54823,1450,2024-01-11,UPI,Delivered
54824,1139,2024-03-15,UPI,Delivered
54825,1659,2025-08-17,Credit Card,Returned
54826,1055,2024-07-16,Cash on Delivery,Delivered
54827,1451,2024-04-21,Credit Card,Delivered
54828,1705,2025-04-30,UPI,Delivered
54829,1721,2025-09-03,Credit Card,Shipped
54830,1454,2024-10-17,UPI,Delivered
54831,1370,2025-06-26,UPI,Cancelled
54832,1839,2024-11-03,UPI,Delivered
54833,1185,2024-03-20,UPI,Delivered
54834,1075,2025-08-05,Debit Card,Delivered
54835,1157,2025-11-01,UPI,Processing
54836,1802,2025-12-19,UPI,Delivered
54837,1470,2024-03-14,Credit Card,Delivered
54838,1038,2025-02-16,UPI,Delivered
54839,1169,2025-03-31,Credit Card,Delivered
54840,1029,2024-02-27,UPI,Delivered
54841,1815,2025-11-25,UPI,Delivered
54842,1462,2024-03-16,Debit Card,Delivered
54843,1069,2024-07-15,UPI,Delivered
54844,1222,2025-12-08,UPI,Delivered
54845,1617,2025-02-09,UPI,Delivered
54846,1594,2025-05-10,UPI,Shipped
54847,1820,2024-12-26,UPI,Delivered
54848,1026,2025-07-03,UPI,Delivered
54849,1070,2024-02-29,UPI,Delivered
54850,1036,2025-05-08,UPI,Delivered
54851,1395,2024-02-18,Net Banking,Delivered
54852,1728,2024-05-11,UPI,Delivered
54853,1664,2025-01-04,UPI,Cancelled
54854,1211,2024-11-23,Credit Card,Delivered
54855,1658,2024-04-21,UPI,Delivered
54856,1657,2025-08-05,Debit Card,Delivered
54857,1192,2024-08-08,UPI,Delivered
54858,1750,2025-09-24,Credit Card,Delivered
54859,1423,2024-01-11,Cash on Delivery,Processing
54860,1060,2024-06-22,UPI,Shipped
54861,1391,2024-08-04,UPI,Delivered
54862,1770,2025-03-11,Debit Card,Delivered
54863,1697,2024-10-19,Cash on Delivery,Delivered
54864,1269,2024-04-24,Credit Card,Delivered
54865,1757,2025-02-20,Debit Card,Delivered
54866,1390,2025-11-30,UPI,Processing
54867,1461,2024-04-07,Debit Card,Delivered
54868,1087,2024-07-03,UPI,Delivered
54869,1998,2024-12-15,Debit Card,Delivered
54870,1839,2025-06-14,UPI,Delivered
54871,1195,2024-04-09,Credit Card,Cancelled
54872,1561,2024-06-17,UPI,Shipped
54873,1781,2024-06-20,Debit Card,Shipped
54874,1505,2025-03-25,Debit Card,Shipped
54875,1211,2024-03-01,Net Banking,Delivered
54876,1969,2025-04-26,Cash on Delivery,Delivered
54877,1269,2024-11-06,Credit Card,Delivered
54878,1335,2024-08-27,Debit Card,Delivered
54879,1372,2025-09-21,UPI,Delivered
54880,1891,2025-08-20,Cash on Delivery,Delivered
54881,1501,2025-08-09,Debit Card,Processing
54882,1720,2025-10-08,Credit Card,Delivered
54883,1902,2024-06-19,Credit Card,Processing
54884,1929,2025-09-16,Debit Card,Cancelled
54885,1857,2024-05-08,Net Banking,Cancelled
54886,1908,2024-08-29,Net Banking,Delivered
54887,1949,2025-02-09,Credit Card,Delivered
54888,1992,2025-06-27,UPI,Delivered
54889,1644,2025-02-25,Cash on Delivery,Delivered
54890,1132,2025-02-12,Debit Card,Delivered
54891,1114,2024-10-01,Credit Card,Delivered
54892,1797,2025-03-08,Credit Card,Delivered
54893,1317,2024-12-12,Debit Card,Delivered
54894,1805,2024-12-14,Debit Card,Cancelled
54895,1935,2025-03-03,Credit Card,Delivered
54896,1645,2025-03-14,Net Banking,Cancelled
54897,1765,2024-08-28,Net Banking,Delivered
54898,1279,2024-04-09,Credit Card,Delivered
54899,1435,2024-08-06,UPI,Delivered
54900,1966,2024-10-25,Credit Card,Delivered
54901,1817,2024-04-27,Debit Card,Delivered
54902,1205,2024-05-09,Credit Card,Shipped
54903,1937,2025-11-25,Cash on Delivery,Cancelled
54904,1500,2024-07-23,UPI,Delivered
54905,1844,2025-06-23,UPI,Delivered
54906,1522,2024-04-03,Net Banking,Delivered
54907,1604,2025-12-10,Cash on Delivery,Delivered
54908,1162,2024-06-04,Credit Card,Delivered
54909,1339,2024-10-14,UPI,Delivered
54910,1723,2025-07-24,Credit Card,Delivered
54911,1843,2024-05-27,Credit Card,Delivered
54912,1089,2025-02-05,Credit Card,Delivered
54913,1077,2025-07-27,UPI,Delivered
54914,1694,2024-01-18,UPI,Delivered
54915,1448,2024-01-19,Debit Card,Delivered
54916,1849,2025-07-29,Debit Card,Delivered
54917,1069,2024-07-10,Debit Card,Delivered
54918,1350,2025-10-25,UPI,Processing
54919,1036,2025-11-07,UPI,Delivered
54920,1710,2025-10-04,UPI,Processing
54921,1858,2025-12-28,Cash on Delivery,Delivered
54922,1157,2025-08-23,Credit Card,Delivered
54923,1324,2024-10-06,Debit Card,Delivered
54924,1846,2025-12-25,Credit Card,Delivered
54925,1042,2024-09-09,Net Banking,Delivered
54926,1953,2025-03-04,UPI,Delivered
54927,1887,2024-01-05,Credit Card,Delivered
54928,1153,2025-12-03,Net Banking,Delivered
54929,1139,2025-03-08,UPI,Delivered
54930,1692,2025-11-23,Credit Card,Delivered
54931,1011,2024-09-14,Credit Card,Delivered
54932,1506,2024-08-16,Cash on Delivery,Cancelled
54933,1066,2025-01-16,Debit Card,Delivered
54934,1532,2025-09-22,UPI,Delivered
54935,1351,2025-02-04,Net Banking,Delivered
54936,1707,2025-08-01,Debit Card,Delivered
54937,1881,2024-06-05,Credit Card,Delivered
54938,1489,2025-07-20,UPI,Delivered
54939,1642,2025-06-18,UPI,Returned
54940,1601,2025-10-16,Debit Card,Processing
54941,1985,2024-02-12,Credit Card,Delivered
54942,1231,2024-10-07,Net Banking,Cancelled
54943,1239,2024-03-05,UPI,Delivered
54944,1379,2024-10-19,Debit Card,Returned
54945,1737,2025-07-07,UPI,Delivered
54946,1866,2025-04-12,Debit Card,Returned
54947,1279,2025-07-03,UPI,Delivered
54948,1110,2025-06-22,Credit Card,Delivered
54949,1609,2025-12-25,UPI,Cancelled
54950,1598,2025-10-04,Debit Card,Delivered
54951,1375,2025-03-03,UPI,Delivered
54952,1185,2025-10-01,Debit Card,Delivered
54953,1850,2024-02-04,UPI,Delivered
54954,1847,2025-06-10,Credit Card,Delivered
54955,1748,2025-01-16,Credit Card,Delivered
54956,1580,2025-11-29,UPI,Delivered
54957,1262,2025-01-02,UPI,Shipped
54958,1404,2024-05-10,UPI,Delivered
54959,1069,2025-06-12,Debit Card,Shipped
54960,1250,2025-11-24,Cash on Delivery,Delivered
54961,1451,2024-01-12,UPI,Delivered
54962,1437,2024-02-16,Debit Card,Delivered
54963,1081,2025-04-27,Debit Card,Processing
54964,1958,2025-02-09,Debit Card,Delivered
54965,1269,2025-02-04,Credit Card,Delivered
54966,1510,2024-03-06,Cash on Delivery,Processing
54967,1466,2025-02-21,Credit Card,Delivered
54968,1470,2025-02-18,Net Banking,Delivered
54969,1846,2025-09-11,UPI,Delivered
54970,1747,2024-10-11,Net Banking,Shipped
54971,1868,2024-09-10,Cash on Delivery,Delivered
54972,1380,2024-02-29,Cash on Delivery,Delivered
54973,1266,2025-02-17,UPI,Shipped
54974,1428,2025-04-18,Net Banking,Delivered
54975,1562,2024-07-23,UPI,Delivered
54976,1337,2025-06-17,Debit Card,Delivered
54977,1461,2025-11-15,UPI,Delivered
54978,1151,2024-05-07,Debit Card,Delivered
54979,1584,2025-02-22,Credit Card,Delivered
54980,1714,2025-05-21,UPI,Delivered
54981,1528,2024-01-14,UPI,Processing
54982,1874,2024-05-10,UPI,Shipped
54983,1996,2024-10-15,Credit Card,Shipped
54984,1906,2024-04-10,Net Banking,Delivered
54985,1093,2024-09-16,Debit Card,Delivered
54986,1881,2024-04-17,Net Banking,Delivered
54987,1334,2025-10-16,Net Banking,Delivered
54988,1452,2025-03-13,UPI,Delivered
54989,1412,2024-08-28,Credit Card,Delivered
54990,1285,2025-07-22,Credit Card,Delivered
54991,1878,2024-01-14,UPI,Delivered
54992,1638,2025-03-11,Credit Card,Delivered
54993,1967,2025-05-13,Debit Card,Delivered
54994,1955,2025-08-13,Debit Card,Delivered
54995,1420,2024-06-11,Debit Card,Delivered
54996,1728,2025-03-07,UPI,Delivered
54997,1503,2025-07-14,Debit Card,Processing
54998,1495,2025-08-05,UPI,Processing
54999,1740,2024-05-08,Net Banking,Cancelled
55000,1689,2025-12-13,UPI,Delivered
